ending,family,family_weight_within_ending,descents,ess,share_extrapolated,minutes_p05,minutes_p50,minutes_p95,from_start_nm_p05,from_start_nm_p50,from_start_nm_p95,beyond_arc_nm_p05,beyond_arc_nm_p50,beyond_arc_nm_p95,along_arc_nm_p05,along_arc_nm_p50,along_arc_nm_p95,ke_total_gj_p05,ke_total_gj_p50,ke_total_gj_p95,impact_sink_fpm_p05,impact_sink_fpm_p50,impact_sink_fpm_p95
exhausted-before-logon,normal-law,0.309,1012,95.2,0.0,12.91,20.89,28.47,7.67,17.76,95.85,-7.72,0.59,70.94,-41.13,9.54,41.08,0.99,1.48,2.14,726.87,2135.83,8102.55
exhausted-before-logon,stick-fixed,0.205,842,67.3,0.486,2.59,7.5,17.38,0.77,8.0,20.18,-4.44,-0.6,5.81,-3.81,1.08,5.24,1.43,2.63,9.66,2150.26,3404.6,36128.91
exhausted-before-logon,glide,0.176,1012,92.2,0.0,16.97,22.36,28.23,36.07,96.63,123.45,-79.26,61.61,100.03,-83.51,-48.99,68.21,0.92,1.25,1.51,1005.91,1194.88,1440.94
exhausted-before-logon,ditching,0.193,1012,97.1,0.0,24.77,28.37,31.86,40.0,96.18,131.17,-55.79,66.5,98.35,-88.72,-48.93,63.32,0.54,0.7,0.87,116.14,438.98,775.59
exhausted-before-logon,dive,0.118,919,67.0,0.836,2.78,6.43,10.26,19.47,38.34,62.94,3.36,21.58,41.19,-27.8,-15.91,0.22,6.8,9.74,10.69,14242.71,36926.06,55259.02
exhausted-after-logon,normal-law,0.252,1024,860.6,0.0,12.73,22.18,28.41,7.46,15.85,100.46,33.5,201.44,352.12,-224.78,-119.82,-1.52,1.04,1.47,2.16,908.23,2269.69,11174.44
exhausted-after-logon,stick-fixed,0.251,1003,813.8,0.521,-8.26,6.14,15.16,0.0,5.57,14.71,5.18,168.17,323.14,-220.12,-110.56,-1.17,1.31,2.79,10.66,1791.82,3816.93,56062.84
exhausted-after-logon,glide,0.165,1024,863.0,0.0,17.45,22.35,28.0,31.48,95.04,128.26,58.13,231.59,400.29,-278.03,-163.77,-13.24,0.91,1.2,1.53,1021.65,1194.88,1450.79
exhausted-after-logon,ditching,0.166,1024,854.5,0.0,24.71,28.05,31.66,28.0,96.94,129.94,42.42,232.0,396.91,-280.03,-157.31,-8.71,0.37,0.72,0.88,158.08,517.52,806.37
exhausted-after-logon,dive,0.166,1024,872.9,0.851,1.82,6.32,10.47,12.56,37.85,60.92,48.08,211.14,354.71,-242.46,-140.66,-30.01,6.26,9.72,10.62,12130.75,37890.33,57516.74
powered-impact,powered-upset,0.433,661,381.4,0.975,1.6,2.75,24.3,7.22,13.31,24.33,1.17,138.82,303.02,-208.11,-94.0,-0.44,2.63,9.83,11.29,433.79,31670.98,62887.51
powered-impact,powered-dive,0.261,1006,932.5,1.0,0.85,1.25,2.73,6.15,10.33,23.1,18.38,165.89,324.54,-218.09,-110.94,-8.13,9.33,10.27,11.12,14392.57,41498.99,60019.1
powered-impact,powered-descent,0.19,761,598.8,0.0,17.22,25.44,38.27,39.36,120.67,194.18,-30.13,148.5,293.6,-210.44,-102.52,53.62,1.19,1.7,2.31,828.74,1051.18,1442.91
powered-impact,powered-ditching,0.117,480,378.2,0.0,31.32,36.87,47.99,35.17,127.16,190.67,-70.01,111.63,224.02,-164.0,-75.31,83.41,0.5,0.72,0.88,169.61,488.51,762.34
