cell_id,latitude_deg,longitude_deg,prior_weight,debris_log_compatibility,conditional_isotope_log_compatibility,combined_log_weight,normalized_weight,importance_weighted_terminated_fraction,proposal_terminated_fraction,status,flaperon_arrival_ess,minimum_recovery_ess,non_recovery_landfall_probability,non_recovery_unresolved_probability,non_recovery_log_compatibility,isotope_compatible_paths,isotope_marginal_paths,isotope_rejected_paths,isotope_missing_coverage_paths,correction_weight_ess,mean_correction_weight
arc-116,-10.047515869141,107.740554809570,1.29870129870129879e-2,-8.20640761361088806e1,-2.28705943072808400e-13,-8.64078815579627957e1,5.96626308248461939e-8,0.765510401,0.673295455,Supported,16.982679635,11.249531002,0.000000000,1.758789062,-0.879394531,502,103,19,27,485.540141989,1.111538564
arc-117,-10.670593261719,107.611831665039,1.29870129870129879e-2,-7.76253089370994047e1,-2.63122856836165571e-14,-8.19691143589531208e1,5.05166451093811150e-6,0.753870411,0.675514915,Supported,53.389898469,6.275431473,0.000000000,1.736328125,-0.868164062,415,49,33,183,498.031521795,1.016379641
arc-118,-11.292083740234,107.475448608398,1.29870129870129879e-2,-9.04995611925647125e1,0.00000000000000000e0,-9.48433666144184002e1,1.29484501002488940e-11,0.774995872,0.687411222,Supported,82.381022098,1.945554114,0.000000000,1.746093750,-0.873046875,403,54,50,166,495.455976602,1.007065678
arc-119,-11.911895751953,107.331329345703,1.29870129870129879e-2,-8.28111463020317728e1,0.00000000000000000e0,-8.71549517238854605e1,2.82653227606693476e-8,0.754789641,0.679066051,Supported,106.952785534,12.110798689,0.000000000,1.752929688,-0.876464844,387,52,48,207,478.791876043,1.050731110
arc-120,-12.529937744141,107.179428100586,1.29870129870129879e-2,-8.01663903665927933e1,0.00000000000000000e0,-8.45101957884464809e1,3.97975977170325129e-7,0.757268321,0.692294034,Supported,21.003647281,7.895995464,0.000000000,1.738281250,-0.869140625,558,46,19,67,497.023738209,1.068069990
arc-121,-13.146118164062,107.019653320313,1.29870129870129879e-2,-9.10403507524806059e1,0.00000000000000000e0,-9.53841561743342936e1,7.53973124653177925e-12,0.740757364,0.687677557,Supported,80.843822845,1.119515541,0.000000000,1.741210938,-0.870605469,453,50,23,190,489.870100365,0.876827183
arc-122,-13.760314941406,106.851959228516,1.29870129870129879e-2,-8.79096875090824312e1,-2.34257058195910775e-14,-9.22534929309361473e1,1.72578081612512365e-10,0.732491491,0.699573864,Supported,89.780685106,1.953285302,0.000000000,1.735351562,-0.867675781,568,34,31,49,495.977798487,0.986441165
arc-123,-14.372436523438,106.676254272461,1.29870129870129879e-2,-9.03897331988006130e1,-1.43107747874192927e-13,-9.47335386206544428e1,1.44515849168168190e-11,0.738097825,0.696466619,Supported,39.202414231,3.198596202,0.000000000,1.724609375,-0.862304688,481,43,21,189,496.158136726,0.962028018
arc-124,-14.982391357422,106.492492675781,1.29870129870129879e-2,-8.99296707281361734e1,-5.07371922253709413e-14,-9.42734761499899179e1,2.28938098555117678e-11,0.741151833,0.698774858,Supported,76.853289780,5.483493001,0.000000000,1.745117188,-0.872558594,435,36,25,277,485.682726966,1.018055872
arc-125,-15.590057373047,106.300567626953,1.29870129870129879e-2,-9.73615169054436507e1,-1.15563114633299308e-12,-1.01705322327298489e2,1.35552735529061257e-14,0.730655165,0.691495028,Supported,16.174248280,6.972959577,0.000000000,1.725585938,-0.862792969,529,77,25,141,493.794723508,0.903789675
arc-126,-16.195343017578,106.100402832031,1.29870129870129879e-2,-8.45335412939979847e1,-2.98649993624171590e-14,-8.88773467158517008e1,5.04925504815510730e-9,0.728432765,0.683593750,Supported,13.543955684,2.934758364,0.000000000,1.748046875,-0.874023438,544,57,27,136,491.683254755,0.951131615
arc-127,-16.798156738281,105.891921997070,1.29870129870129879e-2,-8.81568513803534017e1,0.00000000000000000e0,-9.25006568022070894e1,1.34785673049712764e-10,0.735066466,0.687056108,Supported,76.493033105,2.913811119,0.000000000,1.729492188,-0.864746094,395,76,32,216,495.020140751,0.977726380
arc-128,-17.398376464844,105.675033569336,1.29870129870129879e-2,-8.90525328393828062e1,0.00000000000000000e0,-9.33963382612364938e1,5.50369319996668443e-11,0.733265352,0.673117898,Supported,78.177965245,2.038416090,0.000000000,1.754882812,-0.877441406,600,78,20,38,498.505172688,1.034494492
arc-129,-17.995880126953,105.449661254883,1.29870129870129879e-2,-9.23362657501712931e1,0.00000000000000000e0,-9.66800711720249808e1,2.06322757364090075e-12,0.751468999,0.714399858,Supported,30.861299731,8.173957869,0.000000000,1.760742188,-0.880371094,452,98,21,86,499.351196549,1.164397654
arc-130,-18.590545654297,105.215682983398,1.29870129870129879e-2,-8.90863433216422180e1,-1.53654866608133479e-13,-9.34301487434960620e1,5.32072129288583863e-11,0.746849705,0.704989347,Supported,38.540167561,4.987794520,0.000000000,1.737304688,-0.868652344,366,110,55,125,493.191439825,0.980552457
arc-131,-19.182281494141,104.973037719727,1.29870129870129879e-2,-9.16155755045809883e1,-2.22044604925031357e-16,-9.59593809264346760e1,4.24169004603300688e-12,0.762017492,0.716530540,Supported,74.649168562,6.073681038,0.000000000,1.717773438,-0.858886719,254,135,39,172,499.762086839,0.992951889
arc-132,-19.770996093750,104.721603393555,1.29870129870129879e-2,-9.10677517033635695e1,-1.23234755733399974e-13,-9.54115571252173851e1,7.33594022542471733e-12,0.774947962,0.713334517,Supported,97.838960482,1.705616426,0.000000000,1.763671875,-0.881835938,404,120,41,118,491.376339866,0.920556719
arc-133,-20.356506347656,104.461288452148,1.29870129870129879e-2,-8.44724880431411123e1,0.00000000000000000e0,-8.88162934649947999e1,5.36713350498698892e-9,0.751201009,0.692471591,Supported,45.621238380,4.904900014,0.000000000,1.742187500,-0.871093750,449,123,44,100,495.716185214,0.987171065
arc-134,-20.938751220703,104.191970825195,1.29870129870129879e-2,-8.13729464510777518e1,0.00000000000000000e0,-8.57167518729314395e1,1.19084766148739140e-7,0.761263885,0.711470170,Supported,22.690279358,15.113196137,0.000000000,1.760742188,-0.880371094,257,136,57,250,490.354242539,0.923217970
arc-135,-21.517578125000,103.913574218750,1.29870129870129879e-2,-7.90734391220778150e1,-4.44089209850062715e-16,-8.34172445439315027e1,1.18718814788077210e-6,0.759318578,0.689719460,Supported,24.636346328,3.219061930,0.000000000,1.746093750,-0.873046875,484,133,63,41,494.714123616,1.000653469
arc-136,-22.092834472656,103.625976562500,1.29870129870129879e-2,-8.06047888878627958e1,-1.33226762955018883e-15,-8.49485943097164835e1,2.56721829527409673e-7,0.755841089,0.710493608,Supported,77.324236240,22.398301276,0.000000000,1.734375000,-0.867187500,427,151,51,87,492.311485325,0.953556351
arc-137,-22.664459228516,103.329086303711,1.29870129870129879e-2,-8.15403767547220752e1,0.00000000000000000e0,-8.58841821765757629e1,1.00726130683506652e-7,0.726946086,0.686257102,Supported,20.791691326,2.266332153,0.000000000,1.749023438,-0.874511719,532,127,21,15,489.446154402,0.888657093
arc-138,-23.232269287109,103.022766113281,1.29870129870129879e-2,-7.89291227263339437e1,0.00000000000000000e0,-8.32729281481876313e1,1.37149859349377320e-6,0.747092166,0.694335938,Supported,59.399492640,6.575196145,0.000000000,1.740234375,-0.870117188,448,127,21,124,490.577188278,1.113104939
arc-139,-23.796142578125,102.706909179688,1.29870129870129879e-2,-7.51248196538260515e1,-3.64304493524144266e-6,-7.94686287187246734e1,6.15717668633635249e-5,0.746311354,0.709250710,Supported,63.470006754,14.513627690,0.000000000,1.738281250,-0.869140625,401,183,32,117,503.717407004,0.926543613
arc-140,-24.355957031250,102.381408691406,1.29870129870129879e-2,-8.82612782226245258e1,0.00000000000000000e0,-9.26050836444782135e1,1.21420419851944586e-10,0.747504680,0.710848722,Supported,18.605677661,3.806940932,0.000000000,1.725585938,-0.862792969,507,180,14,52,501.547008189,1.051724757
arc-141,-24.911560058594,102.046142578125,1.29870129870129879e-2,-7.28631656795948572e1,0.00000000000000000e0,-7.72069711014485449e1,5.91026616404860886e-4,0.721967989,0.703657670,Supported,29.982249632,29.982249632,0.000000000,1.700195312,-0.850097656,449,165,17,131,484.047450508,0.965811710
arc-142,-25.462829589844,101.701004028320,1.29870129870129879e-2,-7.63814534682764474e1,0.00000000000000000e0,-8.07252588901301351e1,1.75240331900807838e-5,0.698484741,0.693181818,Supported,33.236454376,7.512440050,0.000000000,1.695312500,-0.847656250,507,101,22,156,486.170522234,1.010780519
arc-143,-26.009582519531,101.345870971680,1.29870129870129879e-2,-7.09940388370551290e1,-6.32827124036341200e-15,-7.53378442589088166e1,3.83140898279972541e-3,0.711320533,0.703657670,Supported,27.028543824,13.892042288,0.000000000,1.719726562,-0.859863281,682,66,21,15,488.124348428,0.967123254
arc-144,-26.551727294922,100.980636596680,1.29870129870129879e-2,-7.37615060010281383e1,-1.48436818392394436e-13,-7.81053114228819680e1,2.40692631416282411e-4,0.756462298,0.725674716,Supported,9.189079458,7.576727359,0.000000000,1.723632812,-0.861816406,597,128,14,37,486.986731886,0.912578943
arc-145,-27.089050292969,100.605163574219,1.29870129870129879e-2,-7.81034503652033578e1,0.00000000000000000e0,-8.24472557870570455e1,3.13170118660546114e-6,0.731731622,0.734463778,Supported,58.740922165,1.391489739,0.000000000,1.736328125,-0.868164062,595,98,6,121,498.013666516,0.952205886
arc-146,-27.621459960938,100.219345092773,1.29870129870129879e-2,-8.07043912925670526e1,0.00000000000000000e0,-8.50481967144207402e1,2.32383893760591363e-7,0.739414130,0.732244318,Supported,40.412905831,5.530125269,0.000000000,1.732421875,-0.866210938,644,39,0,113,490.229522958,0.987815030
arc-147,-28.148742675781,99.823074340820,1.29870129870129879e-2,-8.15984539248912881e1,0.00000000000000000e0,-8.59422593467449758e1,9.50428731673897531e-8,0.734109623,0.735440341,Supported,49.837805452,10.614174048,0.000000000,1.744140625,-0.872070312,601,66,13,117,499.313140496,0.955647022
arc-148,-28.670776367188,99.416213989258,1.29870129870129879e-2,-8.10643593813313146e1,0.00000000000000000e0,-8.54081648031850023e1,1.62133915048002625e-7,0.683964068,0.711026278,Supported,36.062690095,20.479702677,0.000000000,1.705078125,-0.852539062,661,32,7,128,489.873335168,1.010752131
arc-149,-29.187377929688,98.998672485352,1.29870129870129879e-2,-7.60998621391236583e1,0.00000000000000000e0,-8.04436675609773459e1,2.32234975857538073e-5,0.703904209,0.729225852,Supported,59.024242736,8.240262370,0.000000000,1.673828125,-0.836914062,683,34,4,126,494.871958952,0.963174131
arc-150,-29.698425292969,98.570327758789,1.29870129870129879e-2,-7.51877133225962950e1,0.00000000000000000e0,-7.95315187444499827e1,5.78187668871888241e-5,0.730206270,0.757279830,Supported,55.619123917,7.659769591,0.000000000,1.700195312,-0.850097656,630,20,1,177,496.877108353,0.978393941
arc-151,-30.203674316406,98.131072998047,1.29870129870129879e-2,-8.22690731679725786e1,0.00000000000000000e0,-8.66128785898262663e1,4.86041463550340682e-8,0.736984144,0.769176136,Supported,37.699403837,2.067733001,0.000000000,1.727539062,-0.863769531,519,34,3,266,497.060591247,1.041112967
arc-152,-30.703033447266,97.680801391602,1.29870129870129879e-2,-8.00701838384637483e1,0.00000000000000000e0,-8.44139892603174360e1,4.38166148412841491e-7,0.743679417,0.764026989,Supported,55.114689828,9.728606636,0.000000000,1.716796875,-0.858398438,634,12,3,193,491.618369630,0.989359458
arc-153,-31.196258544922,97.219406127930,1.29870129870129879e-2,-7.77758470191456155e1,0.00000000000000000e0,-8.21196524409993032e1,4.34566898311076353e-6,0.742918098,0.770330256,Supported,70.143406205,6.251958704,0.000000000,1.708984375,-0.854492188,542,13,1,295,499.643376749,0.931015962
arc-154,-31.683227539062,96.746795654297,1.29870129870129879e-2,-7.61632419748710419e1,0.00000000000000000e0,-8.05070473967247295e1,2.17972705392308542e-5,0.724294885,0.773082386,Supported,81.771504694,8.903066085,0.000000000,1.712890625,-0.856445312,525,22,2,342,498.230932663,1.042432174
arc-155,-32.163726806641,96.262878417969,1.29870129870129879e-2,-7.84078514769572905e1,0.00000000000000000e0,-8.27516568988109782e1,2.30983306398135890e-6,0.727078472,0.785511364,Supported,96.784754387,4.979033668,0.000000000,1.727539062,-0.863769531,533,5,0,346,493.237805382,0.984034272
arc-156,-32.637573242188,95.767547607422,1.29870129870129879e-2,-8.01771192210993036e1,0.00000000000000000e0,-8.45209246429529912e1,3.93728974290871699e-7,0.699557277,0.751065341,Supported,106.085553180,2.659924530,0.000000000,1.733398438,-0.866699219,585,15,0,279,474.876664539,0.947141368
arc-157,-33.104583740234,95.260742187500,1.29870129870129879e-2,-7.23665442135943238e1,0.00000000000000000e0,-7.67103496354480114e1,9.71151536683353858e-4,0.723061040,0.781693892,Supported,126.290008351,7.352526895,0.000000000,1.732421875,-0.866210938,345,11,4,532,498.551034749,0.956322240
arc-158,-33.564575195312,94.742355346680,1.29870129870129879e-2,-7.74172208028652022e1,0.00000000000000000e0,-8.17610262247188899e1,6.22022406453678449e-6,0.698412483,0.753995028,Supported,90.700393180,6.317129476,0.000000000,1.709960938,-0.854980469,485,15,0,326,515.342533160,1.116279244
arc-159,-34.017364501953,94.212356567383,1.29870129870129879e-2,-7.83532739144247330e1,0.00000000000000000e0,-8.26970793362784207e1,2.43940173283611493e-6,0.721559157,0.770152699,Supported,94.375916171,6.992013124,0.000000000,1.744140625,-0.872070312,422,9,0,406,500.991701279,1.011079030
arc-160,-34.462738037109,93.670654296875,1.29870129870129879e-2,-7.75098867863174803e1,0.00000000000000000e0,-8.18536922081711680e1,5.66972120245231278e-6,0.734229394,0.762606534,Supported,147.627473417,3.955773448,0.000000000,1.779296875,-0.889648438,528,4,0,299,498.125061896,0.967663586
arc-161,-34.900482177734,93.117218017578,1.29870129870129879e-2,-7.77829292924302962e1,0.00000000000000000e0,-8.21267347142839839e1,4.31500049725720641e-6,0.760271847,0.795188210,Supported,92.124707169,1.010107124,0.000000000,1.785156250,-0.892578125,511,3,0,349,496.446090184,0.948881669
arc-162,-35.330444335938,92.552001953125,1.29870129870129879e-2,-8.31562481407171958e1,0.00000000000000000e0,-8.75000535625708835e1,2.00160383656102979e-8,0.733153665,0.777787642,Supported,99.826936693,2.179492818,0.000000000,1.792968750,-0.896484375,523,9,0,353,466.371135974,0.986562313
arc-163,-35.752380371094,91.974960327148,1.29870129870129879e-2,-7.96753508373381152e1,0.00000000000000000e0,-8.40191562591918029e1,6.50298295548902445e-7,0.755024822,0.791814631,Supported,91.140181759,1.857259336,0.000000000,1.789062500,-0.894531250,482,6,0,392,478.157573306,0.974555312
arc-164,-36.166076660156,91.386077880859,1.29870129870129879e-2,-8.28919558975283337e1,0.00000000000000000e0,-8.72357613193820214e1,2.60710659123355444e-8,0.779472373,0.811612216,Supported,152.405355442,1.436773153,0.000000000,1.816406250,-0.908203125,396,0,0,432,500.548721949,0.959106549
arc-165,-36.571380615234,90.785354614258,1.29870129870129879e-2,-6.54436350655703620e1,0.00000000000000000e0,-6.97874404874240497e1,9.85980312783610646e-1,0.764441390,0.794921875,Supported,182.288224051,3.914066470,0.000000000,1.820312500,-0.910156250,386,6,0,457,497.503030819,1.009354104
arc-166,-36.968017578125,90.172805786133,1.29870129870129879e-2,-7.58670030222127707e1,0.00000000000000000e0,-8.02108084440664584e1,2.93127832710848803e-5,0.771799570,0.799715909,Supported,100.987041329,1.155010439,0.000000000,1.799804688,-0.899902344,394,1,0,447,512.928588222,1.026187679
arc-167,-37.355834960938,89.548431396484,1.29870129870129879e-2,-8.88897221427046276e1,0.00000000000000000e0,-9.32335275645583152e1,6.47682262505372748e-11,0.790102639,0.821289062,Supported,94.061060747,1.000000000,0.000000000,1.836914062,-0.918457031,355,0,0,511,492.251524160,0.864728986
arc-168,-37.734588623047,88.912277221680,1.29870129870129879e-2,-8.50646254705411309e1,0.00000000000000000e0,-8.94084308923948186e1,2.96879616989911253e-9,0.800677586,0.818359375,Supported,262.851883874,2.712196189,0.000000000,1.839843750,-0.919921875,491,0,0,392,477.011672827,1.008456419
arc-169,-38.104064941406,88.264389038086,1.29870129870129879e-2,-7.42115535144700829e1,0.00000000000000000e0,-7.85553589363237705e1,1.53465105850340817e-4,0.800671454,0.818093040,Supported,143.227574098,1.000004005,0.000000000,1.871093750,-0.935546875,436,0,0,393,483.223439083,0.998794922
arc-170,-38.464080810547,87.604827880859,1.29870129870129879e-2,-7.70495724061332226e1,0.00000000000000000e0,-8.13933778279869102e1,8.98408183235428873e-6,0.819784643,0.831054688,Supported,183.906966393,1.082704566,0.000000000,1.885742188,-0.942871094,483,0,0,356,438.560220495,1.019036346
arc-171,-38.814392089844,86.933700561523,1.29870129870129879e-2,-8.26176907769533813e1,0.00000000000000000e0,-8.69614961988070689e1,3.42981437363491169e-8,0.811394324,0.830255682,Supported,146.622718567,4.651702238,0.000000000,1.877929688,-0.938964844,352,2,0,431,478.888891469,1.029959756
arc-172,-39.154785156250,86.251113891602,1.29870129870129879e-2,-8.00286066828455773e1,0.00000000000000000e0,-8.43724121046992650e1,4.56767874385552242e-7,0.802731578,0.820134943,Supported,228.608000663,1.000136407,0.000000000,1.879882812,-0.939941406,391,0,0,467,424.752054201,0.950566967
arc-173,-39.485076904297,85.557159423828,1.29870129870129879e-2,-7.77666007190233586e1,0.00000000000000000e0,-8.21104061408770463e1,4.38603668108647655e-6,0.831090467,0.846324574,Supported,143.678762913,2.119213710,0.000000000,1.900390625,-0.950195312,362,0,0,390,445.316909535,1.043033070
arc-174,-39.805053710938,84.852005004883,1.29870129870129879e-2,-7.63230480659017729e1,0.00000000000000000e0,-8.06668534877554606e1,1.85780108000966440e-5,0.849141969,0.859019886,Supported,211.089627126,1.296516604,0.000000000,1.933593750,-0.966796875,326,2,0,490,450.006017439,0.889445571
arc-175,-40.114471435547,84.135818481445,1.29870129870129879e-2,-7.93378647050628842e1,0.00000000000000000e0,-8.36816701269165719e1,9.11341150336145603e-7,0.873442628,0.868963068,Supported,134.509566265,3.547958095,0.000000000,1.935546875,-0.967773438,200,0,0,454,501.277772219,1.083600372
arc-176,-40.413177490234,83.408782958984,1.29870129870129879e-2,-8.20493254056311230e1,0.00000000000000000e0,-8.63931308274848107e1,6.05492210629749833e-8,0.870091200,0.862926136,Supported,143.969379401,2.003992076,0.000000000,1.922851562,-0.961425781,289,4,0,401,474.123351571,0.962062333
arc-177,-40.700897216797,82.671096801758,1.29870129870129879e-2,-7.02733682550535548e1,0.00000000000000000e0,-7.46171736769072425e1,7.87665402965602099e-3,0.888666310,0.863103693,Supported,144.829410083,4.229438363,0.000000000,1.945312500,-0.972656250,198,0,0,511,485.379381314,0.979684184
arc-178,-40.977478027344,81.923004150391,1.29870129870129879e-2,-7.80430885717660345e1,0.00000000000000000e0,-8.23868939936197222e1,3.32655808199227658e-6,0.900933251,0.882191051,Supported,118.420262454,1.024805938,0.000000000,1.950195312,-0.975097656,161,2,0,454,499.018432259,1.014101372
arc-179,-41.242736816406,81.164764404297,1.29870129870129879e-2,-7.83421627360912538e1,0.00000000000000000e0,-8.26859681579449415e1,2.46665750196037011e-6,0.891212658,0.882191051,Supported,112.564316306,2.786106374,0.000000000,1.959960938,-0.979980469,136,3,5,515,497.935465130,1.033892667
arc-180,-41.496429443359,80.396652221680,1.29870129870129879e-2,-8.02638998309292617e1,0.00000000000000000e0,-8.46077052527829494e1,3.61001524118102161e-7,0.881360351,0.878462358,Supported,123.382958496,1.492542084,0.000000000,1.941406250,-0.970703125,142,4,0,532,477.946641900,1.042783370
arc-181,-41.738372802734,79.618972778320,1.29870129870129879e-2,-7.72200363018577605e1,0.00000000000000000e0,-8.15638417237114481e1,7.57603844423193211e-6,0.871507277,0.875355114,Supported,157.348251017,1.000137596,0.000000000,1.926757812,-0.963378906,180,6,0,539,491.941028937,0.975560126
arc-182,-41.968414306641,78.832031250000,1.29870129870129879e-2,-7.71177116296917973e1,0.00000000000000000e0,-8.14615170515454849e1,8.39230405957731786e-6,0.877086091,0.875443892,Supported,115.798534268,1.000048874,0.000000000,1.938476562,-0.969238281,185,5,0,552,501.681947968,0.851646929
arc-183,-42.186370849609,78.036209106445,1.29870129870129879e-2,-7.70465500057353836e1,0.00000000000000000e0,-8.13903554275890713e1,9.01127640059390262e-6,0.893746841,0.882368608,Supported,99.368016644,1.053412214,0.000000000,1.957031250,-0.978515625,190,9,0,457,490.962209055,1.069112538
arc-184,-42.392028808594,77.231872558594,1.29870129870129879e-2,-7.90420342727740746e1,0.00000000000000000e0,-8.33858396946277622e1,1.22506323053863032e-6,0.891797114,0.883256392,Supported,81.802058930,3.934568671,0.000000000,1.962890625,-0.981445312,182,10,0,492,499.169847364,0.973872502
arc-185,-42.585266113281,76.419418334961,1.29870129870129879e-2,-8.08544739475124885e1,0.00000000000000000e0,-8.51982793693661762e1,1.99998139433955562e-7,0.932347167,0.921963778,Supported,137.951540983,1.960169235,0.000000000,1.979492188,-0.989746094,94,2,4,541,512.474435585,1.020643273
arc-186,-42.765930175781,75.599258422852,1.29870129870129879e-2,-8.58226902609673488e1,0.00000000000000000e0,-9.01664956828210364e1,1.39109575594997381e-9,0.940123040,0.922496449,Supported,17.278904963,2.479706447,0.000000000,1.988281250,-0.994140625,42,10,1,542,508.763891040,1.101364016
arc-187,-42.933837890625,74.771850585938,1.29870129870129879e-2,-8.57085280548467523e1,0.00000000000000000e0,-9.00523334767004400e1,1.55932643617774242e-9,0.946641749,0.928533381,Supported,41.964756255,2.177567228,0.000000000,1.987304688,-0.993652344,84,6,0,469,487.864432452,0.996429420
arc-188,-43.088867187500,73.937637329102,1.29870129870129879e-2,-8.41875087351893967e1,0.00000000000000000e0,-8.85313141570430844e1,7.13686265695564071e-9,0.922876074,0.902965199,Supported,71.406284707,1.948015791,0.000000000,1.964843750,-0.982421875,150,0,0,416,493.271964618,0.949768589
arc-189,-43.230865478516,73.097137451172,1.29870129870129879e-2,-7.56822087498167662e1,0.00000000000000000e0,-8.00260141716704538e1,3.52624261625185319e-5,0.895664674,0.890713778,Supported,84.452674582,2.686926125,0.000000000,1.962890625,-0.981445312,176,0,2,423,488.404474056,1.022598293
arc-190,-43.359710693359,72.250823974609,1.29870129870129879e-2,-8.03358094354782963e1,0.00000000000000000e0,-8.46796148573319840e1,3.35953438916889361e-7,0.906830538,0.895596591,Supported,105.437974991,1.517019934,0.000000000,1.971679688,-0.985839844,198,3,0,409,493.373641817,1.061340647
arc-191,-43.475341796875,71.399230957031,1.29870129870129879e-2,-8.20906346193760896e1,0.00000000000000000e0,-8.64344400412297773e1,5.80989384037725291e-8,0.895271765,0.888139205,Supported,82.670549490,2.099791392,0.000000000,1.969726562,-0.984863281,141,0,2,522,497.110502580,0.898912476
arc-192,-43.577575683594,70.542922973633,1.29870129870129879e-2,-7.80454222938541591e1,0.00000000000000000e0,-8.23892277157078468e1,3.31880387152431006e-6,0.899928755,0.891335227,Supported,99.984591030,3.077853546,0.000000000,1.969726562,-0.984863281,213,0,0,413,493.488309057,0.968854498
