path	locked_sha256	capsule_source_sha256
Cargo.lock	64495d4f0c7778760260e37e99629fbf520f05d7d70cff366589d842d58be567	10e9cfff9f6976e5ca1b471d0e8eb1e71e6dbbf3763ba96d9b2cf2c607e61e34
crates/dynamics/Cargo.toml	3b74083f8ce560d4402e8b8bc61aa8bcd4f896ee8cabf026160f40b25d952095	87969c570100df0cd8242bbd32704876d0bd54eeb677c0d42801874a4b75dafe
crates/dynamics/src/environment.rs	722c0c49e987ce08051ae14f31d2ae5538660e3df5b5700e07ff1123c27e964c	93bc2a2c98be2f226c2d5de56a086407dbbf4517c6f5289ce413f3278063aa51
crates/dynamics/src/lib.rs	8139c66a6063a9edf1f9fd0a9993524da02730a1b3ae008e5a798b54dbcf559f	bd60ac7c1f725a06b80097a4bfbba61cefded883a8e909bfd7555577e3483521
crates/end-of-flight/src/lib.rs	07a596a05904d3bbb1daac6496bc1fa6afa4ec739b955166f730d1d456890248	77ba755e224f3ad8911dedde24445cbfcbbe301233b328755316102bb70b33e3
crates/estimator/Cargo.toml	e8dc57c74ce3c5ed8bcf139a9633634713acbaefdcd719d14f70a78a28e78b9d	e3c5bdbdfd00f01f62f0b77490e06114e1cfae37e3655db27c8ee2df01c7776e
crates/estimator/src/lib.rs	e2b71ab83768db6aa6a2138aac5a7ecaa2ce654f585bd44ed7425478069a1f9d	3b911b65030214ce8dd4f3ccd0102023bffe89215a1faf59ca15673c59bf796a
crates/particle-filter/src/config.rs	688ee56ded7190a23635ba6ba9fc4d649504614b25dbb49b47ca183046d5c8c8	9aaf730877e7cc939f82079dce0ef23e9f59ef62015b83adc585e3b2c3a4a6ec
crates/particle-filter/src/filter.rs	57fd1e8ffefecd83a853656c579c5032f5ba7971e9923283687bed224312fefc	e70e474c40d52b4aa23d121a93767d4701d1387f11b61caab6c983d138454b87
crates/particle-filter/src/lib.rs	93c435f5c9fb8ee2e5a870478c46d83233863c3eed46a6720af70f8a4f11212b	a7900a9ebcf3325f5df76ced087300dcc6306044d5937cba9b72d9f336f33926
crates/particle-filter/src/model.rs	ef978e47a86627b0cb036ef254d671433c68b1adae576811ff64a680a5149e3c	cf7b90c375920cc9465a9da5be8635d39f45389490bff62bbc467746d0b81434
crates/particle-filter/src/resampling.rs	0e844ecc543ea3e6b19e6df50cab669d33dd4ffc9825a4956acf67662022ee35	37318cf795447fa81267420a116949e8963add5350c34f9da6452ce3507c7f62
crates/particle-filter/src/rng.rs	c99912e2676ab4b78105cedd36b0f6c1dbacefe2c4599b502217090d5accfc51	192225b693cf1366d77008d0f4a74ba9f177429363d2000ac8c3e9a4e07c228b
crates/runner/Cargo.toml	05aea484a6d1b68c971ec382d33197a472f2289c7fb5c93556299bf1e8e5bc2a	4a6816356c2e6a3457ab1b60fb1bbee59e521995152e22232678c6e1a273bf55
crates/runner/src/main.rs	b73a9bb90ff770732b18760ff0fe8fc5135e37ec1042076e556fcd4d6d1e766f	826f95260c7b8208e0db25957914ea91b829b421dde693fbb5eddbdcbbd64cbb
crates/satcom/src/lib.rs	697199e67beddcd263f4739b38daad48f98d2b0925f3f662f3a767273fb7e7b7	dda5844037e1136401a1217319ebdcb1c8516714e306e6b283cedbcd0d84f326
