latitude_deg,density_per_deg
-49.9,0.0
-49.699999999999996,0.0
-49.49999999999999,0.0
-49.29999999999999,0.0
-49.09999999999999,0.0
-48.899999999999984,0.0
-48.69999999999998,0.0
-48.49999999999998,0.0
-48.299999999999976,0.0
-48.09999999999997,0.0
-47.89999999999997,0.0
-47.69999999999997,0.0
-47.499999999999964,0.0
-47.29999999999996,0.0
-47.09999999999996,0.0
-46.899999999999956,0.0
-46.69999999999995,0.0
-46.49999999999995,0.0
-46.29999999999995,0.0
-46.099999999999945,0.0
-45.89999999999994,0.0
-45.69999999999994,0.0
-45.499999999999936,0.0
-45.29999999999993,0.0
-45.09999999999993,0.0
-44.89999999999993,0.0
-44.699999999999925,0.0
-44.49999999999992,0.0
-44.29999999999992,0.0
-44.099999999999916,0.0
-43.89999999999991,0.0
-43.69999999999991,0.0
-43.49999999999991,0.0
-43.299999999999905,0.0
-43.0999999999999,0.0
-42.8999999999999,0.0
-42.699999999999896,0.0
-42.49999999999989,0.0
-42.29999999999989,0.0
-42.09999999999989,0.0
-41.899999999999885,0.0
-41.69999999999988,0.0
-41.49999999999988,0.0
-41.299999999999876,0.0
-41.09999999999987,0.0
-40.89999999999987,0.0
-40.69999999999987,0.0
-40.499999999999865,0.0
-40.29999999999986,2.0363109352188352e-08
-40.09999999999986,2.714352643512411e-06
-39.89999999999986,2.094516874279009e-05
-39.699999999999854,0.00014006780813137474
-39.49999999999985,0.0006713899402983651
-39.29999999999985,0.002935150499868991
-39.099999999999845,0.013808701919571703
-38.89999999999984,0.04652337034874251
-38.69999999999984,0.11926212408316217
-38.49999999999984,0.23177890447277727
-38.299999999999834,0.3481402546462395
-38.09999999999983,0.4525124144998478
-37.89999999999983,0.5764211433427031
-37.699999999999825,0.6902857648932307
-37.49999999999982,0.6813020484116954
-37.29999999999982,0.5196938001685284
-37.09999999999982,0.31686268924545596
-36.899999999999814,0.17463017377873366
-36.69999999999981,0.10232774193067071
-36.49999999999981,0.06997642680297857
-36.299999999999805,0.054253524397618644
-36.0999999999998,0.04474981161319488
-35.8999999999998,0.04122658713376539
-35.6999999999998,0.044863047494804555
-35.499999999999794,0.052244961609018946
-35.29999999999979,0.0543385397075153
-35.09999999999979,0.04547655893117876
-34.899999999999785,0.030687375557296236
-34.69999999999978,0.018441131532663753
-34.49999999999978,0.011009183062681645
-34.29999999999978,0.006478805819858952
-34.099999999999774,0.0037387589558474685
-33.89999999999977,0.0022359166588960884
-33.69999999999977,0.0014553889769345057
-33.499999999999766,0.001053561769195955
-33.29999999999976,0.0009363722993012142
-33.09999999999976,0.0010397686706300833
-32.89999999999976,0.0013052409403445436
-32.699999999999754,0.0017265843937495568
-32.49999999999975,0.0021288795099716003
-32.29999999999975,0.0021664356284803532
-32.099999999999746,0.0017587085331041028
-31.899999999999743,0.0012201643386855834
-31.69999999999974,0.0008728263081236464
-31.499999999999737,0.00085676115538581
-31.299999999999734,0.0013951533869880218
-31.09999999999973,0.0029879065735190667
-30.89999999999973,0.006352255639728744
-30.699999999999726,0.0122065718796547
-30.499999999999723,0.020444484189976495
-30.29999999999972,0.029053494717407764
-30.099999999999717,0.03483832389741661
-29.899999999999714,0.03572049857667072
-29.69999999999971,0.031637309321466175
-29.49999999999971,0.023889601566789855
-29.299999999999706,0.014878964054774544
-29.099999999999703,0.007387638550714702
-28.8999999999997,0.002867853677476558
-28.699999999999697,0.0008871790522843552
-28.499999999999694,0.0003029093959060846
-28.29999999999969,0.00024291573042089373
-28.09999999999969,0.0002575251374260339
-27.899999999999686,0.00019955741674734228
-27.699999999999683,0.00010115607054499151
-27.49999999999968,3.31568201861551e-05
-27.299999999999677,6.998480130720464e-06
-27.099999999999675,1.7820443130249449e-12
-26.89999999999967,2.2080491965814362e-12
-26.69999999999967,1.7643833521422648e-12
-26.499999999999666,9.05187534456483e-13
-26.299999999999663,2.3412757516595184e-07
-26.09999999999966,1.1217771476149887e-06
-25.899999999999658,3.930281248528447e-06
-25.699999999999655,9.118540186659778e-06
-25.499999999999652,1.576245744273887e-05
-25.29999999999965,2.1054294659070698e-05
-25.099999999999646,2.1270193660699234e-05
-24.899999999999643,1.810197710671345e-05
-24.69999999999964,2.135803974300348e-05
-24.499999999999638,4.577457550838243e-05
-24.299999999999635,8.900189541945868e-05
-24.099999999999632,0.00011830354734528392
-23.89999999999963,0.00010444571650059747
-23.699999999999626,6.140389751589107e-05
-23.499999999999623,2.4207952688283917e-05
-23.29999999999962,6.424492397315625e-06
-23.099999999999618,7.734588512675011e-07
-22.899999999999615,1.2156181938774602e-06
-22.699999999999612,5.759256027640306e-06
-22.49999999999961,1.7495075050022062e-05
-22.299999999999606,3.4231693786539223e-05
-22.099999999999604,4.329426825630693e-05
-21.8999999999996,3.6320036692669314e-05
-21.699999999999598,2.1866342356347594e-05
-21.499999999999595,1.1218308259248975e-05
-21.299999999999592,5.58688550020299e-06
-21.09999999999959,2.2853285832911443e-06
-20.899999999999586,9.332625607797962e-07
-20.699999999999584,7.466584315180339e-07
-20.49999999999958,1.150561305447269e-06
-20.299999999999578,1.4368771850249209e-06
-20.099999999999575,1.150561305447269e-06
-19.899999999999572,5.90717870713115e-07
-19.69999999999957,1.9446018081157443e-07
-19.499999999999567,4.104511635613192e-08
-19.299999999999564,0.0
-19.09999999999956,0.0
-18.899999999999558,0.0
-18.699999999999555,0.0
-18.499999999999552,0.0
-18.29999999999955,0.0
-18.099999999999547,0.0
-17.899999999999544,0.0
-17.69999999999954,0.0
-17.499999999999538,0.0
-17.299999999999535,0.0
-17.099999999999532,0.0
-16.89999999999953,0.0
-16.699999999999527,0.0
-16.499999999999524,0.0
-16.29999999999952,0.0
-16.09999999999952,0.0
-15.899999999999515,0.0
-15.699999999999513,0.0
-15.49999999999951,0.0
-15.299999999999507,0.0
-15.099999999999504,0.0
-14.899999999999501,0.0
-14.699999999999498,0.0
-14.499999999999496,0.0
-14.299999999999493,0.0
-14.09999999999949,0.0
-13.899999999999487,0.0
-13.699999999999484,0.0
-13.499999999999481,0.0
-13.299999999999478,0.0
-13.099999999999476,0.0
-12.899999999999473,0.0
-12.69999999999947,0.0
-12.499999999999467,0.0
-12.299999999999464,0.0
-12.099999999999461,0.0
-11.899999999999459,0.0
-11.699999999999456,0.0
-11.499999999999453,0.0
-11.29999999999945,0.0
-11.099999999999447,0.0
-10.899999999999444,0.0
-10.699999999999442,0.0
-10.499999999999439,0.0
-10.299999999999436,0.0
-10.099999999999433,0.0
-9.89999999999943,0.0
-9.699999999999427,0.0
-9.499999999999424,0.0
-9.299999999999422,0.0
-9.099999999999419,0.0
-8.899999999999416,0.0
-8.699999999999413,0.0
-8.49999999999941,0.0
-8.299999999999407,0.0
-8.099999999999405,0.0
-7.899999999999402,0.0
-7.699999999999399,0.0
-7.499999999999396,0.0
-7.299999999999393,0.0
-7.09999999999939,0.0
-6.8999999999993875,0.0
-6.699999999999385,0.0
-6.499999999999382,0.0
-6.299999999999379,0.0
-6.099999999999376,0.0
-5.899999999999373,0.0
-5.6999999999993705,0.0
-5.499999999999368,0.0
-5.299999999999365,0.0
-5.099999999999362,0.0
-4.899999999999359,0.0
-4.699999999999356,0.0
-4.499999999999353,0.0
-4.299999999999351,0.0
-4.099999999999348,0.0
-3.899999999999345,0.0
-3.699999999999342,0.0
-3.499999999999339,0.0
-3.2999999999993364,0.0
-3.0999999999993335,0.0
-2.8999999999993307,0.0
-2.699999999999328,0.0
-2.499999999999325,0.0
-2.299999999999322,0.0
-2.0999999999993193,0.0
-1.8999999999993165,0.0
-1.6999999999993136,0.0
-1.4999999999993108,0.0
-1.299999999999308,0.0
-1.099999999999305,0.0
-0.8999999999993022,0.0
-0.6999999999992994,0.0
-0.49999999999929656,0.0
-0.2999999999992937,0.0
-0.09999999999929088,0.0
0.10000000000071196,0.0
0.3000000000007148,0.0
0.5000000000007176,0.0
0.7000000000007205,0.0
0.9000000000007233,0.0
1.1000000000007262,0.0
1.300000000000729,0.0
1.5000000000007319,0.0
1.7000000000007347,0.0
1.9000000000007375,0.0
2.1000000000007404,0.0
2.3000000000007432,0.0
2.500000000000746,0.0
2.700000000000749,0.0
2.9000000000007518,0.0
3.1000000000007546,0.0
3.3000000000007574,0.0
3.5000000000007603,0.0
3.700000000000763,0.0
3.900000000000766,0.0
4.100000000000769,0.0
4.300000000000772,0.0
4.5000000000007745,0.0
4.700000000000777,0.0
4.90000000000078,0.0
5.100000000000783,0.0
5.300000000000786,0.0
5.500000000000789,0.0
5.7000000000007915,0.0
5.900000000000794,0.0
6.100000000000797,0.0
6.3000000000008,0.0
6.500000000000803,0.0
6.700000000000806,0.0
6.900000000000809,0.0
7.100000000000811,0.0
7.300000000000814,0.0
7.500000000000817,0.0
7.70000000000082,0.0
7.900000000000823,0.0
8.100000000000826,0.0
8.300000000000828,0.0
8.500000000000831,0.0
8.700000000000834,0.0
8.900000000000837,0.0
9.10000000000084,0.0
9.300000000000843,0.0
9.500000000000846,0.0
9.700000000000848,0.0
9.900000000000851,0.0
10.100000000000854,0.0
10.300000000000857,0.0
10.50000000000086,0.0
10.700000000000863,0.0
10.900000000000865,0.0
11.100000000000868,0.0
11.300000000000871,0.0
11.500000000000874,0.0
11.700000000000877,0.0
11.90000000000088,0.0
12.100000000000882,0.0
12.300000000000885,0.0
12.500000000000888,0.0
12.700000000000891,0.0
12.900000000000894,0.0
13.100000000000897,0.0
13.3000000000009,0.0
13.500000000000902,0.0
13.700000000000905,0.0
13.900000000000908,0.0
14.100000000000911,0.0
14.300000000000914,0.0
14.500000000000917,0.0
14.70000000000092,0.0
14.900000000000922,0.0
15.100000000000925,0.0
15.300000000000928,0.0
15.50000000000093,0.0
15.700000000000934,0.0
15.900000000000936,0.0
16.10000000000094,0.0
16.300000000000942,0.0
16.500000000000945,0.0
16.700000000000948,0.0
16.90000000000095,0.0
17.100000000000954,0.0
17.300000000000956,0.0
17.50000000000096,0.0
17.700000000000962,0.0
17.900000000000965,0.0
18.100000000000968,0.0
18.30000000000097,0.0
18.500000000000973,0.0
18.700000000000976,0.0
18.90000000000098,0.0
19.100000000000982,0.0
19.300000000000985,0.0
19.500000000000988,0.0
19.70000000000099,0.0
19.900000000000993,0.0
20.100000000000996,0.0
20.300000000001,0.0
20.500000000001002,0.0
20.700000000001005,0.0
20.900000000001008,0.0
21.10000000000101,0.0
21.300000000001013,0.0
21.500000000001016,0.0
21.70000000000102,0.0
21.90000000000102,0.0
22.100000000001025,0.0
22.300000000001027,0.0
22.50000000000103,0.0
22.700000000001033,0.0
22.900000000001036,0.0
23.10000000000104,0.0
23.30000000000104,0.0
23.500000000001044,0.0
23.700000000001047,0.0
23.90000000000105,0.0
24.100000000001053,0.0
24.300000000001056,0.0
24.50000000000106,0.0
24.70000000000106,0.0
24.900000000001064,0.0
25.100000000001067,0.0
25.30000000000107,0.0
25.500000000001073,0.0
25.700000000001076,0.0
25.90000000000108,0.0
26.10000000000108,0.0
26.300000000001084,0.0
26.500000000001087,0.0
26.70000000000109,0.0
26.900000000001093,0.0
27.100000000001096,0.0
27.3000000000011,0.0
27.5000000000011,0.0
27.700000000001104,0.0
27.900000000001107,0.0
28.10000000000111,0.0
28.300000000001113,0.0
28.500000000001116,0.0
28.70000000000112,0.0
28.90000000000112,0.0
29.100000000001124,0.0
29.300000000001127,0.0
29.50000000000113,0.0
29.700000000001133,0.0
29.900000000001135,0.0
30.10000000000114,0.0
