model,quantity,value,units
Integrated primary,mode latitude,-36.10506566604128,deg
Integrated primary,median latitude,-35.94887468849535,deg
Integrated primary,95% latitude interval low,-37.021623168628246,deg
Integrated primary,95% latitude interval high,-32.41417068614829,deg
Integrated primary,median longitude,90.16175509191744,deg E
Integrated primary,95% longitude interval low,88.48933018192338,deg E
Integrated primary,95% longitude interval high,94.739944467727,deg E
Integrated primary,median heading,184.78535285806856,deg true
Integrated primary,95% heading interval low,175.38990311747392,deg true
Integrated primary,95% heading interval high,191.1949599941426,deg true
Integrated primary,median Mach,0.7881171910964847,
Integrated primary,posterior mean beta,0.6145681061173645,
Integrated primary,95% beta interval low,0.4692469078745963,
Integrated primary,95% beta interval high,0.7280345858945467,
Integrated primary,posterior mean BFO bias,149.7578476618043,Hz
BTO+BFO comparator,mode latitude,-34.191369606003754,deg
BTO+BFO comparator,median latitude,-34.464600865190945,deg
BTO+BFO comparator,95% latitude interval low,-37.17211173955473,deg
BTO+BFO comparator,95% latitude interval high,-32.80195696736018,deg
