epoch_id,sequence,flight,arc_time_utc,screen,measure,minus_60_min,actual_time,plus_60_min,control_mean,actual_minus_control_mean,actual_to_control_mean_ratio
m1825,1,MH370 post-radar,2014-03-07 18:25:34,surface_endpoint,raw_clusters,2,2,0,1.0,1.0,2.0
m1825,1,MH370 post-radar,2014-03-07 18:25:34,surface_endpoint,residual_clusters,2,2,0,1.0,1.0,2.0
m1825,1,MH370 post-radar,2014-03-07 18:25:34,common_aircraft_altitude,raw_clusters,12,9,2,7.0,2.0,1.2857142857142858
m1825,1,MH370 post-radar,2014-03-07 18:25:34,common_aircraft_altitude,residual_clusters,9,7,2,5.5,1.5,1.2727272727272727
m1941,2,MH370 post-radar,2014-03-07 19:41:02,surface_endpoint,raw_clusters,0,0,0,0.0,0.0,
m1941,2,MH370 post-radar,2014-03-07 19:41:02,surface_endpoint,residual_clusters,0,0,0,0.0,0.0,
m1941,2,MH370 post-radar,2014-03-07 19:41:02,common_aircraft_altitude,raw_clusters,9,1,7,8.0,-7.0,0.125
m1941,2,MH370 post-radar,2014-03-07 19:41:02,common_aircraft_altitude,residual_clusters,8,1,6,7.0,-6.0,0.14285714285714285
m2041,3,MH370 post-radar,2014-03-07 20:41:04,surface_endpoint,raw_clusters,1,0,0,0.5,-0.5,0.0
m2041,3,MH370 post-radar,2014-03-07 20:41:04,surface_endpoint,residual_clusters,1,0,0,0.5,-0.5,0.0
m2041,3,MH370 post-radar,2014-03-07 20:41:04,common_aircraft_altitude,raw_clusters,3,6,1,2.0,4.0,3.0
m2041,3,MH370 post-radar,2014-03-07 20:41:04,common_aircraft_altitude,residual_clusters,3,6,1,2.0,4.0,3.0
m2141,4,MH370 post-radar,2014-03-07 21:41:26,surface_endpoint,raw_clusters,0,1,0,0.0,1.0,
m2141,4,MH370 post-radar,2014-03-07 21:41:26,surface_endpoint,residual_clusters,0,1,0,0.0,1.0,
m2141,4,MH370 post-radar,2014-03-07 21:41:26,common_aircraft_altitude,raw_clusters,4,3,1,2.5,0.5,1.2
m2141,4,MH370 post-radar,2014-03-07 21:41:26,common_aircraft_altitude,residual_clusters,3,2,1,2.0,0.0,1.0
m2241,5,MH370 post-radar,2014-03-07 22:41:21,surface_endpoint,raw_clusters,1,1,7,4.0,-3.0,0.25
m2241,5,MH370 post-radar,2014-03-07 22:41:21,surface_endpoint,residual_clusters,1,0,6,3.5,-3.5,0.0
m2241,5,MH370 post-radar,2014-03-07 22:41:21,common_aircraft_altitude,raw_clusters,10,4,19,14.5,-10.5,0.27586206896551724
m2241,5,MH370 post-radar,2014-03-07 22:41:21,common_aircraft_altitude,residual_clusters,9,2,16,12.5,-10.5,0.16
m0011,6,MH370 post-radar,2014-03-08 00:10:59,surface_endpoint,raw_clusters,3,9,6,4.5,4.5,2.0
m0011,6,MH370 post-radar,2014-03-08 00:10:59,surface_endpoint,residual_clusters,3,5,2,2.5,2.5,2.0
m0011,6,MH370 post-radar,2014-03-08 00:10:59,common_aircraft_altitude,raw_clusters,39,26,24,31.5,-5.5,0.8253968253968254
m0011,6,MH370 post-radar,2014-03-08 00:10:59,common_aircraft_altitude,residual_clusters,35,13,16,25.5,-12.5,0.5098039215686274
m0019a,7,MH370 post-radar,2014-03-08 00:19:29,surface_endpoint,raw_clusters,4,15,11,7.5,7.5,2.0
m0019a,7,MH370 post-radar,2014-03-08 00:19:29,surface_endpoint,residual_clusters,4,10,8,6.0,4.0,1.6666666666666667
m0019a,7,MH370 post-radar,2014-03-08 00:19:29,common_aircraft_altitude,raw_clusters,32,35,37,34.5,0.5,1.0144927536231885
m0019a,7,MH370 post-radar,2014-03-08 00:19:29,common_aircraft_altitude,residual_clusters,29,24,26,27.5,-3.5,0.8727272727272727
