Time(sec),X(nm),Y(nm),Alt(ft)
0,0.0,-0.0025177001953125,40000
1,0.0014623044277550627,-0.1274871826171875,40000
2,0.0025589626410966963,-0.2524566650390625,40000
3,0.004021116833234942,-0.3774261474609375,39999
4,0.00548319089143418,-0.5023956298828125,39999
5,0.006945184809897765,-0.6273651123046875,39999
6,0.00840709858282927,-0.7523345947265625,40000
7,0.010234447698259897,-0.877532958984375,40001
8,0.01169619048390208,-1.0027313232421875,40001
9,0.013523349553756494,-1.1277008056640625,39999
10,0.014984921748915983,-1.252899169921875,39998
11,0.017177366200742058,-1.37786865234375,39998
12,0.018638758677678755,-1.502838134765625,39999
13,0.020465525774531118,-1.6280364990234375,40000
14,0.021926747774945993,-1.7530059814453125,40001
15,0.0237533241567597,-1.878204345703125,40002
16,0.024848949921375242,-2.003173828125,40002
17,0.026309931230519893,-2.128143310546875,40002
18,0.027405426633692758,-2.25311279296875,40002
19,0.02923165319044793,-2.378082275390625,40003
20,0.03032700818881521,-2.5030517578125,40004
21,0.03178767861764319,-2.628021240234375,40004
22,0.033248268806258294,-2.75299072265625,40003
23,0.03470877874886774,-2.877960205078125,40002
24,0.03616920843967896,-3.0029296875,40002
25,0.037629555981414514,-3.1281280517578125,40002
26,0.03908982507770212,-3.2530975341796875,40003
27,0.04018469846422416,-3.3780670166015625,40003
28,0.04164481704427145,-3.5030364990234375,40002
29,0.04273955995976506,-3.6280059814453125,40001
30,0.04383424264694575,-3.7529754638671875,40000
31,0.04492886510147058,-3.8779449462890625,40002
32,0.04602342731899677,-4.0029144287109375,40003
33,0.046752674029327576,-4.1278839111328125,40002
34,0.048212371025682904,-4.2528533935546875,40000
35,0.048941514840456814,-4.3780517578125,40000
36,0.05003584604310077,-4.503021240234375,39999
37,0.051130119559947985,-4.6277618408203125,39999
38,0.05222433029703447,-4.7527313232421875,40001
39,0.05295328569346191,-4.8777008056640625,40002
40,0.05368220088605048,-5.0026702880859375,40002
41,0.05477625087775831,-5.1276397705078125,40002
42,0.05550507561931643,-5.2526092529296875,40001
43,0.05623386014787263,-5.3775787353515625,40001
44,0.05732774936092166,-5.5025482177734375,40001
45,0.058056443418674636,-5.6275177001953125,40000
46,0.05878509725426365,-5.7524871826171875,39999
47,0.05951371086479576,-5.8774566650390625,39999
48,0.060242284247378125,-6.0024261474609375,39999
49,0.061335912114082784,-6.1273956298828125,40000
50,0.061699313424362016,-6.25213623046875,40000
51,0.06206269148685729,-6.377105712890625,40000
52,0.06279111084243592,-6.5023040771484375,40000
53,0.06315443852391837,-6.6272735595703125,40000
54,0.06351774604150234,-6.7522430419921875,40001
55,0.06388103661207142,-6.876983642578125,40001
56,0.06424430381606966,-7.001953125,40001
57,0.0646075508518366,-7.126922607421875,40000
58,0.06460577334872564,-7.25189208984375,40000
59,0.06496899336069714,-7.3766326904296875,40000
60,0.06569717093530231,-7.5018310546875,40000
61,0.06569536304456056,-7.626800537109375,40000
62,0.06605852259161067,-7.7515411376953125,40001
63,0.06642165865101124,-7.8765106201171875,40001
64,0.06678477453255238,-8.001480102539062,40001
65,0.06714787023478971,-8.126449584960938,40002
66,0.0675109491603089,-8.251190185546875,40002
67,0.0675090905153842,-8.37615966796875,40001
68,0.06750722837689084,-8.501358032226562,40000
69,0.06750536955338154,-8.626327514648438,40000
70,0.06750351404534893,-8.751068115234375,39999
71,0.06750165504359165,-8.87603759765625,39998
72,0.06749979595263238,-9.001007080078125,39997
73,0.06749794017764695,-9.125747680664062,39998
74,0.0674960809084544,-9.250717163085938,40000
75,0.06712938792006684,-9.375686645507812,40003
76,0.06712753852355548,-9.500656127929688,40004
77,0.066760878879961,-9.625396728515625,40002
78,0.06675903935823063,-9.7503662109375,40000
79,0.06639240965795017,-9.875106811523438,39999
80,0.06639058001293707,-10.000076293945312,40000
81,0.06602398025982804,-10.12481689453125,40000
82,0.0656573938612537,-10.250015258789062,40000
83,0.06529083411345446,-10.374755859375,40000
84,0.06492429435222184,-10.499496459960938,40000
85,0.06455777457899894,-10.624237060546875,39999
86,0.0645559946875219,-10.74920654296875,39999
87,0.06418950163327372,-10.874176025390625,40000
88,0.06382303183084029,-10.998916625976562,40001
89,0.06345658202171175,-11.1236572265625,40001
90,0.06272546607812475,-11.248626708984375,40000
91,0.06235906631807402,-11.373367309570312,39999
92,0.06162802369404353,-11.49810791015625,39999
93,0.061261670877266736,-11.623077392578125,39999
94,0.06089534117547645,-11.747817993164062,39999
95,0.06016439875687241,-11.87255859375,39998
96,0.059433496427178246,-11.997299194335938,39998
97,0.05870263122244788,-12.122268676757812,39998
98,0.0583364087404501,-12.247238159179688,39998
99,0.05760561672450499,-12.371978759765625,39999
100,0.056874867683630544,-12.496490478515625,39999
101,0.056144155833776965,-12.621231079101562,39999
102,0.05541348408965124,-12.7459716796875,39998
103,0.0546828496892163,-12.870941162109375,39998
104,0.0539522582019276,-12.995681762695312,39998
105,0.053221709520461256,-13.120193481445312,39998
106,0.05249119822806647,-13.24493408203125,39998
107,0.051760724437851756,-13.369903564453125,39999
108,0.051030296006569636,-13.494415283203125,39999
109,0.05029990508323053,-13.619155883789062,39999
110,0.04920507476110349,-13.743667602539062,40000
111,0.04883924362577754,-13.868637084960938,40000
112,0.04810897553160073,-13.993148803710938,39999
113,0.04701429321849213,-14.117889404296875,39999
114,0.04628411532420547,-14.242401123046875,39999
115,0.045553972889192204,-14.36737060546875,39999
116,0.04482387521155813,-14.49188232421875,39999
117,0.04372940589400048,-14.61639404296875,40000
118,0.04263499456575532,-14.741134643554688,40000
119,0.04190503723082141,-14.865646362304688,40000
120,0.04081073632241263,-14.990386962890625,40000
121,0.03971649769533225,-15.114898681640625,40000
122,0.0386223211881412,-15.239181518554688,39999
123,0.03716385511859756,-15.363235473632812,39999
124,0.03606980869528448,-15.487518310546875,39998
125,0.034611492609299695,-15.611572265625,39997
126,0.03315325984516664,-15.73516845703125,39996
127,0.03205941832708585,-15.8587646484375,39994
128,0.03060133495157973,-15.98236083984375,39993
129,0.029507625891634852,-16.105499267578125,39995
130,0.028049694620269128,-16.2286376953125,39996
131,0.026956114568147168,-16.351776123046875,39996
132,0.02549833475775946,-16.474456787109375,39996
133,0.024404884858285885,-16.597366333007812,39996
134,0.02331149676569152,-16.719818115234375,39997
135,0.021489703378673557,-16.842269897460938,39997
136,0.02039645349755504,-16.9647216796875,39995
137,0.01893905226602063,-17.086715698242188,39991
138,0.017481728848688066,-17.208938598632812,39987
139,0.01566029225424266,-17.3309326171875,39982
140,0.013838954756301711,-17.45269775390625,39976
141,0.011653542279249097,-17.574462890625,39970
142,0.009832411046524712,-17.69622802734375,39963
143,0.007647224885397558,-17.817764282226562,39955
144,0.005098012631515623,-17.939300537109375,39944
145,0.0021848038249855073,-18.06060791015625,39933
146,-0.0007282483636289124,-18.181915283203125,39920
147,-0.0040052583157906,-18.30322265625,39907
148,-0.007282092417866837,-18.424301147460938,39892
149,-0.011286939746045254,-18.545608520507812,39877
150,-0.015291572442811029,-18.66668701171875,39860
151,-0.019660066406801145,-18.78753662109375,39841
152,-0.024392390548312083,-18.908615112304688,39822
153,-0.029488517802428893,-19.029464721679688,39803
154,-0.03531246211430874,-19.150543212890625,39782
155,-0.041500129828599804,-19.271621704101562,39760
156,-0.047687467567657696,-19.392471313476562,39738
157,-0.05423849298267865,-19.513092041015625,39716
158,-0.0618811855704759,-19.633941650390625,39691
159,-0.06952347178799177,-19.754562377929688,39666
160,-0.07789331593232572,-19.875640869140625,39641
161,-0.08626271899485981,-19.996261596679688,39616
162,-0.09535960983775814,-20.11688232421875,39590
163,-0.10518392464053289,-20.23773193359375,39561
164,-0.11537166659222775,-20.358352661132812,39532
165,-0.1255588628544274,-20.478973388671875,39501
166,-0.13683730036046043,-20.599594116210938,39471
167,-0.14811512611881672,-20.720443725585938,39439
168,-0.15975625593232215,-20.841293334960938,39405
169,-0.17212456892197583,-20.9619140625,39370
170,-0.18449220972199762,-21.082763671875,39335
171,-0.19758694679656075,-21.20361328125,39298
172,-0.21104484035864451,-21.324691772460938,39260
173,-0.22486588181499156,-21.445541381835938,39221
174,-0.23868616876308787,-21.566619873046875,39180
175,-0.25323340691639384,-21.687469482421875,39138
176,-0.2685074989015103,-21.80877685546875,39094
177,-0.2837807815450684,-21.929855346679688,39050
178,-0.2994170384240522,-22.051162719726562,39006
179,-0.3150524518121394,-22.172470092773438,38963
180,-0.331414589004135,-22.29400634765625,38918
181,-0.3481396062590778,-22.415771484375,38874
182,-0.36486371760770625,-22.53753662109375,38830
183,-0.38231442865695114,-22.659530639648438,38785
184,-0.3994004601615751,-22.781295776367188,38739
185,-0.417576751955427,-22.903518676757812,38692
186,-0.43538834434751816,-23.0255126953125,38646
187,-0.4535626465694807,-23.147964477539062,38598
188,-0.4717359581839535,-23.270416259765625,38551
189,-0.4902719823727498,-23.392868041992188,38503
190,-0.5091706375402354,-23.515777587890625,38455
191,-0.5280682584297667,-23.638687133789062,38409
192,-0.5473284905460537,-23.761825561523438,38361
193,-0.5665876663948933,-23.884963989257812,38316
194,-0.586209439400503,-24.008102416992188,38270
195,-0.605830105230349,-24.1314697265625,38224
196,-0.6254496608054076,-24.25506591796875,38179
197,-0.6450681030460871,-24.378890991210938,38135
198,-0.6646854627173057,-24.502716064453125,38092
199,-0.6839381014397674,-24.62677001953125,38050
200,-0.7031896755083742,-24.750823974609375,38007
201,-0.72244011125958,-24.875335693359375,37964
202,-0.7416894782735816,-24.999847412109375,37923
203,-0.7609377764745707,-25.124359130859375,37882
204,-0.7798213732108628,-25.24932861328125,37842
205,-0.7983404149694121,-25.374069213867188,37803
206,-0.8168583428601901,-25.499267578125,37767
207,-0.8350117135293662,-25.624465942382812,37731
208,-0.853164069898714,-25.749664306640625,37694
209,-0.8709518650449272,-25.875091552734375,37659
210,-0.8883751718970857,-26.000518798828125,37627
211,-0.9050704464357596,-26.12640380859375,37596
212,-0.9217647823327978,-26.252288818359375,37565
213,-0.9377312560666593,-26.378173828125,37536
214,-0.9536967831672045,-26.504287719726562,37507
215,-0.9689345279380986,-26.630401611328125,37480
216,-0.9838079325113656,-26.756744384765625,37453
217,-0.997953655282152,-26.883087158203125,37427
218,-1.0120985271967655,-27.009658813476562,37402
219,-1.02515239729958,-27.13623046875,37377
220,-1.0382054751363843,-27.263031005859375,37353
221,-1.0501676728139817,-27.38983154296875,37331
222,-1.0614024522463112,-27.516632080078125,37311
223,-1.0722731795769191,-27.643661499023438,37292
224,-1.0824165902180929,-27.77069091796875,37273
225,-1.092196084541792,-27.897720336914062,37257
226,-1.1008849804092518,-28.024978637695312,37241
227,-1.1092101185191394,-28.152008056640625,37226
228,-1.1164448014085453,-28.279266357421875,37212
229,-1.123315772938778,-28.406524658203125,37200
230,-1.1290964896916098,-28.533782958984375,37188
231,-1.1341503212796444,-28.661041259765625,37178
232,-1.1381140630057605,-28.788299560546875,37170
233,-1.1413510638769746,-28.915557861328125,37164
234,-1.143498139832619,-29.042816162109375,37159
235,-1.1449186192721312,-29.170074462890625,37155
236,-1.1456125640630976,-29.297332763671875,37154
237,-1.14485366459383,-29.424362182617188,37153
238,-1.143368453737815,-29.551162719726562,37154
239,-1.141520070793521,-29.678192138671875,37156
240,-1.1382191108859718,-29.80499267578125,37159
241,-1.1338288707532143,-29.931564331054688,37163
242,-1.1283493844426389,-30.058135986328125,37168
243,-1.1221439550163204,-30.184478759765625,37174
244,-1.115212643013326,-30.310592651367188,37183
245,-1.1064660533527828,-30.43670654296875,37191
246,-1.0969938196911535,-30.562362670898438,37201
247,-1.0867958892240934,-30.688018798828125,37213
248,-1.0747830709465946,-30.813446044921875,37225
249,-1.0620447923403737,-30.938644409179688,37238
250,-1.048218083910765,-31.063385009765625,37252
251,-1.0329399076844088,-31.187896728515625,37267
252,-1.016210330601989,-31.312408447265625,37282
253,-0.9987556796959578,-31.43646240234375,37297
254,-0.9794868845499168,-31.56005859375,37311
255,-0.9591300553231166,-31.68365478515625,37325
256,-0.9373224043442112,-31.806564331054688,37339
257,-0.9140639478256274,-31.929244995117188,37355
258,-0.8897178036784502,-32.05169677734375,37371
259,-0.8635581177585187,-32.17369079589844,37386
260,-0.8363110377993431,-32.29499816894531,37401
261,-0.8076135435686612,-32.41630554199219,37416
262,-0.7778288352109465,-32.53692626953125,37430
263,-0.7462310433235946,-32.65708923339844,37443
264,-0.7135461543338095,-32.77702331542969,37456
265,-0.6794113523139361,-32.89649963378906,37468
266,-0.6434638524428051,-33.015289306640625,37479
267,-0.6064295492142523,-33.13385009765625,37489
268,-0.5683085818590845,-33.25172424316406,37498
269,-0.5280123068147928,-33.369140625,37507
270,-0.486992425647952,-33.48609924316406,37514
271,-0.44416037729168045,-33.60237121582031,37520
272,-0.39951626328343987,-33.71818542480469,37524
273,-0.35378594392133383,-33.83331298828125,37528
274,-0.30624377055035673,-33.94798278808594,37530
275,-0.25761557234490107,-34.061737060546875,37532
276,-0.20681289250469626,-34.17503356933594,37534
277,-0.15528716305643478,-34.287872314453125,37534
278,-0.10194999970078739,-34.39979553222656,37533
279,-0.04716430368338381,-34.511260986328125,37531
280,0.009069833514827184,-34.622039794921875,37529
281,0.06711511410059025,-34.73213195800781,37525
282,0.12624587952795613,-34.84153747558594,37519
283,0.18682486275710977,-34.949798583984375,37511
284,0.2492147243827465,-35.05760192871094,37503
285,0.31305261887098323,-35.16471862792969,37494
286,0.3783384710885564,-35.271148681640625,37483
287,0.44507223004856616,-35.37666320800781,37471
288,0.5132538074685563,-35.48149108886719,37458
289,0.5828831623229702,-35.58540344238281,37444
290,0.6539602024556395,-35.688629150390625,37429
291,0.7264848971019087,-35.79093933105469,37412
292,0.8004571909733188,-35.892333984375,37393
293,0.8762396676388042,-35.9930419921875,37375
294,0.9531069403276364,-36.09283447265625,37354
295,1.0310589832042474,-36.19171142578125,37333
296,1.1111837454145765,-36.2896728515625,37311
297,1.1923931216980717,-36.38694763183594,37288
298,1.2750498511514723,-36.48307800292969,37263
299,1.3591538337735667,-36.57829284667969,37236
300,1.4447051024364332,-36.67236328125,37208
301,1.5313409333118093,-36.76551818847656,37179
302,1.6197864517914462,-36.85798645019531,37149
303,1.7096792447252889,-36.94908142089844,37117
304,1.800656524406826,-37.03926086425781,37086
305,1.8930808704601334,-37.12852478027344,37053
306,1.9869523545503527,-37.216644287109375,37018
307,2.0819083873914788,-37.303619384765625,36983
308,2.1786741153404567,-37.38945007324219,36947
309,2.276524268070483,-37.474365234375,36911
310,2.3758215203021353,-37.558135986328125,36873
311,2.4765659937738813,-37.640533447265625,36835
312,2.5783950272688116,-37.72178649902344,36796
313,2.6816710369799095,-37.8021240234375,36757
314,2.7863944371331537,-37.880859375,36717
315,2.892202444559599,-37.95845031738281,36675
316,2.999457753898007,-38.03466796875,36632
317,3.107797720349675,-38.1097412109375,36590
318,3.2179475454241153,-38.183441162109375,36547
319,3.32881991770813,-38.25553894042969,36503
320,3.441139552910234,-38.32649230957031,36459
321,3.5549066507983653,-38.39607238769531,36416
322,3.6697589559432986,-38.46405029296875,36372
323,3.786059018195038,-38.530426025390625,36328
324,3.903444227304625,-38.595428466796875,36284
325,4.022277522609143,-38.658599853515625,36240
326,4.142195890476652,-38.72062683105469,36196
327,4.263200034740018,-38.78082275390625,36150
328,4.385289610100957,-38.83964538574219,36104
329,4.5091900414301165,-38.896636962890625,36058
330,4.633451646164913,-38.95179748535156,36011
331,4.759161386573853,-39.005584716796875,35963
332,4.885957646542762,-39.05731201171875,35915
333,5.0138400490704935,-39.10743713378906,35866
334,5.1428092238659024,-39.15550231933594,35818
335,5.272864772995415,-39.20196533203125,35770
336,5.4040076356921345,-39.24613952636719,35722
337,5.53623769746269,-39.28825378417969,35673
338,5.669192117670975,-39.328765869140625,35624
339,5.80323432216295,-39.36698913574219,35574
340,5.938001779857234,-39.40315246582031,35525
341,6.0738573742231505,-39.43702697753906,35474
342,6.2108009708992515,-39.468841552734375,35423
343,6.348108268899542,-39.49836730957031,35372
344,6.486866657162149,-39.525604248046875,35321
345,6.625989485312296,-39.550323486328125,35270
346,6.766201417625997,-39.57275390625,35219
347,6.906778585104974,-39.592437744140625,35168
348,7.048083631090793,-39.609375,35116
349,7.190478456681138,-39.6240234375,35064
350,7.332876867027065,-39.63592529296875,35010
351,7.4760038957662385,-39.64508056640625,34957
352,7.619859803267616,-39.6514892578125,34903
353,7.764082468324497,-39.6551513671875,34848
354,7.908672563260629,-39.65583801269531,34793
355,8.053629549998172,-39.65400695800781,34737
356,8.198954517389843,-39.649200439453125,34681
357,8.344284943661082,-39.64164733886719,34623
358,8.489984792535473,-39.63066101074219,34564
359,8.63569112857525,-39.61669921875,34504
360,8.781403792401749,-39.59999084472656,34442
361,8.927486819873804,-39.57984924316406,34379
362,9.072852444182827,-39.556732177734375,34315
363,9.218225733828547,-39.5306396484375,34248
364,9.363607942032814,-39.50111389160156,34179
365,9.508274605610598,-39.46815490722656,34108
366,9.65295035137051,-39.43199157714844,34036
367,9.796548274204245,-39.39262390136719,33960
368,9.940156392489788,-39.349822998046875,33881
369,10.083050211896044,-39.3035888671875,33799
370,10.22486604675117,-39.254608154296875,33714
371,10.365968673944247,-39.20196533203125,33626
372,10.506720300784462,-39.14588928222656,33535
373,10.646033399623862,-39.08660888671875,33440
374,10.78427120175366,-39.023895263671875,33342
375,10.9217958597207,-38.957977294921875,33240
376,11.057883311753995,-38.88862609863281,33135
377,11.192896256002628,-38.81584167480469,33026
378,11.326110032491274,-38.7396240234375,32914
379,11.45788673150051,-38.66020202636719,32797
380,11.587864086473523,-38.57757568359375,32677
381,11.716767834903685,-38.49151611328125,32553
382,11.843510751516167,-38.40202331542969,32426
383,11.968454261164991,-38.30955505371094,32296
384,12.091235998205244,-38.214111328125,32162
385,12.212582339979063,-38.115234375,32024
386,12.33140401584907,-38.01361083984375,31884
387,12.448064874395268,-37.908782958984375,31743
388,12.562564366897064,-37.80097961425781,31600
389,12.674540018791513,-37.69020080566406,31455
390,12.78435376024968,-37.57667541503906,31311
391,12.891643063345768,-37.46040344238281,31166
392,12.9960453533717,-37.34138488769531,31022
393,13.097922499159276,-37.2198486328125,30878
394,13.19727446376055,-37.095794677734375,30736
395,13.29373791693834,-36.969451904296875,30596
396,13.387313445524033,-36.84059143066406,30460
397,13.478000263089731,-36.709442138671875,30327
398,13.566160885978366,-36.57600402832031,30199
399,13.651068528547377,-36.44073486328125,30076
400,13.732722996767016,-36.30363464355469,29958
401,13.8114867566054,-36.164703369140625,29846
402,13.886996240765491,-36.024169921875,29742
403,13.959613911627294,-35.88203430175781,29645
404,14.028976146711493,-35.738525390625,29554
405,14.095808122623223,-35.59364318847656,29469
406,14.159382748266482,-35.447845458984375,29392
407,14.219701199425986,-35.30067443847656,29322
408,14.277486513060595,-35.15281677246094,29260
409,14.331651644590918,-35.003814697265625,29206
410,14.383282384021237,-34.85435485839844,29159
411,14.432016444380446,-34.70420837402344,29119
412,14.477852812954506,-34.55360412597656,29087
413,14.520429142280292,-34.402313232421875,29063
414,14.560104959963633,-34.251251220703125,29047
415,14.5968829557816,-34.09950256347656,29038
416,14.630760602469808,-33.94775390625,29037
417,14.661374743751745,-33.79600524902344,29044
418,14.689450040185909,-33.64448547363281,29059
419,14.714624850865603,-33.49273681640625,29082
420,14.73653296882544,-33.3416748046875,29112
421,14.755539228739245,-33.19061279296875,29149
422,14.771278902409918,-33.040008544921875,29194
423,14.78375165531539,-32.889862060546875,29246
424,14.793318587062496,-32.740631103515625,29303
425,14.799617201069173,-32.59208679199219,29366
426,14.803010897050942,-32.444000244140625,29435
427,14.802770392604527,-32.29728698730469,29510
428,14.799259082924205,-32.15171813964844,29593
429,14.7921136472889,-32.007293701171875,29682
430,14.781333740713105,-31.864013671875,29777
431,14.766917513426474,-31.722335815429688,29876
432,14.747775517449902,-31.582260131835938,29979
433,14.724633434202524,-31.44378662109375,30083
434,14.696764043174456,-31.307144165039062,30184
435,14.664166947977105,-31.172332763671875,30280
436,14.626477184351259,-31.039810180664062,30368
437,14.583692869771516,-30.9100341796875,30444
438,14.535452024273317,-30.782546997070312,30504
439,14.482115893289503,-30.657806396484375,30545
440,14.42368488948102,-30.53558349609375,30563
441,14.361246633328506,-30.416336059570312,30555
442,14.293710770102587,-30.30029296875,30519
443,14.221440205136318,-30.187454223632812,30451
444,14.145161063134731,-30.07781982421875,30351
445,14.064871779670716,-29.971847534179688,30214
446,13.98129862841619,-29.869537353515625,30039
447,13.89480619915264,-29.770431518554688,29825
448,13.80539166605112,-29.675445556640625,29572
449,13.713056494151056,-29.584121704101562,29279
450,13.618887579494075,-29.49737548828125,28947
451,13.522160057240034,-29.414749145507812,28575
452,13.423598443298754,-29.336929321289062,28164
453,13.323205003415817,-29.263229370117188,27715
454,13.221339784699783,-29.194793701171875,27228
455,13.11800442120516,-29.13116455078125,26706
456,13.01355910641008,-29.073486328125,26149
457,12.908366145596199,-29.022216796875,25560
458,12.802062061941845,-28.977584838867188,24940
459,12.695736411340514,-28.9398193359375,24292
460,12.588663170204473,-28.908920288085938,23617
461,12.481931955501285,-28.885116577148438,22918
462,12.374816760554454,-28.868408203125,22197
463,12.268042733181604,-28.859481811523438,21456
464,12.161973692778572,-28.85833740234375,20697
465,12.056608345711169,-28.86566162109375,19924
466,11.95158524655973,-28.880996704101562,19138
467,11.848356167811339,-28.905029296875,18343
468,11.746196370630692,-28.937301635742188,17542
469,11.645467860999041,-28.978500366210938,16739
470,11.547261529646098,-29.028396606445312,15935
471,11.450852545997904,-29.086532592773438,15135
472,11.35696668305948,-29.153366088867188,14342
473,11.265604946304974,-29.228668212890625,13559
474,11.177494741578077,-29.312210083007812,12790
475,11.093000718734848,-29.403533935546875,12037
476,11.011397237935055,-29.502410888671875,11304
477,10.934137316494814,-29.608840942382812,10595
478,10.860497423322578,-29.7216796875,9910
479,10.791203959524351,-29.840927124023438,9252
480,10.725532173084439,-29.965896606445312,8623
481,10.664935195791331,-30.096359252929688,8026
482,10.60832552315118,-30.231399536132812,7463
483,10.556792919281747,-30.37078857421875,6934
484,10.509248751568695,-30.514068603515625,6442
485,10.466420592676409,-30.660552978515625,5987
486,10.42903427487779,-30.81024169921875,5570
487,10.397090393381912,-30.962677001953125,5194
488,10.369863354017182,-31.117401123046875,4864
489,10.348442961075047,-31.273956298828125,4581
490,10.331740002032326,-31.432113647460938,4344
491,10.319392537460105,-31.5911865234375,4148
492,10.31140010993104,-31.751174926757812,3990
493,10.307400824897664,-31.911392211914062,3870
494,10.307394781202403,-32.07160949707031,3790
495,10.31102014501739,-32.23114013671875,3751
496,10.319002479202076,-32.389984130859375,3756
497,10.330616986261298,-32.547454833984375,3806
498,10.346228890627346,-32.70240783691406,3899
499,10.36511246213066,-32.8546142578125,4039
500,10.387994848070337,-33.003387451171875,4222
501,10.414513857926353,-33.14826965332031,4449
502,10.444670814367612,-33.28857421875,4717
503,10.477015517695106,-33.423614501953125,5022
504,10.512637604461688,-33.55293273925781,5362
505,10.550811731023066,-33.676300048828125,5735
506,10.59153892718305,-33.79325866699219,6136
507,10.633732250423886,-33.90312194824219,6564
508,10.678116390923627,-34.00634765625,7013
509,10.723605637948019,-34.10179138183594,7482
510,10.770199059253645,-34.189910888671875,7967
511,10.817534000379407,-34.27070617675781,8464
512,10.865611213766277,-34.34394836425781,8967
513,10.913704170626355,-34.41009521484375,9474
514,10.96217534628435,-34.46937561035156,9981
515,11.009937111082658,-34.52156066894531,10485
516,11.057350818077515,-34.56733703613281,10983
517,11.104417252607414,-34.606475830078125,11472
518,11.150045974325264,-34.639892578125,11949
519,11.194962197705738,-34.667816162109375,12412
520,11.238439375570179,-34.690704345703125,12859
521,11.280839308162784,-34.709014892578125,13288
522,11.32143540918349,-34.72320556640625,13696
523,11.359864442180156,-34.73350524902344,14085
524,11.397214290184333,-34.740142822265625,14451
525,11.43239435657551,-34.74403381347656,14795
526,11.465767495318378,-34.74517822265625,15116
527,11.497332591266813,-34.74403381347656,15413
528,11.527089691530827,-34.7406005859375,15688
529,11.555036469597482,-34.73579406738281,15940
530,11.581900888091345,-34.72869873046875,16168
531,11.606954438846977,-34.720458984375,16372
532,11.630561704752258,-34.71038818359375,16551
533,11.653447085125942,-34.698944091796875,16705
534,11.675248405434504,-34.68589782714844,16833
535,11.696689460461542,-34.67193603515625,16935
536,11.717044678932098,-34.65705871582031,17010
537,11.737039645980285,-34.641265869140625,17059
538,11.756311576845196,-34.62455749511719,17081
539,11.77558546103364,-34.60716247558594,17076
540,11.794136319544574,-34.58885192871094,17045
541,11.81232695237635,-34.56962585449219,16987
542,11.829794566710076,-34.54948425292969,16906
543,11.846177576135316,-34.52796936035156,16805
544,11.86183756744558,-34.50553894042969,16686
545,11.876776972834305,-34.48127746582031,16553
546,11.890994580397836,-34.45564270019531,16408
547,11.905214789002969,-34.42909240722656,16249
548,11.919076017105557,-34.40116882324219,16076
549,11.93366365509495,-34.373016357421875,15882
550,11.947524007540663,-34.345550537109375,15668
551,11.961019872726473,-34.31877136230469,15430
552,11.973061551218779,-34.29313659667969,15167
553,11.985105208022265,-34.266815185546875,14883
554,11.993159780452618,-34.23980712890625,14591
555,11.996136105477555,-34.21234130859375,14302
556,11.993307818284276,-34.18464660644531,14012
557,11.986846885871925,-34.15855407714844,13698
558,11.980743187232179,-34.134521484375,13348
559,11.975719339661067,-34.11369323730469,12961
560,11.972499815281285,-34.096527099609375,12537
561,11.97072609755868,-34.0814208984375,12077
562,11.970398816855843,-34.068145751953125,11583
563,11.971515534244453,-34.0576171875,11054
564,11.974804390707003,-34.048919677734375,10494
565,11.978452419716195,-34.041595458984375,9903
566,11.98391221099637,-34.035186767578125,9280
567,11.990456243987534,-34.03038024902344,8628
568,11.99880835503512,-34.027862548828125,7945
569,12.00897099441046,-34.02671813964844,7234
570,12.021667374853294,-34.027862548828125,6495
571,12.036898091327675,-34.03106689453125,5729
572,12.055025340811055,-34.03656005859375,4936
573,12.076049703132826,-34.04411315917969,4119
574,12.101419393632332,-34.05487060546875,3280
575,12.131136811227556,-34.06791687011719,2421
576,12.166287890925211,-34.08416748046875,1544
577,12.207236583291449,-34.10316467285156,653
