source,path,bytes,sha256
core-main-checkout,smoke-altitude-prior/bto-bfo/seed-1/final.npy,4800128,e0c988c38fc833af35231e5aa9e65f02aa599e32bc61814ada79e6472570f593
core-main-checkout,smoke-altitude-prior/bto-bfo/seed-1/routes.npy,608128,26bbc307ed24806405bda1e6e42eeafc78884220dc4f75cd09debd374a2009f3
core-main-checkout,smoke-altitude-prior/bto-bfo/seed-2/final.npy,4800128,fbcc795146b309a633c3118786fc53d1310fa2e715eda73ed52023b239d46701
core-main-checkout,smoke-altitude-prior/bto-bfo/seed-2/routes.npy,608128,f4abb0dcf0b89f23eadb2a9f1e16d815c861bb1cd828c97e4ccbf069127935b9
core-main-checkout,altitude-prior/bto-bfo/seed-1/routes.npy,608128,85bdea3550fd553887d69df0c8171641583194f63cafcc5e8c29df8530550500
core-main-checkout,altitude-prior/bto-bfo/seed-2/routes.npy,608128,a2717440f702a8fce99cfa4034e5a932118b59a16ff222da43ebf3cbb42a6e47
core-main-checkout,altitude-prior/bto-bfo/seed-3/routes.npy,608128,dc1921911bc16f5c50b061a51d3d6df697b6c57d2343d7cc8914838e40fbac53
core-main-checkout,altitude-prior/bto-bfo/seed-4/routes.npy,608128,ee2f3e7e95473f85709db8b65468664188d37d2bd6adc819286ab76edf4683fe
core-main-checkout,smoke-initial-mach/bto-bfo/seed-1/final.npy,4800128,407993c5938c7c546d0e0d7934bf1c2def3755a17ceb8a802107db28f90b726b
core-main-checkout,smoke-initial-mach/bto-bfo/seed-1/routes.npy,608128,82df4740a66eaf946f93b27f1cb0772136ac74cf2300f479fe10254da98d715d
core-main-checkout,smoke-initial-mach/bto-bfo/seed-2/final.npy,4800128,aec27d9a0f6d35d59cc56cff3de7d9dda21e9121a02a5096ba31d676da933cec
core-main-checkout,smoke-initial-mach/bto-bfo/seed-2/routes.npy,608128,8a708fe9aa07802d5716ebcf43b20fe763a836bc81cf1436fd9e692320cc6bdb
core-main-checkout,initial-mach/bto-bfo/seed-1/routes.npy,608128,b3d3d4c308801a12522f2024596b777ae945c0a2008bcebd66b46fda617cb34c
core-main-checkout,initial-mach/bto-bfo/seed-2/routes.npy,608128,a707920356864856a760702a1d6d5d996f3443c45964b92767d0abe46acc9e3d
core-main-checkout,initial-mach/bto-bfo/seed-3/routes.npy,608128,f793fdc9afb5ca9fbf7c2352d8aa9fc171f8eadd7759d16d778177d90e9fb76a
core-main-checkout,initial-mach/bto-bfo/seed-4/routes.npy,608128,622a58c566474870ea8dbee329b6b1839f278fce6427ca82b796a3979c966658
core-main-checkout,davey2016/bto-bfo/seed-1/final.npy,336000128,261cf597fa5e1c95f44c888189824f0512117c0f2b1cfb55da0a512c48f1260d
core-main-checkout,davey2016/bto-bfo/seed-1/routes.npy,608128,a78719174205d0b86a1b88a8228ca3b2fa9bb0d5c310e119797afe732606dc6f
core-main-checkout,davey2016/bto-bfo/seed-2/final.npy,336000128,bf696bc2e66b748415e3d93baa8417f0e6128a39efe28be072c0b21b28fb8fb0
core-main-checkout,davey2016/bto-bfo/seed-2/routes.npy,608128,77e566f210956c6579ae23014d9799e259001512d75a22225b3eaef1d0c58b97
core-main-checkout,davey2016/bto-bfo/seed-3/final.npy,336000128,552cfc9b8337a61ed395ff8283a9ba87e1fbddc64fbb4e21fa0a1bfa9115f73a
core-main-checkout,davey2016/bto-bfo/seed-3/routes.npy,608128,b83aec246009bea22a3402d239f66eee58c50376684db5cc4330f2f0a18da596
core-main-checkout,davey2016/bto-bfo/seed-4/final.npy,336000128,1a3cbe3f489f6951bf618c091d648a23121cd0eabc74bf68e6a97380006cb5f7
core-main-checkout,davey2016/bto-bfo/seed-4/routes.npy,608128,469995b64d83abf4621a8117871d5e2bfbdae711481da92074e1b1286e3d6bb6
core-main-checkout,davey2016/bto-bfo/seed-5/final.npy,336000128,bc8eb09c958d98aa1a0aa28ef6c8e077d52bb0a0eaa530c2cdb24b9d2a931b6d
core-main-checkout,davey2016/bto-bfo/seed-5/routes.npy,608128,36b2c6070ac6f15f66238da0bf4a6e84c0aa17ba2a99bd202636726eaa300bac
core-main-checkout,davey2016/bto-bfo/seed-6/final.npy,336000128,fedeaad26fe94383476eb901e64d51ef3da38ecd3ceb738f45b0408b96dbe60f
core-main-checkout,davey2016/bto-bfo/seed-6/routes.npy,608128,362ce247d6987071d8820ba119dabc1322c6f9da48bfcf6f1e97f48e72be5626
core-main-checkout,davey2016/bto-bfo/seed-7/final.npy,336000128,cec099addf47dcf60f5f6f3627956738b257548e32e0408a0a9631dbe9233a2a
core-main-checkout,davey2016/bto-bfo/seed-7/routes.npy,608128,1dc6570903291f459a71bf1a03c9d45d54ce4dff50de8272d7fccaa415311c4a
core-main-checkout,davey2016/bto-bfo/seed-8/final.npy,336000128,4a06f8dafb8466765b8148f040811e2972314266ef6b99f3598bda9c10707bf3
core-main-checkout,davey2016/bto-bfo/seed-8/routes.npy,608128,04f19386c0148655692fe087d9d6e918736845042014fb05a452a785a2d1c03b
core-main-checkout,davey2016/bto-only/seed-1/final.npy,336000128,5e10d2309dfc3f49f08eb0d4c46cb2fcbedf77e0225894245693d008d5991fd1
core-main-checkout,davey2016/bto-only/seed-1/routes.npy,608128,14136790a7a489184dacc7747b8234ec1133cca48d9bf724c1ec204c0a94fc31
core-main-checkout,davey2016/bto-only/seed-2/final.npy,336000128,47ffd85947460c1cc16815910bd785f930f5233438a98d2b8fc18c1af61c19b1
core-main-checkout,davey2016/bto-only/seed-2/routes.npy,608128,77108930f6ae3e79fb2a2c692f5e63508da14d4eedb131e5c5a355e56015da0f
core-main-checkout,wind-off/bto-bfo/seed-1/routes.npy,608128,d6718405f415dcd3207edd1b1b5f570896d0624dd5b30177c29ba06e24049100
core-main-checkout,wind-off/bto-bfo/seed-2/routes.npy,608128,e4c0f72a4d657f22737c6bab06f272456c640ae0fbd5629c009d2263058dd746
core-main-checkout,wind-off/bto-bfo/seed-3/routes.npy,608128,c604e1d64f639f8d073e26e3a8687cf12da071ddca436265c6111e726a3f20cd
core-main-checkout,wind-off/bto-bfo/seed-4/routes.npy,608128,0ad80634c0a6c709f85377bb0a1c319c16de7ead2874f17258a68b45222f3f51
core-main-checkout,wind-off/bto-only/seed-1/routes.npy,608128,a9b1f6d07a2ba9dc77fa38af53cf506ee0cab77b58973266c2b1b7c91842b816
core-main-checkout,wind-off/bto-only/seed-2/routes.npy,608128,0e11e0ea2909a17fb5f5e6bec65d7e3f6a5f4c68e08d6de6dc50ab37aaae02ac
core-main-checkout,fnl/bto-bfo/seed-1/routes.npy,608128,3c837e150d7807dfaabdb03aaaf0443e1978c0db1e5e2636f7d16ed3d1048020
core-main-checkout,fnl/bto-bfo/seed-2/routes.npy,608128,be98aac19db0b261f6529b4c30c479ca01ee315b47b1c23d856d4709e30f91d6
core-main-checkout,fnl/bto-bfo/seed-3/routes.npy,608128,b711647df2eca3d1c74fca115e5a5483a63c1d15cd04fbb287897ba98cd2edf1
core-main-checkout,fnl/bto-bfo/seed-4/routes.npy,608128,a774428f156e9554c362f4ee799c81f44ff1dde482c6257410384cd7436f6452
core-main-checkout,fnl/bto-only/seed-1/routes.npy,608128,11cd29eb8772c049afb24be514cda96e540efc01a405c2504cd290382b415f30
core-main-checkout,fnl/bto-only/seed-2/routes.npy,608128,e5c762b15acfda538b9c61bfdf458c57bd90cbe63bbb2c74de664e6accd6197b
core-main-checkout,merra2/bto-bfo/seed-1/routes.npy,608128,167638e075486f075caad8eb1c6c303d4740df49448d7b2e020194049a76c59d
core-main-checkout,merra2/bto-bfo/seed-2/routes.npy,608128,62519cea0dc17078917d452d9d47db8c4de0c76adfeefc772021cc723cebc888
core-main-checkout,merra2/bto-bfo/seed-3/routes.npy,608128,0f43150f801f8ec70b7e47fc5057486b23532a4f2cde3ae29fe9cdfdc968b9f0
core-main-checkout,merra2/bto-bfo/seed-4/routes.npy,608128,2512d2dbbf0189443b5bab51e92e06f46c7ae81b74dcd5e7e5cc101cdd7944eb
core-main-checkout,merra2/bto-only/seed-1/routes.npy,608128,04a5cdadfe5c41dc0737863e108929891eda19214bbff5af000c77e472721266
core-main-checkout,inmarsat-ephemeris/bto-bfo/seed-1/routes.npy,608128,5f2866f9363aa8a8dc13973f401048a4d383e3031ffba91bad8d85bca0176371
core-main-checkout,inmarsat-ephemeris/bto-bfo/seed-2/routes.npy,608128,cff522f2342e2ad40f6549b8e85d508cff4a320f869ade3044c7366d1ea57aae
core-main-checkout,inmarsat-ephemeris/bto-bfo/seed-3/routes.npy,608128,53c8f19cf3ecf669d84168474b85385051712ce3972002c5721c714104c14478
core-main-checkout,inmarsat-ephemeris/bto-bfo/seed-4/routes.npy,608128,3e678795dc4b1d11a8397a008fd00cb0f7ad86926fa7821f60e19ed34948128a
core-main-checkout,inmarsat-ephemeris/bto-only/seed-1/routes.npy,608128,ca2c27b8c45112f796e5359fe25d1c765d230e35b15719648bc4958ae38693d9
core-main-checkout,inmarsat-ephemeris/bto-only/seed-2/routes.npy,608128,6382092a53559185c457d192f0fc3c2f65052e3621963b19b0a300e46983584c
core-main-checkout,residuals-to-0011/bto-bfo/seed-1/routes.npy,592128,e7fd5c9e9366f020b20f16e4faa4f85e361d4d5a74354521aaf03c385dd698c4
core-main-checkout,residuals-to-0011/bto-bfo/seed-2/routes.npy,592128,571e5c54c0ea20b41cadb424db90627f827fcab5fba60bac912b16327ef36c5d
core-main-checkout,residuals-to-0011/bto-only/seed-1/routes.npy,592128,bbec21c9a97bfffa463d9389bf486e1c461f561e442800b123510564d9c72e89
core-main-checkout,residuals-to-0011/bto-only/seed-2/routes.npy,592128,cba15a19448742e4635f376c236b493e2da1bea2f907bcce04c3e6d79f116d85
core-main-checkout,declination-reversed-to-0011/bto-bfo/seed-1/routes.npy,592128,996172fe84293f78564970d763368b7238c3bc747fffce5dd11f252c8653fdce
core-main-checkout,declination-reversed-to-0011/bto-bfo/seed-2/routes.npy,592128,b00dab6a2ba21378e5f135ef4854568e7c5d00951aae196b80bd233cc1262c67
core-main-checkout,declination-reversed-to-0011/bto-only/seed-1/routes.npy,592128,0cca34cdd3d69f56954bf3c7e24a4124c8803dbf2d4d18b94aa490c370e17f24
core-main-checkout,declination-reversed-to-0011/bto-only/seed-2/routes.npy,592128,f78a2ae8bd65f7220c8506632814493d4da52cfb3faa4470dbdcf045449eba01
core-main-checkout,sparse-7k/bto-bfo/seed-1/final.npy,672128,b994cab28813365a270839de378a561b570a59382df08b293a4b64904273768a
core-main-checkout,sparse-7k/bto-bfo/seed-1/routes.npy,121728,2231262972cd2cb3402e5d112f498ff52ee1b300ee9f24ccd1330df8ea0e8d5b
core-main-checkout,sparse-7k/bto-bfo/seed-2/final.npy,672128,bd39e5b9ab0f8cbe21990a27d3a0182db977c9abd13ae8f900ae8bd7af9e6cf4
core-main-checkout,sparse-7k/bto-bfo/seed-2/routes.npy,121728,6b4b92a815be846734ca8561ce4ab5f14ce3ef277327c78687d532e428b5164c
core-main-checkout,sparse-7k/bto-bfo/seed-3/final.npy,672128,541dc56edecbb82335f21b19ccdb4ddeaaf8432ef6ab4faf8cbd6238ff3e19c4
core-main-checkout,sparse-7k/bto-bfo/seed-3/routes.npy,121728,7e77f5efcccee8a6dd797ffcd0e92486edd8daf3d5e81e3b9357f9a05af32d71
core-main-checkout,sparse-7k/bto-bfo/seed-4/final.npy,672128,c7296e70eb3a405f5e093b120730ddd5f5512f2678b228c829d37101ed48ffcc
core-main-checkout,sparse-7k/bto-bfo/seed-4/routes.npy,121728,95994e312dc4c1490c5eb52c9fe5d150af22adf3d0af592b15c01c7d078457c1
core-main-checkout,sparse-7k/bto-bfo/seed-5/final.npy,672128,f072c6d071ca74756663c9f8bff8bdb608ed46dd5d80bb0940636f9dee290991
core-main-checkout,sparse-7k/bto-bfo/seed-5/routes.npy,121728,f9560d5ab31b4afeb5134cc1ee08b776fccfd391cf5a7f16413fb87ecb36c49a
core-main-checkout,sparse-7k/bto-bfo/seed-6/final.npy,672128,fb1628067e1845f00b9cb6fa3f41df2c6e13fac3003c1d8299aa5b6803699bef
core-main-checkout,sparse-7k/bto-bfo/seed-6/routes.npy,121728,e3d50dae0ec1e29101a5314e73f899337a35a691c6becc84bb9dfd962a3108a0
core-main-checkout,sparse-7k/bto-bfo/seed-7/final.npy,672128,c177a05324a27018947a2e8361e10a8369902c6977951323f1d0964fdceef39e
core-main-checkout,sparse-7k/bto-bfo/seed-7/routes.npy,121728,1ea26c9c1ea11b9115a978bff1d85e9f7f549727f41ae719916a09f971d894ce
core-main-checkout,sparse-7k/bto-bfo/seed-8/final.npy,672128,2c2f6f66ab03963c22b7f8a8b9ac6671a9148b85286c6d55866a7529589505a3
core-main-checkout,sparse-7k/bto-bfo/seed-8/routes.npy,121728,914ba7edd2fffc5c9836294ab9f21b8146c55f3b91b40ffc20da1226043310fd
core-main-checkout,sparse-7k/bto-bfo/seed-9/final.npy,672128,4ac1bfb50eb69a56345e93902fbe108cc07553e4a13aba5ffd2df73d4550abd2
core-main-checkout,sparse-7k/bto-bfo/seed-9/routes.npy,121728,b1e80878da9d343477be01c4c6e147a2ac65d071187aebd89ef6a0f30f6b00f5
core-main-checkout,sparse-7k/bto-bfo/seed-10/final.npy,672128,6d6ba66751d3baa7e7c733341f86320bbf4d924002157da24246a1f5f8a7673d
core-main-checkout,sparse-7k/bto-bfo/seed-10/routes.npy,121728,95880dac048b9c28a62fc38a9466fa4c316ae1f12b58127e724a46402e1bba84
core-main-checkout,sparse-7k/bto-bfo/seed-11/final.npy,672128,f1f0d004627665277bf4e2f6489ca5bef8c84285c5014a0b2f5a3efe995af759
core-main-checkout,sparse-7k/bto-bfo/seed-11/routes.npy,121728,02be1f2b35dfba86f986ac92ca8dcfd3cf1ed2491a51df37c64f3c1b119ec551
core-main-checkout,sparse-7k/bto-bfo/seed-12/final.npy,672128,cee520923b7c9dbef8b122554776c7e53f86e0ba0603fcf5c9dd5ee5f2913065
core-main-checkout,sparse-7k/bto-bfo/seed-12/routes.npy,121728,7c6caf630692fec5beaae4b1536400729b76521711a20cea541dbb40989eea43
core-main-checkout,sparse-7k/bto-bfo/seed-13/final.npy,672128,c88700ad991a0a8b758526ba9752620c66ebd85573c95d6b4708077aef2133b5
core-main-checkout,sparse-7k/bto-bfo/seed-13/routes.npy,121728,4b5ac7d9116c978629c365ea617e6f0e31e1e00213bd07f30ed4dd8054bd3b7a
core-main-checkout,sparse-7k/bto-bfo/seed-14/final.npy,672128,d792e8b4b779aac999df47f810bc02885c7cd5f3a982ba044d3c0161e726d3c6
core-main-checkout,sparse-7k/bto-bfo/seed-14/routes.npy,121728,68f82be856e71504dcdfd7d2b0039a1890f622aa4db5a0a22ab6a55495148956
core-main-checkout,sparse-7k/bto-bfo/seed-15/final.npy,672128,ea7c36305f00087c4f21f9e6fcb8d9f9634ee699b3c2fe6a4c48b573afa92979
core-main-checkout,sparse-7k/bto-bfo/seed-15/routes.npy,121728,113c9537e402d536020353628680c5546545e122a4bee49add3a64e8a7d51542
core-main-checkout,sparse-7k/bto-bfo/seed-16/final.npy,672128,8649952ea84bac8cc9bffc9a21dc211716ae79bc90e226dcfedc40c6d7bffec9
core-main-checkout,sparse-7k/bto-bfo/seed-16/routes.npy,121728,6c700cdb139bb29368e960758f7a0ec6893a56bf92f5bb16a9029f271e791b26
core-main-checkout,sparse-7k/bto-bfo/seed-17/final.npy,672128,b1006635e82161d37f646252c72bec67f9ed038b0a72a4a2f63dc179ee317817
core-main-checkout,sparse-7k/bto-bfo/seed-17/routes.npy,121728,755ae8903d51b78f6269d1e78f447283a90d9b7ddfde9eb66910a657d41ae109
core-main-checkout,sparse-7k/bto-bfo/seed-18/final.npy,672128,e93342adbfe5a723069c274bceb1bfc8ae9cb88216c5a4be1cef0e8a213be8c3
core-main-checkout,sparse-7k/bto-bfo/seed-18/routes.npy,121728,0788e2e50b8895aecf4e623eb190d65c765f31a93c0f62a615c744e62eddf7ef
core-main-checkout,sparse-7k/bto-bfo/seed-19/final.npy,672128,f44e44d03062778bb0ef62a26237ec3077767d625e98546193abc3c0142f05b0
core-main-checkout,sparse-7k/bto-bfo/seed-19/routes.npy,121728,1b51073e948faeb363f19575b9679b6ffddbd56f1dff9b147b12750a1e2802ae
core-main-checkout,sparse-7k/bto-bfo/seed-20/final.npy,672128,2485efc909cce7179d94246ab89d5fc1d12795fe81d8f584368665ee726f4adb
core-main-checkout,sparse-7k/bto-bfo/seed-20/routes.npy,121728,7ea2e72b47a61fc1d734a7fa905c5d0877e6ebc9bc5cc222ec03f7119b113cc0
core-main-checkout,sparse-7k/bto-bfo/seed-21/final.npy,672128,41dadd49ed3aa173e637a80683930c92177c4c55539af4c5fe9563316d1bfc70
core-main-checkout,sparse-7k/bto-bfo/seed-21/routes.npy,121728,57442cadfceef7ba21d35d0aaaa558f74a44b6a9c6d42ac4ccde07bb5d35784f
core-main-checkout,sparse-7k/bto-bfo/seed-22/final.npy,672128,437e02a49095d8195af9218192bfa7eee9a24a55db50e3f8e7b637a37f533408
core-main-checkout,sparse-7k/bto-bfo/seed-22/routes.npy,121728,f305ec5f30b35c815b793fbb233b62b7c40146b010407e39e7bfbd99ed055dd7
core-main-checkout,sparse-7k/bto-bfo/seed-23/final.npy,672128,b3a77214c6805370233c2d22c137fcbcca494d909ae6c91d5c556bb8cd3ebf2b
core-main-checkout,sparse-7k/bto-bfo/seed-23/routes.npy,121728,135e8e3588a074b7ba18eb87bcada4c2707e2bd388b9e805ed9fea82d65333af
core-main-checkout,sparse-7k/bto-bfo/seed-24/final.npy,672128,74d475ec4bb7de09019a50e7a803f62ea48693ce60a859fb39b032a0c6af17d4
core-main-checkout,sparse-7k/bto-bfo/seed-24/routes.npy,121728,2ad525f3ac19fd15131d16f000a0d73e880442442ee8267d72861197e2f339a9
core-main-checkout,sparse-7k/bto-bfo/seed-25/final.npy,672128,6dee44d72a8cc2fc81c730ca6eef6e1abebc69493a9446dbab8421bf4725a6c6
core-main-checkout,sparse-7k/bto-bfo/seed-25/routes.npy,121728,b78861c68c2534d51ba0996abb23660615f2fa3f1d3b0df8738be9e2fc841c26
core-main-checkout,sparse-7k/bto-bfo/seed-26/final.npy,672128,9726dfbea88cfbf297235fb7a1bb744ce1970d25fc6a1a1bcd65baf65f9cf8c9
core-main-checkout,sparse-7k/bto-bfo/seed-26/routes.npy,121728,68376e8c4853b0da2580e8197faaa1eec6f0ff10cb73779fa504359b6dfb4c2f
core-main-checkout,sparse-7k/bto-bfo/seed-27/final.npy,672128,2efbc0358a39d6aa34a3b5bb0023491176a6b0decc54ed8c8891eecf7a8121de
core-main-checkout,sparse-7k/bto-bfo/seed-27/routes.npy,121728,70302d134e608f78436e9755c39762483fe54c6d6bbfa6a7349a2fb896076fb6
core-main-checkout,sparse-7k/bto-bfo/seed-28/final.npy,672128,f4777a923c305dc2f0bb96bdbfc12d3132ddf5e1360ed3f1a4fd0ff64f66a1ae
core-main-checkout,sparse-7k/bto-bfo/seed-28/routes.npy,121728,7581dc6ccf38b6aaa8617444e6706b5fbc65a1c58bdaa093fe04ceb50a115213
core-main-checkout,sparse-7k/bto-bfo/seed-29/final.npy,672128,42f0ec0f744be672dd831c077636dc07c40fc5acac1a4ef34787daac7d354b3f
core-main-checkout,sparse-7k/bto-bfo/seed-29/routes.npy,121728,94f3e9b6543451f3c6cdaf22eda040347a77f0aced9921ff278db1c8cfee27b4
core-main-checkout,sparse-7k/bto-bfo/seed-30/final.npy,672128,1e1260b5938ebf2e9e4803083c7742a468f8e50efa156538cb67677af2cc96a0
core-main-checkout,sparse-7k/bto-bfo/seed-30/routes.npy,121728,df4bf476dbd7976abbddb8e51186b6dfdf32a1ecdfa4292d0116e7997980843b
core-main-checkout,sparse-7k/bto-bfo/seed-31/final.npy,672128,82793a377cbe1c19d7b8541bd36f0837f4729d548104087fc0dc5fd1f4a1081f
core-main-checkout,sparse-7k/bto-bfo/seed-31/routes.npy,121728,00b279ab43306b4672e17750d7630786c3eae114274f1700052db0268799f6fc
core-main-checkout,sparse-7k/bto-bfo/seed-32/final.npy,672128,5b52167b0a5d88cdd1642e2dddf3511c3728ad88b25cfe7cb6319417e39704ec
core-main-checkout,sparse-7k/bto-bfo/seed-32/routes.npy,121728,44f63af90e64dc0e41fdd17c70b369450558acf78cc6ce9a7ae68fc34c5b0a63
core-main-checkout,sparse-7k/bto-bfo/seed-33/final.npy,672128,ff26bc7123ecb67b91dd79c39057b795d00a09e9ac6809d30a48db451056b321
core-main-checkout,sparse-7k/bto-bfo/seed-33/routes.npy,121728,faa25463d80e3e45e812d8bb4019e6364b558637e2e39dd61a3a2da4acbceffe
core-main-checkout,sparse-7k/bto-bfo/seed-34/final.npy,672128,b810f4ac7dc3ac62640a574211a177290934aadbc4d361ae6ff6549dc8fbd8ef
core-main-checkout,sparse-7k/bto-bfo/seed-34/routes.npy,121728,d2acfa300a44ce15d5949bd98fc5e4bd6d38669d354f7a5b8b0d92b9e4aa25f2
core-main-checkout,sparse-7k/bto-bfo/seed-35/final.npy,672128,2c7275047314d2cf8198c62fdf1a60ca098f418c79df6dc4d1b78b6171199263
core-main-checkout,sparse-7k/bto-bfo/seed-35/routes.npy,121728,7dcde097029a15e3df1ba23d92c64528efd33505308270ac603a6aa5dc5c82a5
core-main-checkout,sparse-7k/bto-bfo/seed-36/final.npy,672128,c1990fd32e8583d3f2416d98dd9ca862dbbafab72e72185fead0978d5182c426
core-main-checkout,sparse-7k/bto-bfo/seed-36/routes.npy,121728,f675fad70591af48d2bd112de75d66d4369b343589a20a75f05714d7de6a7a5e
core-main-checkout,sparse-7k/bto-bfo/seed-37/final.npy,672128,e3e5b735d9809fdc61e32391ea4d048fbdd4765410493c23e9e1b377f365d987
core-main-checkout,sparse-7k/bto-bfo/seed-37/routes.npy,121728,1a0b8527c9f7291aba6808f88511b0f0b93e23cc36ee1de9d2b9e23f18073338
core-main-checkout,sparse-7k/bto-bfo/seed-38/final.npy,672128,cd7da2daf748b4b23a78bc06092a0569a746f98d9de3baec1568e10feb27ca53
core-main-checkout,sparse-7k/bto-bfo/seed-38/routes.npy,121728,d569d0e28a8ff83fa0b9ed8a70a3cf0660b1edc67b03cbdf4b979ccacdb06815
core-main-checkout,sparse-7k/bto-bfo/seed-39/final.npy,672128,6a21785749d2f74c62b8f7bf7dd024b65ecdd73c21033cdcbc724ff21975cea9
core-main-checkout,sparse-7k/bto-bfo/seed-39/routes.npy,121728,ca4c6491b173612d069530fc5753c079ee11c49dbe157f4d7b228207648bc307
core-main-checkout,sparse-7k/bto-bfo/seed-40/final.npy,672128,c08f84007aeeccce3ace974f26065efcd573a95dfd4df4f24191ea140fb0d63a
core-main-checkout,sparse-7k/bto-bfo/seed-40/routes.npy,121728,18d81581ca95ec473c5178c1fd006bdcf902bb018386809f486e3fa8c68a8633
core-main-checkout,sparse-7k/bto-bfo/seed-41/final.npy,672128,a93008453006a3772141a2ff68cca8864a632ca1e89176135d3d86fff34cfc8c
core-main-checkout,sparse-7k/bto-bfo/seed-41/routes.npy,121728,d63f639d1d747af7298a904c602e8b50c99907d6ef29aa5ed1dacf56af6a02a3
core-main-checkout,sparse-7k/bto-bfo/seed-42/final.npy,672128,81d3564743a418a5aab6597fb492841514632ec504ab2c58de7f5b2dd644b3bc
core-main-checkout,sparse-7k/bto-bfo/seed-42/routes.npy,121728,958e352436f36c37a31b8e6e211e5aec93520bed004c995fc0f01778ebf954d1
core-main-checkout,sparse-7k/bto-bfo/seed-43/final.npy,672128,2adcd07ca4063a9b148b2b896f6b4f957147fd2497d8b631bb4c789bc9ec54bf
core-main-checkout,sparse-7k/bto-bfo/seed-43/routes.npy,121728,cfcb12e003d48412b0c7f461ffab2c237a50d73f08fdb811ec6f1e4ef91b26c8
core-main-checkout,sparse-7k/bto-bfo/seed-44/final.npy,672128,9f32dfb6098ee44d4724ad28b4055d1a8e4605575025bf4e9e79c28a9fc8dc77
core-main-checkout,sparse-7k/bto-bfo/seed-44/routes.npy,121728,14b0568b3fbd0fc942c30ab400d8ac1377e5af3ca4386b24be455fc976853767
core-main-checkout,sparse-7k/bto-bfo/seed-45/final.npy,672128,ca7c3d16815c605fed84852b35ab27a49ecf81a7b0268ae01f0cbed99a02d68b
core-main-checkout,sparse-7k/bto-bfo/seed-45/routes.npy,121728,f7214d7268fd2e406ae9868c49ef6ffcc5e9cbb174d7212b367a4ccec5c4a9b0
core-main-checkout,sparse-7k/bto-bfo/seed-46/final.npy,672128,bbd6b4666cdb715fd507048edb4035a5066c65e99bb855b8be5d81bec41db0ac
core-main-checkout,sparse-7k/bto-bfo/seed-46/routes.npy,121728,dd048a045ff985a7885d259c31f65d73d86313d90b36856bf163dbdb5d889987
core-main-checkout,sparse-7k/bto-bfo/seed-47/final.npy,672128,98a3a586f414cc8c02f35c39c10d552e0ef695589902d925ce582ef6f07a2788
core-main-checkout,sparse-7k/bto-bfo/seed-47/routes.npy,121728,5b415a012699aa0129bd440e1d5ca65bcb7a5727f425487eab393ecf4ebbf288
core-main-checkout,sparse-7k/bto-bfo/seed-48/final.npy,672128,dc81c27414c326e16326284137084a3476c8853599fb196a8cf810e09889eaf6
core-main-checkout,sparse-7k/bto-bfo/seed-48/routes.npy,121728,94284733106efd283e4da8d6d4338357dea936c093787665320757ae2fcf1417
core-main-checkout,sparse-7k/bto-bfo/seed-49/final.npy,672128,25ae278ad9b88720a3112294b2b885f89142623a335bdaff6ef99a75fbad8cf5
core-main-checkout,sparse-7k/bto-bfo/seed-49/routes.npy,121728,a23d1ac3210ea838020e64dbdde304a24eb1c1163e25cd0aa672d26ffadc7d10
core-main-checkout,sparse-7k/bto-bfo/seed-50/final.npy,672128,ee824d5090ed1ae94dc59928bed55f85b380c271ca0f98950237a5e5f591cde0
core-main-checkout,sparse-7k/bto-bfo/seed-50/routes.npy,121728,645ba2ec177d2ff851d59d1f38ee2486049629ce2060fc360995bd432a38d6c7
core-main-checkout,sparse-35k/bto-bfo/seed-1/routes.npy,121728,4a6611ba6374d95a555608827aa37f306de100fc8b12c9b3fa14f9291e30fd7b
core-main-checkout,sparse-35k/bto-bfo/seed-1/final.npy,1680128,1bc01e23b525be908b4693f55db44c3ce19bf6e297c6f1651e3d1680bf6f3bcb
core-main-checkout,sparse-35k/bto-bfo/seed-2/routes.npy,121728,422ed63ec4cca01f8a817b0eba91b071cdb2cc84c96202997cbed0cd71761a01
core-main-checkout,sparse-35k/bto-bfo/seed-2/final.npy,1680128,eaabfbf706e18225d5775f841de445f1b72d0565d20ad1c7d84527af68a4556d
core-main-checkout,sparse-35k/bto-bfo/seed-3/routes.npy,121728,766b5aa8d8e94c1a057dc92cc9c3029b227bcb4cbf3111dd045e74c88a668531
core-main-checkout,sparse-35k/bto-bfo/seed-3/final.npy,1680128,30bf30630518893e6f707cd7a37fbb5bae1a4632139af84794af1967b7fcb799
core-main-checkout,sparse-35k/bto-bfo/seed-4/routes.npy,121728,93f402652c9c96accc94e8bf0af846db57375102bef931de49f4426d2f08e1da
core-main-checkout,sparse-35k/bto-bfo/seed-4/final.npy,1680128,eb69547acead3b5b5a3a0a44b517810456585a1b31f82f7a5c61c92f66020634
core-main-checkout,sparse-35k/bto-bfo/seed-5/routes.npy,121728,128b6543236bd039252379d266bfb502fa3d1edbd232c70f165138f31690f24c
core-main-checkout,sparse-35k/bto-bfo/seed-5/final.npy,1680128,aa23a41961d164ce18118197d8f84d61f78639da8b86078000bb60802dec01ef
core-main-checkout,sparse-35k/bto-bfo/seed-6/routes.npy,121728,733c349a4c3c62ac278d6cb39762222daaea84a168005472e0d985b983364f38
core-main-checkout,sparse-35k/bto-bfo/seed-6/final.npy,1680128,efe0d9e8de70f839d1cad7d76540fab67da6b3e0e79e1707c0c341c482c57462
core-main-checkout,sparse-35k/bto-bfo/seed-7/routes.npy,121728,2ae74c45bb6fc4cd8c15bc7467e9f1bee777cd24a268501bc9574a8e3991e203
core-main-checkout,sparse-35k/bto-bfo/seed-7/final.npy,1680128,64e4a9bb0f19ee090d3b5709abffd2501d05071117c8822be879318d23ac8ad1
core-main-checkout,sparse-35k/bto-bfo/seed-8/routes.npy,121728,bb9ac82857604629937bef20e167498952b0426b177e6815fe2201abe1c5cc1c
core-main-checkout,sparse-35k/bto-bfo/seed-8/final.npy,1680128,147e23fd0fe66007b836244467a58e2dad7469c6be5a5b73ce6dc2ae1c5941c7
core-main-checkout,sparse-35k/bto-bfo/seed-9/routes.npy,121728,ace21a3ea524d8a1e1d1eb8fbfaf9966172f8466d024ba228f4ba4758e737b74
core-main-checkout,sparse-35k/bto-bfo/seed-9/final.npy,1680128,5ab81596b31fcda4419607088ade9c7e143747f49b969e550d0da748034247fc
core-main-checkout,sparse-35k/bto-bfo/seed-10/routes.npy,121728,69ecf460f4e16851e5daa7ad59ce5d86785a13db03e48888f0645db5eafdc0cd
core-main-checkout,sparse-35k/bto-bfo/seed-10/final.npy,1680128,7453be7cb141d4db65dee6c35a27d7d089b4a98da9f2196a01a46fb0343906c2
core-main-checkout,sparse-35k/bto-bfo/seed-11/routes.npy,121728,9d968b81d2ad766224f2e2abe69e40b92402d5ff357e31b31d2eb784131e9756
core-main-checkout,sparse-35k/bto-bfo/seed-11/final.npy,1680128,57e82aaa148000a2aee149a1b8fbf6d6f50ef46aa4abf89a74878de9c95db48e
core-main-checkout,sparse-35k/bto-bfo/seed-12/routes.npy,121728,9ffa5baa44995c7f7c73d723c45ca89cbab66dbde051d2908bd2b4e053e536b0
core-main-checkout,sparse-35k/bto-bfo/seed-12/final.npy,1680128,72b17bdd7ae28fcc92fd2a8cce08243b2b683cf7a3bb26b62779e4ca4643ceda
core-main-checkout,sparse-35k/bto-bfo/seed-13/routes.npy,121728,51a9cdff3319231a02d84e29648d91ed0a5c8df212572b60a3b9342a48b42087
core-main-checkout,sparse-35k/bto-bfo/seed-13/final.npy,1680128,93d8015f9057afb78b96b2c0fec69dc1353b0e1757a1278304c78b288e2a22c4
core-main-checkout,sparse-35k/bto-bfo/seed-14/routes.npy,121728,2475abd3190cc915794a30a8ea9add9679f1b58119067e99b11564e07c0e5a82
core-main-checkout,sparse-35k/bto-bfo/seed-14/final.npy,1680128,36fccb58239f16e05796b53628c35963997e4fd130aa54d9aa9597293f2b0785
core-main-checkout,sparse-35k/bto-bfo/seed-15/routes.npy,121728,39e515dae274da806e3a266017b92d82e20d33f89db3f8c7f68a4a10cfc43500
core-main-checkout,sparse-35k/bto-bfo/seed-15/final.npy,1680128,3c93ca3cdd530e2420c600bf09ac3ad676255f220826994d3b3c63bfb3160978
core-main-checkout,sparse-35k/bto-bfo/seed-16/routes.npy,121728,b7a187325785eb407c48399dba25f4d22ed1a9d24fca1321a78f2f681ce25b68
core-main-checkout,sparse-35k/bto-bfo/seed-16/final.npy,1680128,4ab8a73e2d1c5688c6c38bc863b39c09c53336931a00ac950b7ca256484230f4
core-main-checkout,sparse-35k/bto-bfo/seed-17/routes.npy,121728,4e9c8f6d0dbed7ba206ecc67adc3dfc596c364e4d709b07bea1053fa58867a0e
core-main-checkout,sparse-35k/bto-bfo/seed-17/final.npy,1680128,06a717b9adad3bd536258d5d900951516d4d456c896339ebb12945ab84880115
core-main-checkout,sparse-35k/bto-bfo/seed-18/routes.npy,121728,10cc6af6853b5769c7e025a94233095d70353e8cd38eb4dd76fbdcf97904e6d3
core-main-checkout,sparse-35k/bto-bfo/seed-18/final.npy,1680128,899a3da15035cfbf373b86efaf8510c185f33c1d943dfb813d65dfd931a7b304
core-main-checkout,sparse-35k/bto-bfo/seed-19/routes.npy,121728,ba6731321a730b9827ebfb44d01e946df6358be031a97110f32175e1fa4922e7
core-main-checkout,sparse-35k/bto-bfo/seed-19/final.npy,1680128,6f6839371d7230a34bfa4de539d5c586717cd0068d4a71166e2f7919956becab
core-main-checkout,sparse-35k/bto-bfo/seed-20/routes.npy,121728,0ed5c38601293abbed5c69e8e7e78ecc9c90f8a87cac765020f9c35508d78a98
core-main-checkout,sparse-35k/bto-bfo/seed-20/final.npy,1680128,69abbc98885af83877b8746686f8e2a7ce75f2aad61d494cbf68f609e9f0997e
core-main-checkout,sparse-35k/bto-bfo/seed-21/routes.npy,121728,4078df8dd25d0c80af90102204ec8b8fe1b9d6c3025bf96dce7853f7c9e20860
core-main-checkout,sparse-35k/bto-bfo/seed-21/final.npy,1680128,f2193383caee721083d59cef8bb36a3764c13f3287140d3a97fea7a0acf141c5
core-main-checkout,sparse-35k/bto-bfo/seed-22/routes.npy,121728,0f8059265522d7e8f15fddae0b15632f1127776f0c16e5fc3597bfc4ae2c45d3
core-main-checkout,sparse-35k/bto-bfo/seed-22/final.npy,1680128,4858c283bab986fac08c7160b904bed724aa0ab10b2d9330f90ff9f8a859b1c7
core-main-checkout,sparse-35k/bto-bfo/seed-23/routes.npy,121728,038e4ee17a6a12e487e72723d6a1456daae33b662f4a7d6be5f1f01c06ffe42e
core-main-checkout,sparse-35k/bto-bfo/seed-23/final.npy,1680128,338fd11bed99b039fef3acad6f5a48dd165ab94ea720857c53d6ec57bae9b20e
core-main-checkout,sparse-35k/bto-bfo/seed-24/routes.npy,121728,3c54e3204e146feaeecb6ae89141f5558dd26cf9f19169e362379991d9fac0b0
core-main-checkout,sparse-35k/bto-bfo/seed-24/final.npy,1680128,b7d7c90985b7bcded6ef33c170451da178a472ae070071a21fc3fd590ff3cefa
core-main-checkout,sparse-35k/bto-bfo/seed-25/routes.npy,121728,e135e5b91eb939e3eedd97bc6e5c10cd429c731f2b9362faec2a7ad9e5d5c5a7
core-main-checkout,sparse-35k/bto-bfo/seed-25/final.npy,1680128,61b6cfe0ab7e4aaad8990cc549753ed30d7ffb9892b01a07456ff3d6bd996ed0
core-main-checkout,sparse-35k/bto-bfo/seed-26/routes.npy,121728,6251ec922eb6d5ec57367b736a2a331e8e9f94a696ce70a38092b7e9b3456fa6
core-main-checkout,sparse-35k/bto-bfo/seed-26/final.npy,1680128,7fb1b25c66c2c4c0efd26489882de7f71670d21bbe3080cea06322fb09b54243
core-main-checkout,sparse-35k/bto-bfo/seed-27/routes.npy,121728,12f124872fbaa23bb73d6d13859020e43eceb4e5dbe56ef5cf70444498a95dc3
core-main-checkout,sparse-35k/bto-bfo/seed-27/final.npy,1680128,6f0bcd59955522b0a41d15ab47980baa07ede3b57bd059a2aeac13a02f58b6f3
core-main-checkout,sparse-35k/bto-bfo/seed-28/routes.npy,121728,c58d5f70e9f6546d72917a38ee44c2c8df04fa193c0369f227f8d6c51ecaf858
core-main-checkout,sparse-35k/bto-bfo/seed-28/final.npy,1680128,f6f46562dff786eaf51d45823719cc24680f56e1e6230e1e6626f2c3624a7e52
core-main-checkout,sparse-35k/bto-bfo/seed-29/routes.npy,121728,abab12f0ff5cbb71e79a30c4fff0a88138bd12bb803251eed0151f5e8be605ba
core-main-checkout,sparse-35k/bto-bfo/seed-29/final.npy,1680128,301a62426604b2702c604620861030ad8e1c500b7c0a4623d1e797fecd5d0f77
core-main-checkout,sparse-35k/bto-bfo/seed-30/routes.npy,121728,be6a863fddf9cd56588b439aea0b78b7e7950859674ffe09136e57bab1bfe25c
core-main-checkout,sparse-35k/bto-bfo/seed-30/final.npy,1680128,db3a666825a49f10e8ed54298beba5c8cca283490528b4dacc74fe113f042a63
core-main-checkout,sparse-35k/bto-bfo/seed-31/routes.npy,121728,75b773ea3a620f786b75d68957b98b6844f6b95521d2e4e6aa0292aed4727d8e
core-main-checkout,sparse-35k/bto-bfo/seed-31/final.npy,1680128,6590e68c4538ed32202c058cbda87c807b24485e7714ce29c6a5233ffa0b2a22
core-main-checkout,sparse-35k/bto-bfo/seed-32/routes.npy,121728,f8b2e44d0962f535cfa294b7979b3dc02ee411e9426cdca5687b93b40a112d50
core-main-checkout,sparse-35k/bto-bfo/seed-32/final.npy,1680128,43dd7f9d88ce34b68e1155956189b5d2812222264b1753e3ffd70e291c21161d
core-main-checkout,sparse-35k/bto-bfo/seed-33/routes.npy,121728,df0f86a67fdc6353b298f4df526284aa03ecfef0ad25988b39f4a1ac218f7687
core-main-checkout,sparse-35k/bto-bfo/seed-33/final.npy,1680128,b3a8a39fa305b8a83d632e26ebf4330fc1bd74daffc41a0a3a945359df151833
core-main-checkout,sparse-35k/bto-bfo/seed-34/routes.npy,121728,27e1299285e110afc9a09764874b73b5cc3dbc013087dd3386dc28598e5d0220
core-main-checkout,sparse-35k/bto-bfo/seed-34/final.npy,1680128,2e3f0fe95675ca6df687711f3a937082c59e452d7b8795482b32cb8c36557004
core-main-checkout,sparse-35k/bto-bfo/seed-35/routes.npy,121728,ef604cd4949656e837ef26ba531d66d2babee2e173acb512b49df99a6c7ce227
core-main-checkout,sparse-35k/bto-bfo/seed-35/final.npy,1680128,148132f0d51dbcf74b0930a6068c129c678799344afb5d9f0985bf0f02b76cd5
core-main-checkout,sparse-35k/bto-bfo/seed-36/routes.npy,121728,8075a14784c8ce6766d42f97453d1f30da2d7652567362bc8a85f4115a5ac1f2
core-main-checkout,sparse-35k/bto-bfo/seed-36/final.npy,1680128,a648c7acaff2871132a4e79ce18228ca4cc2801d577cd03a0cc856fb53c29eaf
core-main-checkout,sparse-35k/bto-bfo/seed-37/routes.npy,121728,57dbe465386d985167e238d7c844220be3718bead1270c630ce3b72512e6e5bc
core-main-checkout,sparse-35k/bto-bfo/seed-37/final.npy,1680128,86504ce4d80e7efd36cc142484832c0d0616d8166c19e1d07321d0521c8d37fe
core-main-checkout,sparse-35k/bto-bfo/seed-38/routes.npy,121728,4c8e0f6efacecbac8cae222a5c18ad49cb15f83b3986b36bbf28e1418f00f9a2
core-main-checkout,sparse-35k/bto-bfo/seed-38/final.npy,1680128,8d4bb54277d35b0c427ba7ca0ff6d56c41bc6b9029d6e033e9d268689d69e5ab
core-main-checkout,sparse-35k/bto-bfo/seed-39/routes.npy,121728,3fdfa881822115aa8ae3503a0f2363dc809e289f79601b22f2374cff923bf909
core-main-checkout,sparse-35k/bto-bfo/seed-39/final.npy,1680128,57df4e239e188cb147d88e91cc9f4162519bd8cac4509cd43e423f6b6d12bd4c
core-main-checkout,sparse-35k/bto-bfo/seed-40/routes.npy,121728,61c2235376ba94be8454a71e6310e5c892870186b6d76b9a659946b926943fe2
core-main-checkout,sparse-35k/bto-bfo/seed-40/final.npy,1680128,6c250f2a44dd1c940e030c2b8b62c968d84ae6d893554012c4917b6a2f74d098
core-main-checkout,sparse-35k/bto-bfo/seed-41/routes.npy,121728,d210ea008b57cf10f7bfeac0c5209b349f35e76bb90293519e5becf7b48860c5
core-main-checkout,sparse-35k/bto-bfo/seed-41/final.npy,1680128,2891812fc9d3deb5f48a237d3071ee19c20556d75b99095adb1dc67960e09134
core-main-checkout,sparse-35k/bto-bfo/seed-42/routes.npy,121728,8069f194a5b678ebb1e866458845be7b5bfc9511e5b504e311ec32cf83bf1b47
core-main-checkout,sparse-35k/bto-bfo/seed-42/final.npy,1680128,d859140040c78923fe09e79834c556eaa569e4f2c9af51a44137cb374f2c135d
core-main-checkout,sparse-35k/bto-bfo/seed-43/routes.npy,121728,4b863a9f40165f120c84f66d4879ca9efe951e28726b25b88bf00c40518cb8be
core-main-checkout,sparse-35k/bto-bfo/seed-43/final.npy,1680128,4dd96bb72ed0dff2b4725d43ae40cc7d44aae0a791de354ab23f41779724a2c3
core-main-checkout,sparse-35k/bto-bfo/seed-44/routes.npy,121728,07755e1be2d9836f988687edfc4c9d6d96f2e1d9f720c7713b938c9debf682b8
core-main-checkout,sparse-35k/bto-bfo/seed-44/final.npy,1680128,0fcde3b9e5fda3c1ada7879fb1746b243a4bfa99d43870c055ae5d2f812120d6
core-main-checkout,sparse-35k/bto-bfo/seed-45/routes.npy,121728,9c12bd967587b6e42538bf888d9977bf2e1acc4545914daf07c6c5bf88a2b65b
core-main-checkout,sparse-35k/bto-bfo/seed-45/final.npy,1680128,0a34974ac680c33a3ba19637c702043b1d0af74e0d3faf620ad39dde21ec088f
core-main-checkout,sparse-35k/bto-bfo/seed-46/routes.npy,121728,5ae23204e369e6eee20311a7f707f4ddd16cadc5d113e2862fc360ed769ec6e3
core-main-checkout,sparse-35k/bto-bfo/seed-46/final.npy,1680128,724a17e2b74bb6fbb83659d07ef449f0b1de1d26a6ea43f412066e81f27d3131
core-main-checkout,sparse-35k/bto-bfo/seed-47/routes.npy,121728,506e0b2b20fe844955dc1cec81a3c662ae4020bfe4449a02d5e52453b6bf60be
core-main-checkout,sparse-35k/bto-bfo/seed-47/final.npy,1680128,642c4c47ae1a3c95c8485afc8ae4a0fc95f48df6a3967c4688d463e8af79126f
core-main-checkout,sparse-35k/bto-bfo/seed-48/routes.npy,121728,7020b09c2ef3d7c5acb11ac7297d2c7a9dac497d99dcabe33343561e5594af3d
core-main-checkout,sparse-35k/bto-bfo/seed-48/final.npy,1680128,bebcde7ceb2c00047eba1e77cc0b2b9cf97d99aee8fd578fa0c77c5d722976f2
core-main-checkout,sparse-35k/bto-bfo/seed-49/routes.npy,121728,773f9922f7fd492c9004ec45a0cfda3e15f95841a890150b71727b743cdc2667
core-main-checkout,sparse-35k/bto-bfo/seed-49/final.npy,1680128,50ecdabd33cc62660dfd9af24853ec5197a97dbd12663561555fe6196762b8ae
core-main-checkout,sparse-35k/bto-bfo/seed-50/routes.npy,121728,dc00f8d6e5b22670a79993b0cd93c021c8053ef4f50d38cf9c824fd851ef86dc
core-main-checkout,sparse-35k/bto-bfo/seed-50/final.npy,1680128,a4f06a564929cfd8d683382919e5138b8090550a9ad5230faa321e61886f23f0
core-main-checkout,sparse-140k/bto-bfo/seed-1/routes.npy,121728,962c9958ec395468298ddef4f988e82c0de395aaa612e8b941ade705e53f13bb
core-main-checkout,sparse-140k/bto-bfo/seed-1/final.npy,6720128,ad0b124045dd5ebc22db9fb19eb88029a5c4cc5b02d3ea891b81ecbbbf4f976a
core-main-checkout,sparse-140k/bto-bfo/seed-2/routes.npy,121728,e626438a998ceeb6325d99602c1f7c5d848862f9b8a92bafa42d86af0858dddf
core-main-checkout,sparse-140k/bto-bfo/seed-2/final.npy,6720128,b5656df80e251e127e0669beacec6a4d2e687ce09cdfd13d8224e15da8de7904
core-main-checkout,sparse-140k/bto-bfo/seed-3/routes.npy,121728,5e8c72d981edbe90a80d86fa879ef08f4a0ac7fe38cc5ec212614f228f6b9563
core-main-checkout,sparse-140k/bto-bfo/seed-3/final.npy,6720128,2fe42f3926e1c135b0c0c556d8d338c689295c4274ccb5dfdc3f48ed28625ba5
core-main-checkout,sparse-140k/bto-bfo/seed-4/routes.npy,121728,f9c3d8de49a0d3bbfb1c0317899163f7fa96b0ae9c9917d898ddaf0ce76acee7
core-main-checkout,sparse-140k/bto-bfo/seed-4/final.npy,6720128,3a6fad9aff97e461f80bd7fe9813ce755d892a1ac9e6b70986b417e7d4c15137
core-main-checkout,sparse-140k/bto-bfo/seed-5/routes.npy,121728,01c2b786a1acc9f9df7002edabc4716b3202659134084eae18a965f9ce7b2c7b
core-main-checkout,sparse-140k/bto-bfo/seed-5/final.npy,6720128,d35e5db636736ad2fe30cb5d2697226a5bd0bbe16f84626e57f965eade7e66ce
core-main-checkout,sparse-140k/bto-bfo/seed-6/routes.npy,121728,0931697210c07af261b701d974c786782785527bec87f25c5c29b547960483a0
core-main-checkout,sparse-140k/bto-bfo/seed-6/final.npy,6720128,547382ec4678213b2565b29bee6c00865f1d9ac9e9ff8acd9df94889e3c53b46
core-main-checkout,sparse-140k/bto-bfo/seed-7/routes.npy,121728,ee955657bb5d29d3398677ff4226ef156730543ec9e1069f7fedd2a6cea65b2f
core-main-checkout,sparse-140k/bto-bfo/seed-7/final.npy,6720128,4a55e0d1c1a476224d7544328424d58715a1fffe5a87c2250a44b19f1ed1e2d1
core-main-checkout,sparse-140k/bto-bfo/seed-8/routes.npy,121728,95f61a485575adbcdcff487318c1d188adc2349e57c45cddf3fa7a07c73f4c59
core-main-checkout,sparse-140k/bto-bfo/seed-8/final.npy,6720128,493c6657d5f7e451b8466b2b95764785f43204eeff6b0eedb0a0ec6c412e5006
core-main-checkout,sparse-140k/bto-bfo/seed-9/routes.npy,121728,b26f1a28e4702590cc02ffee5286df8ba1d9b883c9c451743deb13dd5ab4ef73
core-main-checkout,sparse-140k/bto-bfo/seed-9/final.npy,6720128,17107f5889d439598379ab2bb45b568c491e6dc16f735a348d85d24bb67ca4d8
core-main-checkout,sparse-140k/bto-bfo/seed-10/routes.npy,121728,b8ef75803d466a9ef274738983b5790b959a1d0a14302206f997635d1e0626bb
core-main-checkout,sparse-140k/bto-bfo/seed-10/final.npy,6720128,16593e84c138d18cb6a26287ff26e36f4e5fad247a90663346d46f30b5c9ee6d
core-main-checkout,sparse-140k/bto-bfo/seed-11/routes.npy,121728,f79431f240b6703a3a531a27e0afa861c26b2d0f9130160b90eb3042320b08cd
core-main-checkout,sparse-140k/bto-bfo/seed-11/final.npy,6720128,58d3beeb36545d0c2260987fc4c4830808a89568f52f114cc059d9ac6b1abd04
core-main-checkout,sparse-140k/bto-bfo/seed-12/routes.npy,121728,57325f570be395c638243aa0601d2e537931b604d42eaf8cf4e5adcde00566b4
core-main-checkout,sparse-140k/bto-bfo/seed-12/final.npy,6720128,07c619b68ead126f4c2b7158a712f4c1d4f2fcce837b7c19dbcefcdbc6131180
core-main-checkout,sparse-140k/bto-bfo/seed-13/routes.npy,121728,ecd45c966a3d37f71315919a9d354d4bf518978ec692afa3b391c3b9ddc72d3e
core-main-checkout,sparse-140k/bto-bfo/seed-13/final.npy,6720128,d5b1e4279a19a806e0bf784f2face17cae61162ed24fa99367876bff1e49b758
core-main-checkout,sparse-140k/bto-bfo/seed-14/routes.npy,121728,22ddea512fc355964da9dc34401165cc2a7fef0fa016defd9e2e67362d586026
core-main-checkout,sparse-140k/bto-bfo/seed-14/final.npy,6720128,ed782ea0288a61ea8340c2f763877b7cbb5bcd1eb6cc32ad2c66d23d58427597
core-main-checkout,sparse-140k/bto-bfo/seed-15/routes.npy,121728,0ed051ce228089d1b525093ba65005a29802601a060040d703bafa055ec8aa7b
core-main-checkout,sparse-140k/bto-bfo/seed-15/final.npy,6720128,0bc7fc79e02b78ca2cf54d7558a6bc5845cb5c3c0712e38ff0c4c4de4a5f9e71
core-main-checkout,sparse-140k/bto-bfo/seed-16/routes.npy,121728,f40d4912aae8cfd2b7b9469fab44b54379f392879fae092a148028b6bafaade8
core-main-checkout,sparse-140k/bto-bfo/seed-16/final.npy,6720128,3bdf173333c982f12f580f3ae21f6b62a2a77009ee98f533033992cf2c3255e4
core-main-checkout,sparse-140k/bto-bfo/seed-17/routes.npy,121728,7915df1158f392a1aea7a99bfaac83cef3c11b4d85bbb694ae4910350261b9e8
core-main-checkout,sparse-140k/bto-bfo/seed-17/final.npy,6720128,cd8e0c7d97a312baa02ed20dcdc556ba852f0382610d2802b945cd09319fa6e8
core-main-checkout,sparse-140k/bto-bfo/seed-18/routes.npy,121728,4050f5579980bd7d028515f16b474b6df9c45e303bda0e956003ba1d428b6045
core-main-checkout,sparse-140k/bto-bfo/seed-18/final.npy,6720128,1534cfdce6b9519a5b4702149951a7f086eaf6156194a922cbe31c8b3857d38e
core-main-checkout,sparse-140k/bto-bfo/seed-19/routes.npy,121728,aca3eb9e8755c3ac77872e6a9aa658c0991f5203fbb7d16c3a96b7c1f84857ab
core-main-checkout,sparse-140k/bto-bfo/seed-19/final.npy,6720128,e877b357b84bfac05adbad5f3cb42ad9e83e00cb88e4d8b6d603e5d11b9cec92
core-main-checkout,sparse-140k/bto-bfo/seed-20/routes.npy,121728,b383d0009235c53aafa0b4b7a4f58b72ba97bed46d796441d71a9ca753dfd7fe
core-main-checkout,sparse-140k/bto-bfo/seed-20/final.npy,6720128,da4c858c6b3317de21d1dcd236c22c5aa9d9c5015b9f5b8402a7710b6d290d1b
core-main-checkout,sparse-140k/bto-bfo/seed-21/routes.npy,121728,bd132d467f37e9a3c1415cde56905dd0b0dddffcbd54b1197acb78342cee51f9
core-main-checkout,sparse-140k/bto-bfo/seed-21/final.npy,6720128,d51efc2b7086624051ba5e0d9cad84302bdeb2dce40d48ae91864fdbc1fb62e5
core-main-checkout,sparse-140k/bto-bfo/seed-22/routes.npy,121728,20c5208ae27b535f7f137c2377683ed08ecd400100c247b028299176fe3972a2
core-main-checkout,sparse-140k/bto-bfo/seed-22/final.npy,6720128,d28090a8b107c7f58fe27245138fc59af063b1115d609d5dec7ffb3f9cc5114d
core-main-checkout,sparse-140k/bto-bfo/seed-23/routes.npy,121728,d0077db2357772a23b2d89af9dc30dce6ada55c23ed31dc7f7d5a66dab1d5ea2
core-main-checkout,sparse-140k/bto-bfo/seed-23/final.npy,6720128,8f017fe5d5651f1c732308123d242be95d6bf1615b1bc390f110dda967fd9698
core-main-checkout,sparse-140k/bto-bfo/seed-24/routes.npy,121728,ed2b7737a1cbda52792cda34b443c37356814523976db906917fad0a7168243f
core-main-checkout,sparse-140k/bto-bfo/seed-24/final.npy,6720128,e15ef1193a9bac6a50f9286366692ccf0e845b2ef64e0f58e9d5a596331e5321
core-main-checkout,sparse-140k/bto-bfo/seed-25/routes.npy,121728,1ce8e50e99d3c4598652701d5172c293cce84493b084e9da23faa786600ac127
core-main-checkout,sparse-140k/bto-bfo/seed-25/final.npy,6720128,b264e7b9b2ce5378cbbe8712dd4ad3ad6efd62c19f54618888023cbf39c152ad
core-main-checkout,sparse-140k/bto-bfo/seed-26/routes.npy,121728,e9e8d8c2468f43db3208575d54b9c4b12e1dbecc9a77bb0808bfcc12f8ef9229
core-main-checkout,sparse-140k/bto-bfo/seed-26/final.npy,6720128,6fe63aa82fe86658e9e456d0ececf30d54b215641fbb3b620011ed66f73538f4
core-main-checkout,sparse-140k/bto-bfo/seed-27/routes.npy,121728,2f276c85fd7ec2f0ba6152c5762980c37c61fa94b741a57686fa57193e94adae
core-main-checkout,sparse-140k/bto-bfo/seed-27/final.npy,6720128,f07ac72edc71320673e6c1b53a239584a45f45b5893f586b4dc8ab1ab420c560
core-main-checkout,sparse-140k/bto-bfo/seed-28/routes.npy,121728,043cc7c6c1bc25430a03931b1d4dc21da013938fa419b67ab41f41ddb77954f6
core-main-checkout,sparse-140k/bto-bfo/seed-28/final.npy,6720128,ef747c54b77ade8676f531179c2376a5708aa63667d1522bc7a77fcffa78560b
core-main-checkout,sparse-140k/bto-bfo/seed-29/routes.npy,121728,3810b82052c126e6c18f05228cd5e6e335f73480d81764e9edf13d9b7df7657c
core-main-checkout,sparse-140k/bto-bfo/seed-29/final.npy,6720128,6d90c8e324820850aaa29113862bf5fbcc6b400b4c424fecf75a648bdfaf15d7
core-main-checkout,sparse-140k/bto-bfo/seed-30/routes.npy,121728,d1ca859885994a2cc21a191bfa2cd0fd7133fb532274a134ab3957c4a0b8bc68
core-main-checkout,sparse-140k/bto-bfo/seed-30/final.npy,6720128,d632fb9fc1c5e7dbb2227717a6af23c2e83eb118b0fad2e14f0deff3315a6360
core-main-checkout,sparse-140k/bto-bfo/seed-31/routes.npy,121728,e966d5f123af5b57f603cb91e61bb2ac614b4f153a8fa2c09ab0558b79eb1b3a
core-main-checkout,sparse-140k/bto-bfo/seed-31/final.npy,6720128,d551f365b64a2c39f2e97484a3c87f391f642212da2ac2e16aeef8737bbb24f1
core-main-checkout,sparse-140k/bto-bfo/seed-32/routes.npy,121728,d016c9ea0ff7e2e24935be1b2691e208653514f756960f92c30e2038aa1f733a
core-main-checkout,sparse-140k/bto-bfo/seed-32/final.npy,6720128,702e728388666e72e0841ff878a3080ad3ae03ea84c73c796eff79c9d60731fe
core-main-checkout,sparse-140k/bto-bfo/seed-33/routes.npy,121728,d9b05afe962b1f7d751f770be9e81fc12a1a792658287cb710c61eab6bde350e
core-main-checkout,sparse-140k/bto-bfo/seed-33/final.npy,6720128,e63ccb9eadffd73c9d8de4d427a5f2c84446045e4c39397d9fa3a3844921b17e
core-main-checkout,sparse-140k/bto-bfo/seed-34/routes.npy,121728,6450c808371b4723343f3a9ac7005a72f7e2c4564cc57e26d8959c3c129792b5
core-main-checkout,sparse-140k/bto-bfo/seed-34/final.npy,6720128,b7f207df22939e649d9fb13fed4505970ff89ec510baa8069c764af680a1b638
core-main-checkout,sparse-140k/bto-bfo/seed-35/routes.npy,121728,27b0d7b6344b66a9ad8224b485264897d1f183206e9d94e31d76182a2c1a1c34
core-main-checkout,sparse-140k/bto-bfo/seed-35/final.npy,6720128,28e49415a263372698b7e8eae8db0b65eaee99d697105c525461c1e1f6b5a9b7
core-main-checkout,sparse-140k/bto-bfo/seed-36/routes.npy,121728,eaca64d6a48a6735708ef75dcf00889208669f9833688b40c18836ae670983df
core-main-checkout,sparse-140k/bto-bfo/seed-36/final.npy,6720128,3eb1c60c94a3e56a44f73e73ef68f4c95a959d779eb6a967894d101f92b3f4fa
core-main-checkout,sparse-140k/bto-bfo/seed-37/routes.npy,121728,41756364df10b245d27268c7f795bd3d5293e39eae7908fbd206b37e084f2700
core-main-checkout,sparse-140k/bto-bfo/seed-37/final.npy,6720128,66e7e195e813151ebe4664da440af714232e0f5e5098210a5b5027bd8dd583cb
core-main-checkout,sparse-140k/bto-bfo/seed-38/routes.npy,121728,25296450d122b86d31c299a4b80cd1997421960a861439cbf60618dde091cdb0
core-main-checkout,sparse-140k/bto-bfo/seed-38/final.npy,6720128,073a4a9d565e559aa53ee938d911dc410243cefa7f2c409f27440df6671b4ee9
core-main-checkout,sparse-140k/bto-bfo/seed-39/routes.npy,121728,b2dc9260a84fb700460719b5c5cd5ecb464f459e57403bf4ff0666d593c91432
core-main-checkout,sparse-140k/bto-bfo/seed-39/final.npy,6720128,79ce115c1c6d7fa0e3bccc08076c352d9ef8629f3b1000961e958321e0a0ae4d
core-main-checkout,sparse-140k/bto-bfo/seed-40/routes.npy,121728,a495cdbfbd8d0b8ed74dc66efd455e5e874cf64960b2a7fb3e41a5ee1dd95760
core-main-checkout,sparse-140k/bto-bfo/seed-40/final.npy,6720128,268a88121c19b1a42cf474810617b918dbacedd227b876e4c668e05ea4813a35
core-main-checkout,sparse-140k/bto-bfo/seed-41/routes.npy,121728,6e177b54e5c055129443659f804993cfe4f74fdace6a10dbd63df05f0bd3101a
core-main-checkout,sparse-140k/bto-bfo/seed-41/final.npy,6720128,303a3264c0b22e8f41547e5ebbaa8e401a28b74595150e0e0adae8e3acc70280
core-main-checkout,sparse-140k/bto-bfo/seed-42/routes.npy,121728,a0d3e3bfec5fbf1290d1a589fa72d7ba69dd1577c07c373a8e98d3fe7991c1c5
core-main-checkout,sparse-140k/bto-bfo/seed-42/final.npy,6720128,99ae5924618ab6e45f568c28efc7ce11b227908592f53c935b737fba63ceaf58
core-main-checkout,sparse-140k/bto-bfo/seed-43/routes.npy,121728,96ce7c37eeffcb156fa2a066c9973c06653b805c49178cfba5d669f8b2de4108
core-main-checkout,sparse-140k/bto-bfo/seed-43/final.npy,6720128,b65dec3551bf63e9c91719007673d9cf65c7ac92b600f0d15712f09c1d0860e5
core-main-checkout,sparse-140k/bto-bfo/seed-44/routes.npy,121728,a6528d070ff3d92729ca1ae586b123d900ba037fc57e980e4a495046a59593f1
core-main-checkout,sparse-140k/bto-bfo/seed-44/final.npy,6720128,c9e4096fd559f716123b18c7a8fc3302eb3aac7bd6260656ef2eadaca6f5a475
core-main-checkout,sparse-140k/bto-bfo/seed-45/routes.npy,121728,cf4ac5ed30713a717b8838b5d2bd1e93aecbb8335e4bd2148cf0d98619eada3f
core-main-checkout,sparse-140k/bto-bfo/seed-45/final.npy,6720128,e60e619a3b2a265a25d82127a3a64fae9803692a47e26474144b974e5042696d
core-main-checkout,sparse-140k/bto-bfo/seed-46/routes.npy,121728,6b847b2a41c81e7a26a59132e03e6d173068ff52f3adc1315c38287f6f640a6a
core-main-checkout,sparse-140k/bto-bfo/seed-46/final.npy,6720128,cf2c85360ebe65ab49bdf2eb74701c710973d9e816c1887b1a630bf5ae595c30
core-main-checkout,sparse-140k/bto-bfo/seed-47/routes.npy,121728,54453478a24e1e2e5312f7f8cecda56174baaac808dd424246c93a612cf8e899
core-main-checkout,sparse-140k/bto-bfo/seed-47/final.npy,6720128,89b394efcfa36b5794b7afb810090a65efee9e61cb370842075ec033b17c3dee
core-main-checkout,sparse-140k/bto-bfo/seed-48/routes.npy,121728,9f85cfc0c2f24da0f6158109b8cf67a60ef16bb410605a0ce5bbb70d30b89026
core-main-checkout,sparse-140k/bto-bfo/seed-48/final.npy,6720128,1a12716ccd23abfc7012ce0c2a71c950c1a90f10b82f5ab44ed3abf524bae9c1
core-main-checkout,sparse-140k/bto-bfo/seed-49/routes.npy,121728,8258faddc9e1be4a2536ef8c8372e66734ce7b0d4c13c151932f604a266ecc57
core-main-checkout,sparse-140k/bto-bfo/seed-49/final.npy,6720128,62d2449c488585fa1f97fefe36f852d941cc1b88c42d2336e227806208e27bbe
core-main-checkout,sparse-140k/bto-bfo/seed-50/routes.npy,121728,d62d2325be49cddfdf4c235167b3aa55faf9009ba7ec9f9934fd70f96920e412
core-main-checkout,sparse-140k/bto-bfo/seed-50/final.npy,6720128,9d29c1afab6592c1742d2eaadb0ddd16c65c34d11ae3401615912570c199b311
core-main-checkout,complexity/bto-bfo/seed-1/routes.npy,608128,a78719174205d0b86a1b88a8228ca3b2fa9bb0d5c310e119797afe732606dc6f
core-main-checkout,complexity/bto-bfo/seed-2/routes.npy,608128,77e566f210956c6579ae23014d9799e259001512d75a22225b3eaef1d0c58b97
core-main-checkout,complexity/bto-bfo/seed-3/routes.npy,608128,b83aec246009bea22a3402d239f66eee58c50376684db5cc4330f2f0a18da596
core-main-checkout,complexity/bto-bfo/seed-4/routes.npy,608128,469995b64d83abf4621a8117871d5e2bfbdae711481da92074e1b1286e3d6bb6
core-main-checkout,complexity-to-0011/bto-bfo/seed-1/routes.npy,592128,e7fd5c9e9366f020b20f16e4faa4f85e361d4d5a74354521aaf03c385dd698c4
core-main-checkout,complexity-to-0011/bto-bfo/seed-2/routes.npy,592128,571e5c54c0ea20b41cadb424db90627f827fcab5fba60bac912b16327ef36c5d
core-main-checkout,complexity-to-0011/bto-bfo/seed-3/routes.npy,592128,10e7d6030e1db6a4e4fe680d3bc44501bfa8e002400491ce966a8e3782929468
core-main-checkout,complexity-to-0011/bto-bfo/seed-4/routes.npy,592128,dc67b2e932448a82d140be4a877e627a06c0819db31bdf6cfe3618730aad2528
core-main-checkout,complex-manoeuvres/bto-bfo/seed-1/routes.npy,608128,9f714c49c073883a6f8919441dd5edb2e8e1197321f3a0fa7605b7849e398667
core-main-checkout,complex-manoeuvres/bto-bfo/seed-2/routes.npy,608128,c6ae74017f0ff91ea51d7a18d1de465064a144af6ab56da08839ee5d1b203e5f
core-main-checkout,complex-manoeuvres/bto-bfo/seed-3/routes.npy,608128,c9bc7cd54bc262867d537e6021cf3ded1e284373847b4fb7560147e106e90f51
core-main-checkout,complex-manoeuvres/bto-bfo/seed-4/routes.npy,608128,e09467091a42432a0db8a33956c65b2a56ca43a142332d980fe722eb6b3da7d3
core-main-checkout,app-base/bto-bfo/seed-1/final.npy,4800128,3d5ace1d776962ad9cdd96598b55b17e0f8822b8a1729afff371af09fd934398
core-main-checkout,app-base/bto-bfo/seed-1/routes.npy,608128,a69adad842b21c0e50e756af8de87eda3a0335583419ca3d33e37866bdee7a6d
core-main-checkout,mach-wide/bto-bfo/seed-1/routes.npy,608128,ccf735e8f057f4cc6454578b118afc4ccd7bb20d74e505facd27e2ac84198b59
core-main-checkout,mach-wide/bto-bfo/seed-2/routes.npy,608128,ce4a33cba6ab679052bf83bc3909bdaafe706795a24cdf8f9d568a4a4e6ac780
core-main-checkout,mach-wide/bto-bfo/seed-3/routes.npy,608128,9447312cebda7418b35f33f0c23f8644e99972c6246579d07ea6060f96dd26c7
core-main-checkout,mach-wide/bto-bfo/seed-4/routes.npy,608128,d31296a4fec7c021b6c3f37c6cf8e98d692e9c8ae9fa12c20a36c6bed8d21e80
worktree-core-stages,fixture/summary.json,6698115,6f6fee9553fae6c32da4700d973b2f72cf86fb86ac4f37a258a4a1c0676e23f6
worktree-core-stages,fixture/bto-bfo/seed-1/final.npy,4800128,7bb7eaba3c489efc854f1e0ce6b5d2a86eb757a820bc7f2bb6ee4c4de45e62dc
worktree-core-stages,fixture/bto-bfo/seed-1/routes.npy,592128,2968e01bdd63b95c2324762c4d7f617e35fab3f46a58e4601e3e6b3ad931b2e1
worktree-core-stages,fixture/bto-bfo/seed-1/handoff.npy,238912,089336c64b11f770d495ceed95a58bb1830b8a3bdcb35155d7913b3733ac31b8
worktree-core-stages,fixture/bto-bfo/seed-1/impacts.npy,8082048,6be3fd5599855db79c025194af1fb0574940c61b2679a0a0d91a878f542652b1
worktree-core-stages,fixture/bto-bfo/seed-1/modules/arc-kernel.npy,183808,1fec01761d5f672651526e98135c4a1fdfa977fa80c225b96c0009e76f24d5c1
worktree-core-stages,fixture/bto-bfo/seed-2/final.npy,4800128,02fdf67357bd0ac4319c9890d27e29c5b405683705d2ac8f759f8d850a44de57
worktree-core-stages,fixture/bto-bfo/seed-2/routes.npy,592128,014623b7d7d779b5171956979c345ad17cb2f1314d6f738cb58c5c2440efc41e
worktree-core-stages,fixture/bto-bfo/seed-2/handoff.npy,220920,33187c581313710185e0f44e3561ac0615aea440626b1556b1700878b3c12b2e
worktree-core-stages,fixture/bto-bfo/seed-2/impacts.npy,7473088,dbb874d47cb2b62f68794ec793aced31072193090b42c95bd0f0bdd4b6aa23c0
worktree-core-stages,fixture/bto-bfo/seed-2/modules/arc-kernel.npy,169968,1a7fd9e32fd398218368b1abd3e6a5b4477bba0703e9e928a3a45a57f98cbb45
worktree-end-of-flight,end-of-flight/prepare/boeing-runs.png,469944,bc411730fa360d47c76fecf90bbe5eac4099eebd2872d32b265fa34327204136
worktree-end-of-flight,end-of-flight/prepare/boeing-wind.png,22477,10c83db1c953d17a55f2ccbdf414f8959d66659a9800d98c94f193874d30c4b1
worktree-end-of-flight,end-of-flight/preview/descents.csv,5046478,fb5565ec20701f06c13e3af2dc78b3d30fbff66a6d2e71c605924abc27565388
worktree-hydroacoustics,hydroacoustics/imos/imos-analysis.log,2270,6e41bc62cc36f048ea68eff8162d254857066e724c55d430a57b505a63e069fb
worktree-hydroacoustics,hydroacoustics/imos/other-nights.log,445,64a715a3ef4982cebb24e0a910da14d669543ddf6b667c5480ae37fa2f7777fc
worktree-hydroacoustics,hydroacoustics/evaluate/evaluate.csv,52633645,9e6d52ea66af56692d40febbfc835ab050bbec0e4d51939c07fadefd7cb1b4c5
worktree-hydroacoustics,evaluate-hydroacoustics/evaluate.npy,26450048,a55adc8fcf6109e215592f6d4fba371cbc3fb38822e4836d77dd67fdd7507f8e
worktree-pleiades,evaluate-pleiades/evaluate.npy,3673728,a6fcc03407a32606d285e92022f8876009efffe1eb8ceac9f7bb7bcf643effb7
worktree-searched-areas,seabed-search-analysis/report.log,2427,ab604e0eda0875821fd3dee6806416b70cb0ce855ab974a44f7b222cc94fadb7
worktree-searched-areas,evaluate-seabed-search/evaluate.npy,1285888,67ac79767e928edeffa5b424ecaca0383c52da74f9d30f4df035a80303777edd
worktree-settling,evaluate-settling/evaluate.npy,11388288,b0b580575031b4ce550a3d5d266a499523c1b6722f7553011f4e699eff482e78
