epoch_id,sequence,arc_time_utc,screen,minus_60_min_raw,minus_60_min_residual,actual_time_raw,actual_time_residual,plus_60_min_raw,plus_60_min_residual,raw_actual_minus_control_mean,raw_actual_to_control_mean_ratio,residual_actual_minus_control_mean,residual_actual_to_control_mean_ratio
m1825,1,2014-03-07 18:25:34,surface_endpoint,2,2,2,2,0,0,1.0,2.0,1.0,2.0
m1825,1,2014-03-07 18:25:34,common_aircraft_altitude,12,9,9,7,2,2,2.0,1.2857142857142858,1.5,1.2727272727272727
m1941,2,2014-03-07 19:41:02,surface_endpoint,0,0,0,0,0,0,0.0,,0.0,
m1941,2,2014-03-07 19:41:02,common_aircraft_altitude,9,8,1,1,7,6,-7.0,0.125,-6.0,0.14285714285714285
m2041,3,2014-03-07 20:41:04,surface_endpoint,1,1,0,0,0,0,-0.5,0.0,-0.5,0.0
m2041,3,2014-03-07 20:41:04,common_aircraft_altitude,3,3,6,6,1,1,4.0,3.0,4.0,3.0
m2141,4,2014-03-07 21:41:26,surface_endpoint,0,0,1,1,0,0,1.0,,1.0,
m2141,4,2014-03-07 21:41:26,common_aircraft_altitude,4,3,3,2,1,1,0.5,1.2,0.0,1.0
m2241,5,2014-03-07 22:41:21,surface_endpoint,1,1,1,0,7,6,-3.0,0.25,-3.5,0.0
m2241,5,2014-03-07 22:41:21,common_aircraft_altitude,10,9,4,2,19,16,-10.5,0.27586206896551724,-10.5,0.16
m0011,6,2014-03-08 00:10:59,surface_endpoint,3,3,9,5,6,2,4.5,2.0,2.5,2.0
m0011,6,2014-03-08 00:10:59,common_aircraft_altitude,39,35,26,13,24,16,-5.5,0.8253968253968254,-12.5,0.5098039215686274
m0019a,7,2014-03-08 00:19:29,surface_endpoint,4,4,15,10,11,8,7.5,2.0,4.0,1.6666666666666667
m0019a,7,2014-03-08 00:19:29,common_aircraft_altitude,32,29,35,24,37,26,0.5,1.0144927536231885,-3.5,0.8727272727272727
