seed,route,unix_s,lat_deg,lon_deg,alt_ft,track_deg,ground_speed_m_s
1,1474,1394237509.000000,-37.681435,87.35275,39000.000000,190.36627,232.75685
1,600,1394237509.000000,-37.78311,87.18711,42000.000000,189.31367,227.84477
1,39,1394237509.000000,-38.06579,86.72293,37000.000000,190.73886,227.98317
1,923,1394237509.000000,-36.843876,88.82997,40000.000000,187.10114,225.75166
1,968,1394237509.000000,-37.91522,86.912476,37000.000000,189.67174,227.81107
1,1957,1394237509.000000,-36.49745,89.463104,28000.000000,183.16994,208.19394
1,1937,1394237509.000000,-38.965755,84.8413,40000.000000,194.32951,222.13498
1,1653,1394237509.000000,-37.306545,88.09213,35000.000000,189.21231,244.05678
1,1081,1394237509.000000,-37.66489,87.45804,38000.000000,189.088,226.57933
1,281,1394237509.000000,-36.225666,89.892784,36000.000000,185.57004,238.92706
1,246,1394237509.000000,-38.20424,86.32577,29000.000000,190.4894,224.22546
1,1795,1394237509.000000,-33.9379,92.98325,42000.000000,85.751884,236.76488
1,265,1394237509.000000,-38.19188,86.32512,35000.000000,190.52797,229.68245
1,1559,1394237509.000000,-36.7525,88.997795,37000.000000,188.00519,241.62271
1,760,1394237509.000000,-38.085403,86.73467,30000.000000,190.0144,230.23013
1,1857,1394237509.000000,-36.631096,89.25025,31000.000000,187.43216,233.2713
1,1959,1394237509.000000,-36.795563,88.931,38000.000000,187.56607,235.95459
1,1614,1394237509.000000,-37.741173,87.22937,37000.000000,190.68129,238.88365
1,993,1394237509.000000,-37.990112,86.904976,31000.000000,189.54625,215.66338
1,611,1394237509.000000,-38.552082,85.70899,40000.000000,191.1808,232.01761
1,245,1394237509.000000,-36.65583,89.2856,28000.000000,186.50069,231.43109
1,488,1394237509.000000,-37.135788,88.317764,25000.000000,187.61879,228.3837
1,1704,1394237509.000000,-38.22914,86.246475,36000.000000,192.2146,232.35123
1,998,1394237509.000000,-37.909714,86.92392,30000.000000,189.66264,219.78026
1,1494,1394237509.000000,-37.62797,87.36322,40000.000000,190.40419,231.53937
1,168,1394237509.000000,-37.19767,88.31201,39000.000000,187.79507,233.94237
1,999,1394237509.000000,-37.892197,86.92781,33000.000000,189.6717,228.10516
1,559,1394237509.000000,-36.67163,89.037796,34000.000000,186.8109,230.54445
1,894,1394237509.000000,-36.527126,89.50868,26000.000000,186.27638,235.11697
1,1062,1394237509.000000,-36.53581,89.39672,32000.000000,186.2446,227.29507
1,54,1394237509.000000,-36.36663,89.56114,27000.000000,186.93199,215.0566
1,404,1394237509.000000,-37.34053,88.099495,34000.000000,187.9812,232.90164
1,233,1394237509.000000,-37.44103,87.702095,39000.000000,188.62354,214.94035
1,1497,1394237509.000000,-37.612526,87.365685,32000.000000,190.37082,238.84044
1,1485,1394237509.000000,-37.702496,87.35311,36000.000000,190.34122,235.1001
1,804,1394237509.000000,-37.440563,87.92498,40000.000000,188.24643,223.89372
1,1923,1394237509.000000,-38.87707,84.86358,40000.000000,194.37001,232.29437
1,830,1394237509.000000,-36.77951,88.933716,36000.000000,186.82246,226.91554
1,1706,1394237509.000000,-38.338875,86.23231,30000.000000,192.27028,218.3072
1,1266,1394237509.000000,-35.654274,90.78816,30000.000000,189.51334,235.01917
1,522,1394237509.000000,-37.02378,88.59003,32000.000000,187.29611,225.54651
1,1625,1394237509.000000,-36.542057,89.31397,32000.000000,187.1892,237.54388
1,1610,1394237509.000000,-38.203728,86.3533,28000.000000,191.3187,226.86653
1,898,1394237509.000000,-36.390926,89.525536,35000.000000,186.24582,221.59691
1,536,1394237509.000000,-36.670963,89.26657,41000.000000,186.46,234.54091
1,123,1394237509.000000,-36.958908,88.57559,41000.000000,189.78542,233.82533
1,651,1394237509.000000,-37.740807,87.23454,33000.000000,189.04109,234.31654
1,504,1394237509.000000,-37.5161,87.64365,43000.000000,188.53812,229.20685
1,800,1394237509.000000,-37.444824,87.91575,33000.000000,188.17572,231.3613
1,68,1394237509.000000,-36.9791,88.71395,26000.000000,185.87395,212.90811
2,1491,1394237509.000000,-38.738205,85.1996,30000.000000,193.91133,233.5893
2,1430,1394237509.000000,-37.047863,88.43191,36000.000000,188.86517,240.55838
2,1776,1394237509.000000,-36.345505,89.68988,41000.000000,186.5321,215.91109
2,364,1394237509.000000,-37.013054,88.57872,32000.000000,187.21988,230.14055
2,1747,1394237509.000000,-37.098415,88.47798,29000.000000,188.54233,241.77115
2,896,1394237509.000000,-36.904427,88.70633,38000.000000,187.18858,230.79941
2,1070,1394237509.000000,-37.512184,87.75137,31000.000000,188.49153,228.31316
2,1359,1394237509.000000,-38.726818,85.46529,43000.000000,193.3306,219.06541
2,1441,1394237509.000000,-34.560787,92.21906,38000.000000,179.68118,230.68097
2,14,1394237509.000000,-35.25549,91.45331,41000.000000,180.89098,215.91246
2,990,1394237509.000000,-36.86451,88.825005,41000.000000,186.9323,233.43639
2,849,1394237509.000000,-37.881134,86.99166,31000.000000,189.6128,228.0803
2,1707,1394237509.000000,-37.57153,87.44435,31000.000000,190.03468,217.61841
2,997,1394237509.000000,-36.895283,88.817535,41000.000000,186.91405,234.73547
2,105,1394237509.000000,-37.115387,88.48005,32000.000000,188.50232,231.4627
2,857,1394237509.000000,-37.85919,87.01165,27000.000000,189.54887,229.87851
2,465,1394237509.000000,-38.140244,86.65004,36000.000000,189.89328,218.11334
2,530,1394237509.000000,-34.300293,92.54414,42000.000000,180.50023,234.38959
2,313,1394237509.000000,-37.066505,88.5789,40000.000000,187.27881,230.37831
2,197,1394237509.000000,-38.53204,85.71998,32000.000000,191.18394,228.31279
2,1918,1394237509.000000,-37.707706,87.41474,26000.000000,190.23668,238.35034
2,1057,1394237509.000000,-36.642876,89.12727,30000.000000,186.68977,231.86671
2,584,1394237509.000000,-38.310276,86.33413,29000.000000,190.29706,220.9
2,1104,1394237509.000000,-38.100647,86.75679,35000.000000,189.82494,232.24536
2,1453,1394237509.000000,-37.82279,87.03556,42000.000000,190.88835,234.37125
2,715,1394237509.000000,-37.514618,87.65414,35000.000000,188.6563,230.74959
2,1572,1394237509.000000,-38.052826,86.728806,29000.000000,191.21397,235.48584
2,411,1394237509.000000,-36.713497,89.06623,32000.000000,186.59996,231.54036
2,1288,1394237509.000000,-37.48994,87.698616,28000.000000,188.78288,221.86954
2,1705,1394237509.000000,-37.66164,87.42019,34000.000000,190.05124,222.71364
2,1102,1394237509.000000,-37.670563,87.52562,31000.000000,188.56252,207.07628
2,1684,1394237509.000000,-38.29729,86.19569,30000.000000,192.06041,239.3627
2,77,1394237509.000000,-36.613827,89.21853,33000.000000,184.06001,214.45654
2,317,1394237509.000000,-36.91038,88.59283,29000.000000,187.28471,229.30615
2,1682,1394237509.000000,-38.359325,86.16721,42000.000000,192.12503,233.62637
2,1416,1394237509.000000,-37.085655,88.41042,39000.000000,188.87704,236.86803
2,1797,1394237509.000000,-36.727158,89.06171,29000.000000,187.73613,229.12659
2,1429,1394237509.000000,-37.15966,88.40222,43000.000000,188.81992,241.34474
2,804,1394237509.000000,-36.264038,89.824554,36000.000000,185.75105,223.18602
2,597,1394237509.000000,-37.61117,87.68829,39000.000000,188.75941,232.71024
2,142,1394237509.000000,-37.586716,87.80471,31000.000000,188.2751,230.93106
2,402,1394237509.000000,-38.757557,85.41577,28000.000000,191.53302,217.23578
2,495,1394237509.000000,-36.770443,88.93372,38000.000000,186.86133,221.8066
2,1191,1394237509.000000,-36.857307,88.85613,39000.000000,187.22217,232.96657
2,1811,1394237509.000000,-37.086308,88.388336,38000.000000,188.80511,234.28714
2,122,1394237509.000000,-34.889576,91.90726,25000.000000,181.61943,217.47498
2,1865,1394237509.000000,-37.83499,87.08651,41000.000000,189.87561,242.15591
2,1694,1394237509.000000,-36.70485,89.082375,40000.000000,187.54358,239.64156
2,973,1394237509.000000,-37.069347,88.65757,31000.000000,187.18584,237.51659
2,1041,1394237509.000000,-36.305885,89.68993,25000.000000,185.91658,236.62656
3,1646,1394237509.000000,-37.744713,87.24536,29000.000000,190.47107,233.4829
3,570,1394237509.000000,-37.765995,87.268875,42000.000000,189.17632,230.38675
3,488,1394237509.000000,-37.428772,87.89639,37000.000000,188.30115,228.34445
3,1422,1394237509.000000,-37.564926,87.71236,35000.000000,189.74098,232.15164
3,240,1394237509.000000,-37.833836,86.942566,43000.000000,189.52574,229.51176
3,302,1394237509.000000,-36.739723,89.06796,40000.000000,186.79234,222.87854
3,1038,1394237509.000000,-36.44647,89.4804,43000.000000,183.59993,213.86917
3,1224,1394237509.000000,-37.771282,87.155014,30000.000000,190.53647,225.33232
3,371,1394237509.000000,-38.1059,86.55322,38000.000000,189.97183,217.83842
3,1218,1394237509.000000,-37.818188,87.13505,26000.000000,190.57358,232.9814
3,1420,1394237509.000000,-37.53615,87.72352,27000.000000,189.7647,231.84534
3,1642,1394237509.000000,-37.75623,87.23158,41000.000000,190.5207,231.5883
3,487,1394237509.000000,-37.34208,87.89592,32000.000000,188.37389,227.59055
3,669,1394237509.000000,-36.61447,89.40936,36000.000000,182.05663,215.43262
3,1164,1394237509.000000,-36.679924,88.881134,34000.000000,186.76263,219.36365
3,295,1394237509.000000,-36.755653,89.06274,31000.000000,186.74553,231.05373
3,474,1394237509.000000,-37.394073,87.88642,33000.000000,188.30365,233.92752
3,975,1394237509.000000,-36.542,89.3841,30000.000000,186.39844,232.01187
3,1519,1394237509.000000,-36.935978,88.61937,38000.000000,188.41423,234.57433
3,477,1394237509.000000,-37.387154,87.888245,36000.000000,188.36621,222.16753
3,120,1394237509.000000,-37.68053,87.11315,41000.000000,189.48615,224.26743
3,1373,1394237509.000000,-37.245834,88.17178,32000.000000,188.99211,236.91713
3,900,1394237509.000000,-37.83233,87.103676,35000.000000,189.32672,225.76459
3,1403,1394237509.000000,-38.450573,85.96541,26000.000000,192.69048,236.00688
3,1427,1394237509.000000,-36.675648,89.16699,29000.000000,182.304,235.68709
3,1258,1394237509.000000,-37.815353,87.13816,28000.000000,190.50961,233.96179
3,1274,1394237509.000000,-37.72324,87.15816,27000.000000,190.63495,235.82646
3,756,1394237509.000000,-37.364952,88.045975,37000.000000,188.13475,237.71135
3,65,1394237509.000000,-36.506195,89.406624,33000.000000,184.5616,226.55122
3,1567,1394237509.000000,-36.471607,89.34836,28000.000000,187.23647,236.78659
3,1886,1394237509.000000,-37.649685,87.56162,36000.000000,190.03197,231.19818
3,1516,1394237509.000000,-37.036926,88.61665,29000.000000,188.34425,231.78737
3,1708,1394237509.000000,-36.99047,88.56078,26000.000000,188.37164,235.08977
3,1057,1394237509.000000,-38.25924,86.26135,43000.000000,191.98726,235.33226
3,1890,1394237509.000000,-35.78537,90.38374,37000.000000,185.61827,224.58044
3,417,1394237509.000000,-37.38639,87.89141,35000.000000,188.38466,227.67458
3,1178,1394237509.000000,-37.93779,87.11537,32000.000000,190.59528,231.36823
3,1139,1394237509.000000,-37.399765,87.990585,31000.000000,189.4984,216.94981
3,1858,1394237509.000000,-38.543037,85.6824,34000.000000,192.99484,225.24661
3,426,1394237509.000000,-37.45671,87.87614,32000.000000,188.37657,226.28096
3,616,1394237509.000000,-36.47323,89.461174,28000.000000,186.3413,241.78442
3,1108,1394237509.000000,-37.733963,87.29855,40000.000000,190.60191,223.1858
3,1541,1394237509.000000,-36.569508,89.33605,42000.000000,187.17094,235.11365
3,1507,1394237509.000000,-36.935997,88.62637,39000.000000,188.39598,240.37865
3,276,1394237509.000000,-36.76199,88.95902,29000.000000,186.94319,238.4486
3,447,1394237509.000000,-37.372395,87.89365,37000.000000,188.36293,226.64307
3,318,1394237509.000000,-36.983234,88.463936,40000.000000,187.8184,225.75253
3,761,1394237509.000000,-37.29735,88.063225,34000.000000,188.10008,220.03615
3,1483,1394237509.000000,-36.78483,88.90696,27000.000000,187.95482,229.44225
3,707,1394237509.000000,-37.833538,87.07096,40000.000000,189.226,220.29578
4,334,1394237509.000000,-37.392284,87.99442,41000.000000,188.06136,234.91667
4,559,1394237509.000000,-37.36541,88.041466,43000.000000,187.92325,225.4165
4,120,1394237509.000000,-25.55708,100.76959,38000.000000,65.90768,259.41882
4,123,1394237509.000000,-36.45065,89.39221,32000.000000,184.13345,224.27542
4,378,1394237509.000000,-36.990738,88.73312,31000.000000,187.24982,219.02557
4,1233,1394237509.000000,-36.325264,89.692825,35000.000000,185.99219,229.39778
4,1539,1394237509.000000,-36.19612,89.79522,41000.000000,186.45308,239.2186
4,847,1394237509.000000,-36.659058,89.20096,30000.000000,186.54326,232.99857
4,1248,1394237509.000000,-38.09764,86.63929,36000.000000,190.07822,226.07799
4,1118,1394237509.000000,-36.685726,89.09448,30000.000000,186.8481,233.57964
4,1262,1394237509.000000,-38.179596,86.631676,42000.000000,190.10947,222.80544
4,926,1394237509.000000,-37.32548,88.02974,32000.000000,188.19049,225.69366
4,507,1394237509.000000,-37.47098,87.72842,32000.000000,189.64467,237.62216
4,1004,1394237509.000000,-37.846184,87.00984,28000.000000,189.4714,232.00471
4,668,1394237509.000000,-36.301563,89.7323,33000.000000,185.98761,234.2528
4,1776,1394237509.000000,-38.235325,86.43578,35000.000000,191.80246,227.16716
4,110,1394237509.000000,-27.708914,99.154625,38000.000000,74.0538,254.67929
4,1046,1394237509.000000,-35.968758,90.18821,38000.000000,185.24908,232.00656
4,1217,1394237509.000000,-36.79463,88.96687,35000.000000,186.84259,228.50162
4,1811,1394237509.000000,-36.73348,88.91037,41000.000000,187.9892,235.76105
4,1009,1394237509.000000,-37.293716,88.04662,37000.000000,188.25972,233.51514
4,1129,1394237509.000000,-37.787704,87.10325,28000.000000,189.57588,230.26302
4,596,1394237509.000000,-37.41799,87.9333,36000.000000,188.05249,223.29437
4,284,1394237509.000000,-38.09793,86.52156,33000.000000,190.08183,226.5849
4,379,1394237509.000000,-36.981335,88.73462,37000.000000,187.27856,228.55492
4,1483,1394237509.000000,-36.226395,89.79035,25000.000000,186.5024,239.57138
4,243,1394237509.000000,-37.5289,87.36938,27000.000000,189.0296,245.08174
4,1752,1394237509.000000,-37.927628,86.93831,30000.000000,190.81282,219.69672
4,667,1394237509.000000,-36.32951,89.719086,29000.000000,185.92299,235.17552
4,1872,1394237509.000000,-38.27138,86.18422,31000.000000,192.37985,216.87248
4,1623,1394237509.000000,-36.824677,89.01432,27000.000000,190.35709,236.44073
4,1557,1394237509.000000,-36.130817,89.81386,26000.000000,186.49763,240.03555
4,1156,1394237509.000000,-37.919163,86.9909,29000.000000,189.50482,232.41428
4,1098,1394237509.000000,-37.50938,87.65178,29000.000000,188.71854,233.0251
4,1255,1394237509.000000,-38.033855,86.655136,35000.000000,190.12166,223.49174
4,1925,1394237509.000000,-36.63739,89.28203,28000.000000,184.80328,204.50665
4,1358,1394237509.000000,-38.780773,85.17457,32000.000000,193.79152,222.86829
4,895,1394237509.000000,-36.339188,89.72753,35000.000000,185.81927,230.26141
4,400,1394237509.000000,-36.8595,88.98019,35000.000000,186.8218,228.11797
4,392,1394237509.000000,-36.459984,89.50297,33000.000000,186.1581,235.40253
4,1671,1394237509.000000,-38.62134,85.62413,33000.000000,192.75203,233.26744
4,1836,1394237509.000000,-37.8354,87.07108,43000.000000,191.17036,243.21986
4,333,1394237509.000000,-36.779186,89.02365,26000.000000,186.93297,218.5964
4,1110,1394237509.000000,-36.74851,89.093605,25000.000000,186.863,233.4619
4,67,1394237509.000000,-36.22247,89.97392,34000.000000,184.2961,215.09267
4,148,1394237509.000000,-37.93465,86.95465,37000.000000,189.56975,219.11472
4,1387,1394237509.000000,-38.818645,85.15645,27000.000000,193.78607,243.66797
4,1223,1394237509.000000,-36.71854,88.96994,41000.000000,186.78189,228.51459
4,296,1394237509.000000,-36.39137,89.53647,41000.000000,185.99806,232.01532
4,1879,1394237509.000000,-36.33342,89.71109,38000.000000,186.53369,221.54622
