ending,quantity,p01,p05,p50,p95,p99
exhausted-before-logon,across_arc_nm,-111.0,-91.5,-6.9,24.6,78.6
exhausted-before-logon,distance_from_logon_position_nm,0.7,2.0,29.5,109.2,125.6
exhausted-before-logon,impact_minutes_after_0000,20.0,21.1,37.4,47.3,49.1
exhausted-after-logon,across_arc_nm,-418.1,-368.9,-204.1,-21.8,2.1
exhausted-after-logon,distance_from_logon_position_nm,5.9,32.5,245.7,446.9,504.8
exhausted-after-logon,impact_minutes_after_0000,23.5,31.3,65.3,95.7,101.7
powered-impact,across_arc_nm,-349.3,-317.9,-157.9,-5.8,13.2
powered-impact,distance_from_logon_position_nm,2.6,14.9,192.2,386.1,421.5
powered-impact,impact_minutes_after_0000,20.5,23.1,49.4,73.1,75.5
