epoch_id,time_utc,seconds_from_t0,bto_us,bto_sd_us,bfo_hz,bfo_sd_hz,satellite_afc_hz,raw_source_rows,note
m1825,2014-03-07T18:25:34.000Z,1425.0,12600,43,,,10.781481481,7013,anomalous R1200; BFO excluded
m1828a,2014-03-07T18:28:05.000Z,1576.0,12500,29,144.000000000,7.0,10.382010582,7021,R1200
m1828b,2014-03-07T18:28:14.000Z,1585.0,12480,29,143.000000000,7.0,10.358201058,7032,R1200
m1839,2014-03-07T18:39:55.000Z,2286.0,,,87.823529412,7.0,8.503703704,7037-7124,C-channel mean of 51
m1941,2014-03-07T19:41:02.000Z,5953.0,11500,29,111.000000000,7.0,-1.197354497,7126,R1200
m2041,2014-03-07T20:41:04.000Z,9555.0,11740,29,141.000000000,7.0,-1.299972238,7128,R1200
m2141,2014-03-07T21:41:26.000Z,13177.0,12780,29,168.000000000,7.0,-17.895416897,7130,R1200
m2241,2014-03-07T22:41:21.000Z,16772.0,14540,29,204.000000000,7.0,-28.497051460,7132,R1200
m2315,2014-03-07T23:15:02.000Z,18793.0,,,217.275862069,7.0,-31.955559688,7135-7185,C-channel mean of 29
m0011,2014-03-08T00:10:59.000Z,22150.0,18040,29,252.000000000,7.0,-37.698289327,7187,R1200
m0019a,2014-03-08T00:19:29.000Z,22660.0,18400,63,,,-38.000000000,7188,R600 corrected; BFO excluded
m0019b,2014-03-08T00:19:37.000Z,22668.0,18380,43,,,-38.000000000,7194,anomalous R1200 corrected; BFO excluded
