epoch_id,sequence,flight,arc_time_utc,screen,condition,residual_cluster_count,maximum_independent_links,median_independent_links,truth_id,truth_position_time_utc,truth_latitude_deg,truth_longitude_deg_e,truth_altitude_km,truth_position_source,truth_position_method,truth_time_offset_seconds,nearest_arc_epoch_reference_horizontal_km,nearest_cluster_latitude_deg,nearest_cluster_longitude_deg_e,nearest_cluster_altitude_km,nearest_cluster_altitude_minimum_km,nearest_cluster_altitude_maximum_km,nearest_cluster_feasible_altitude_count,nearest_arc_epoch_reference_altitude_difference_km,nearest_cluster_independent_links,nearest_cluster_support_links,nearest_cluster_physical_slot,proximity_interpretation,recovery_physical_slot,recovery_truth_id,recovery_truth_position_time_utc,recovery_truth_latitude_deg,recovery_truth_longitude_deg_e,recovery_truth_altitude_km,recovery_truth_position_source,recovery_truth_position_method,recovery_truth_time_offset_seconds,recovery_slot_residual_cluster_count,recovery_surviving_source_cluster_count,nearest_time_aligned_truth_horizontal_km,nearest_recovery_source_cluster_id,nearest_recovery_source_altitude_km,nearest_time_aligned_truth_altitude_difference_km,minimum_time_aligned_truth_altitude_difference_km,joint_clusters_within_tolerance,recovery_parent_collapsed_residual_ids,recovery_horizontal_tolerance_km,recovery_altitude_tolerance_km,recovery_horizontal_within_tolerance,recovery_altitude_within_tolerance,recovery_altitude_sensitivity_results,recovered_within_tolerance,recovery_interpretation,figure_png,figure_pdf,figure_svg
mh370_1642,4,MH370,2014-03-07 16:42:32.406000,surface_endpoint,minus_60_min,3,3,3,mh370_1642-arc-epoch,2014-03-07 16:42:32.406000,2.8137339508772,101.714277585965,0.481571837945292,MH370 retained SITA workbook,linear interpolation between bracketing ACARS reports,0.0,341.0902291360775,5.57203287927763,100.368416257531,,,,0,,3,6,2014-03-07 16:40:00,Distance to the static aircraft position at the BTO arc epoch; not a time-aligned detection or recovery score for clusters from other physical slots in the analysis window.,2014-03-07 16:42:00,mh370_1642-nearest-wspr-slot,2014-03-07 16:42:56.242000,2.8384899368421,101.718626610526,0.742558675301035,MH370 retained SITA workbook,linear interpolation between bracketing ACARS reports,0.0,0,0,,,,,,0,,25.0,,,,,False,"Authoritative recovery uses surviving pre-collapse source centers and exact altitude slices in the WSPR physical slot nearest the BTO epoch, against aircraft truth interpolated to that slot midpoint.",known-flight-pharlap-mh370-surface-endpoint-residual-controls.png,known-flight-pharlap-mh370-surface-endpoint-residual-controls.pdf,known-flight-pharlap-mh370-surface-endpoint-residual-controls.svg
mh370_1642,4,MH370,2014-03-07 16:42:32.406000,surface_endpoint,actual_time,0,,,mh370_1642-arc-epoch,2014-03-07 16:42:32.406000,2.8137339508772,101.714277585965,0.481571837945292,MH370 retained SITA workbook,linear interpolation between bracketing ACARS reports,0.0,,,,,,,,,,,,Distance to the static aircraft position at the BTO arc epoch; not a time-aligned detection or recovery score for clusters from other physical slots in the analysis window.,2014-03-07 16:42:00,mh370_1642-nearest-wspr-slot,2014-03-07 16:42:56.242000,2.8384899368421,101.718626610526,0.742558675301035,MH370 retained SITA workbook,linear interpolation between bracketing ACARS reports,0.0,0,0,,,,,,0,,25.0,,,,,False,"Authoritative recovery uses surviving pre-collapse source centers and exact altitude slices in the WSPR physical slot nearest the BTO epoch, against aircraft truth interpolated to that slot midpoint.",known-flight-pharlap-mh370-surface-endpoint-residual-controls.png,known-flight-pharlap-mh370-surface-endpoint-residual-controls.pdf,known-flight-pharlap-mh370-surface-endpoint-residual-controls.svg
mh370_1642,4,MH370,2014-03-07 16:42:32.406000,surface_endpoint,plus_60_min,1,3,3,mh370_1642-arc-epoch,2014-03-07 16:42:32.406000,2.8137339508772,101.714277585965,0.481571837945292,MH370 retained SITA workbook,linear interpolation between bracketing ACARS reports,0.0,1838.3482259666735,18.6776849938078,96.9598872592642,,,,0,,3,3,2014-03-07 16:44:00,Distance to the static aircraft position at the BTO arc epoch; not a time-aligned detection or recovery score for clusters from other physical slots in the analysis window.,2014-03-07 16:42:00,mh370_1642-nearest-wspr-slot,2014-03-07 16:42:56.242000,2.8384899368421,101.718626610526,0.742558675301035,MH370 retained SITA workbook,linear interpolation between bracketing ACARS reports,0.0,0,0,,,,,,0,,25.0,,,,,False,"Authoritative recovery uses surviving pre-collapse source centers and exact altitude slices in the WSPR physical slot nearest the BTO epoch, against aircraft truth interpolated to that slot midpoint.",known-flight-pharlap-mh370-surface-endpoint-residual-controls.png,known-flight-pharlap-mh370-surface-endpoint-residual-controls.pdf,known-flight-pharlap-mh370-surface-endpoint-residual-controls.svg
mh370_1656,5,MH370,2014-03-07 16:55:53.157000,surface_endpoint,minus_60_min,2,3,3.0,mh370_1656-arc-epoch,2014-03-07 16:55:53.157000,4.01578217557252,102.207054454198,8.43412035792366,MH370 retained SITA workbook,linear interpolation between bracketing ACARS reports,0.0,172.90142816809384,5.03463865759192,103.385376601749,,,,0,,3,3,2014-03-07 16:52:00,Distance to the static aircraft position at the BTO arc epoch; not a time-aligned detection or recovery score for clusters from other physical slots in the analysis window.,2014-03-07 16:54:00,mh370_1656-nearest-wspr-slot,2014-03-07 16:54:56.242000,3.90933809160305,102.156873671756,7.99314467578625,MH370 retained SITA workbook,linear interpolation between bracketing ACARS reports,0.0,0,0,,,,,,0,,25.0,,,,,False,"Authoritative recovery uses surviving pre-collapse source centers and exact altitude slices in the WSPR physical slot nearest the BTO epoch, against aircraft truth interpolated to that slot midpoint.",known-flight-pharlap-mh370-surface-endpoint-residual-controls.png,known-flight-pharlap-mh370-surface-endpoint-residual-controls.pdf,known-flight-pharlap-mh370-surface-endpoint-residual-controls.svg
mh370_1656,5,MH370,2014-03-07 16:55:53.157000,surface_endpoint,actual_time,0,,,mh370_1656-arc-epoch,2014-03-07 16:55:53.157000,4.01578217557252,102.207054454198,8.43412035792366,MH370 retained SITA workbook,linear interpolation between bracketing ACARS reports,0.0,,,,,,,,,,,,Distance to the static aircraft position at the BTO arc epoch; not a time-aligned detection or recovery score for clusters from other physical slots in the analysis window.,2014-03-07 16:54:00,mh370_1656-nearest-wspr-slot,2014-03-07 16:54:56.242000,3.90933809160305,102.156873671756,7.99314467578625,MH370 retained SITA workbook,linear interpolation between bracketing ACARS reports,0.0,0,0,,,,,,0,,25.0,,,,,False,"Authoritative recovery uses surviving pre-collapse source centers and exact altitude slices in the WSPR physical slot nearest the BTO epoch, against aircraft truth interpolated to that slot midpoint.",known-flight-pharlap-mh370-surface-endpoint-residual-controls.png,known-flight-pharlap-mh370-surface-endpoint-residual-controls.pdf,known-flight-pharlap-mh370-surface-endpoint-residual-controls.svg
mh370_1656,5,MH370,2014-03-07 16:55:53.157000,surface_endpoint,plus_60_min,0,,,mh370_1656-arc-epoch,2014-03-07 16:55:53.157000,4.01578217557252,102.207054454198,8.43412035792366,MH370 retained SITA workbook,linear interpolation between bracketing ACARS reports,0.0,,,,,,,,,,,,Distance to the static aircraft position at the BTO arc epoch; not a time-aligned detection or recovery score for clusters from other physical slots in the analysis window.,2014-03-07 16:54:00,mh370_1656-nearest-wspr-slot,2014-03-07 16:54:56.242000,3.90933809160305,102.156873671756,7.99314467578625,MH370 retained SITA workbook,linear interpolation between bracketing ACARS reports,0.0,0,0,,,,,,0,,25.0,,,,,False,"Authoritative recovery uses surviving pre-collapse source centers and exact altitude slices in the WSPR physical slot nearest the BTO epoch, against aircraft truth interpolated to that slot midpoint.",known-flight-pharlap-mh370-surface-endpoint-residual-controls.png,known-flight-pharlap-mh370-surface-endpoint-residual-controls.pdf,known-flight-pharlap-mh370-surface-endpoint-residual-controls.svg
mh370_1707,6,MH370,2014-03-07 17:07:19.156500,surface_endpoint,minus_60_min,2,3,3.0,mh370_1707-arc-epoch,2014-03-07 17:07:19.156500,5.299,102.813,10.6692192,MH370 retained SITA workbook,nearest retained ACARS report; no trajectory propagation,36.1564999999973,120.23263621268511,6.07709238250589,103.567541564817,,,,0,,3,3,2014-03-07 17:16:00,Distance to the static aircraft position at the BTO arc epoch; not a time-aligned detection or recovery score for clusters from other physical slots in the analysis window.,2014-03-07 17:06:00,mh370_1707-nearest-wspr-slot,2014-03-07 17:06:56.242000,5.299,102.813,10.6692192,MH370 retained SITA workbook,nearest retained ACARS report; no trajectory propagation,13.2419999999984,0,0,,,,,,0,,25.0,,,,,False,"Authoritative recovery uses surviving pre-collapse source centers and exact altitude slices in the WSPR physical slot nearest the BTO epoch, against aircraft truth interpolated to that slot midpoint.",known-flight-pharlap-mh370-surface-endpoint-residual-controls.png,known-flight-pharlap-mh370-surface-endpoint-residual-controls.pdf,known-flight-pharlap-mh370-surface-endpoint-residual-controls.svg
mh370_1707,6,MH370,2014-03-07 17:07:19.156500,surface_endpoint,actual_time,0,,,mh370_1707-arc-epoch,2014-03-07 17:07:19.156500,5.299,102.813,10.6692192,MH370 retained SITA workbook,nearest retained ACARS report; no trajectory propagation,36.1564999999973,,,,,,,,,,,,Distance to the static aircraft position at the BTO arc epoch; not a time-aligned detection or recovery score for clusters from other physical slots in the analysis window.,2014-03-07 17:06:00,mh370_1707-nearest-wspr-slot,2014-03-07 17:06:56.242000,5.299,102.813,10.6692192,MH370 retained SITA workbook,nearest retained ACARS report; no trajectory propagation,13.2419999999984,0,0,,,,,,0,,25.0,,,,,False,"Authoritative recovery uses surviving pre-collapse source centers and exact altitude slices in the WSPR physical slot nearest the BTO epoch, against aircraft truth interpolated to that slot midpoint.",known-flight-pharlap-mh370-surface-endpoint-residual-controls.png,known-flight-pharlap-mh370-surface-endpoint-residual-controls.pdf,known-flight-pharlap-mh370-surface-endpoint-residual-controls.svg
mh370_1707,6,MH370,2014-03-07 17:07:19.156500,surface_endpoint,plus_60_min,0,,,mh370_1707-arc-epoch,2014-03-07 17:07:19.156500,5.299,102.813,10.6692192,MH370 retained SITA workbook,nearest retained ACARS report; no trajectory propagation,36.1564999999973,,,,,,,,,,,,Distance to the static aircraft position at the BTO arc epoch; not a time-aligned detection or recovery score for clusters from other physical slots in the analysis window.,2014-03-07 17:06:00,mh370_1707-nearest-wspr-slot,2014-03-07 17:06:56.242000,5.299,102.813,10.6692192,MH370 retained SITA workbook,nearest retained ACARS report; no trajectory propagation,13.2419999999984,0,0,,,,,,0,,25.0,,,,,False,"Authoritative recovery uses surviving pre-collapse source centers and exact altitude slices in the WSPR physical slot nearest the BTO epoch, against aircraft truth interpolated to that slot midpoint.",known-flight-pharlap-mh370-surface-endpoint-residual-controls.png,known-flight-pharlap-mh370-surface-endpoint-residual-controls.pdf,known-flight-pharlap-mh370-surface-endpoint-residual-controls.svg
mh370_1642,4,MH370,2014-03-07 16:42:32.406000,common_aircraft_altitude,minus_60_min,2,3,3.0,mh370_1642-arc-epoch,2014-03-07 16:42:32.406000,2.8137339508772,101.714277585965,0.481571837945292,MH370 retained SITA workbook,linear interpolation between bracketing ACARS reports,0.0,429.97358516478545,6.22686638877162,99.8909218000987,,0.5,13.0,26,0.018428162054707986,3,3,2014-03-07 16:36:00,Distance to the static aircraft position at the BTO arc epoch; not a time-aligned detection or recovery score for clusters from other physical slots in the analysis window.,2014-03-07 16:42:00,mh370_1642-nearest-wspr-slot,2014-03-07 16:42:56.242000,2.8384899368421,101.718626610526,0.742558675301035,MH370 retained SITA workbook,linear interpolation between bracketing ACARS reports,0.0,0,0,,,,,,0,,25.0,0.5,,,0.25:false;0.5:false;1:false,False,"Authoritative recovery uses surviving pre-collapse source centers and exact altitude slices in the WSPR physical slot nearest the BTO epoch, against aircraft truth interpolated to that slot midpoint.",known-flight-pharlap-mh370-common-aircraft-altitude-residual-controls.png,known-flight-pharlap-mh370-common-aircraft-altitude-residual-controls.pdf,known-flight-pharlap-mh370-common-aircraft-altitude-residual-controls.svg
mh370_1642,4,MH370,2014-03-07 16:42:32.406000,common_aircraft_altitude,actual_time,3,3,3,mh370_1642-arc-epoch,2014-03-07 16:42:32.406000,2.8137339508772,101.714277585965,0.481571837945292,MH370 retained SITA workbook,linear interpolation between bracketing ACARS reports,0.0,1147.7414571889117,12.9015212392086,99.5047642027389,,3.0,13.0,21,2.518428162054708,3,3,2014-03-07 16:32:00,Distance to the static aircraft position at the BTO arc epoch; not a time-aligned detection or recovery score for clusters from other physical slots in the analysis window.,2014-03-07 16:42:00,mh370_1642-nearest-wspr-slot,2014-03-07 16:42:56.242000,2.8384899368421,101.718626610526,0.742558675301035,MH370 retained SITA workbook,linear interpolation between bracketing ACARS reports,0.0,0,0,,,,,,0,,25.0,0.5,,,0.25:false;0.5:false;1:false,False,"Authoritative recovery uses surviving pre-collapse source centers and exact altitude slices in the WSPR physical slot nearest the BTO epoch, against aircraft truth interpolated to that slot midpoint.",known-flight-pharlap-mh370-common-aircraft-altitude-residual-controls.png,known-flight-pharlap-mh370-common-aircraft-altitude-residual-controls.pdf,known-flight-pharlap-mh370-common-aircraft-altitude-residual-controls.svg
mh370_1642,4,MH370,2014-03-07 16:42:32.406000,common_aircraft_altitude,plus_60_min,7,3,3,mh370_1642-arc-epoch,2014-03-07 16:42:32.406000,2.8137339508772,101.714277585965,0.481571837945292,MH370 retained SITA workbook,linear interpolation between bracketing ACARS reports,0.0,1165.461953032449,13.1249942064673,99.8132669759865,,1.5,13.0,24,1.018428162054708,3,5,2014-03-07 16:50:00,Distance to the static aircraft position at the BTO arc epoch; not a time-aligned detection or recovery score for clusters from other physical slots in the analysis window.,2014-03-07 16:42:00,mh370_1642-nearest-wspr-slot,2014-03-07 16:42:56.242000,2.8384899368421,101.718626610526,0.742558675301035,MH370 retained SITA workbook,linear interpolation between bracketing ACARS reports,0.0,1,26,1191.0973399702452,mh370_1642|plus_60_min|2014-03-07 16:42:00|0.500|1|known-flight:mh370_1642:00000793,0.5,0.24255867530103503,0.24255867530103503,0,mh370_1642|common_aircraft_altitude|plus_60_min|2014-03-07 16:42:00|1|known-flight:mh370_1642:00000793,25.0,0.5,False,True,0.25:false;0.5:false;1:false,False,"Authoritative recovery uses surviving pre-collapse source centers and exact altitude slices in the WSPR physical slot nearest the BTO epoch, against aircraft truth interpolated to that slot midpoint.",known-flight-pharlap-mh370-common-aircraft-altitude-residual-controls.png,known-flight-pharlap-mh370-common-aircraft-altitude-residual-controls.pdf,known-flight-pharlap-mh370-common-aircraft-altitude-residual-controls.svg
mh370_1656,5,MH370,2014-03-07 16:55:53.157000,common_aircraft_altitude,minus_60_min,1,3,3,mh370_1656-arc-epoch,2014-03-07 16:55:53.157000,4.01578217557252,102.207054454198,8.43412035792366,MH370 retained SITA workbook,linear interpolation between bracketing ACARS reports,0.0,172.90142816809384,5.03463865759192,103.385376601749,,0.5,13.0,25,0.06587964207633945,3,3,2014-03-07 16:52:00,Distance to the static aircraft position at the BTO arc epoch; not a time-aligned detection or recovery score for clusters from other physical slots in the analysis window.,2014-03-07 16:54:00,mh370_1656-nearest-wspr-slot,2014-03-07 16:54:56.242000,3.90933809160305,102.156873671756,7.99314467578625,MH370 retained SITA workbook,linear interpolation between bracketing ACARS reports,0.0,0,0,,,,,,0,,25.0,0.5,,,0.25:false;0.5:false;1:false,False,"Authoritative recovery uses surviving pre-collapse source centers and exact altitude slices in the WSPR physical slot nearest the BTO epoch, against aircraft truth interpolated to that slot midpoint.",known-flight-pharlap-mh370-common-aircraft-altitude-residual-controls.png,known-flight-pharlap-mh370-common-aircraft-altitude-residual-controls.pdf,known-flight-pharlap-mh370-common-aircraft-altitude-residual-controls.svg
mh370_1656,5,MH370,2014-03-07 16:55:53.157000,common_aircraft_altitude,actual_time,2,3,3.0,mh370_1656-arc-epoch,2014-03-07 16:55:53.157000,4.01578217557252,102.207054454198,8.43412035792366,MH370 retained SITA workbook,linear interpolation between bracketing ACARS reports,0.0,288.38275944427346,1.48365615268249,102.768551367372,,5.5,13.0,11,0.06587964207633945,3,3,2014-03-07 17:04:00,Distance to the static aircraft position at the BTO arc epoch; not a time-aligned detection or recovery score for clusters from other physical slots in the analysis window.,2014-03-07 16:54:00,mh370_1656-nearest-wspr-slot,2014-03-07 16:54:56.242000,3.90933809160305,102.156873671756,7.99314467578625,MH370 retained SITA workbook,linear interpolation between bracketing ACARS reports,0.0,0,0,,,,,,0,,25.0,0.5,,,0.25:false;0.5:false;1:false,False,"Authoritative recovery uses surviving pre-collapse source centers and exact altitude slices in the WSPR physical slot nearest the BTO epoch, against aircraft truth interpolated to that slot midpoint.",known-flight-pharlap-mh370-common-aircraft-altitude-residual-controls.png,known-flight-pharlap-mh370-common-aircraft-altitude-residual-controls.pdf,known-flight-pharlap-mh370-common-aircraft-altitude-residual-controls.svg
mh370_1656,5,MH370,2014-03-07 16:55:53.157000,common_aircraft_altitude,plus_60_min,5,3,3,mh370_1656-arc-epoch,2014-03-07 16:55:53.157000,4.01578217557252,102.207054454198,8.43412035792366,MH370 retained SITA workbook,linear interpolation between bracketing ACARS reports,0.0,267.8205210838399,5.6671835693225,100.447414900296,,6.0,13.0,15,0.06587964207633945,3,3,2014-03-07 16:48:00,Distance to the static aircraft position at the BTO arc epoch; not a time-aligned detection or recovery score for clusters from other physical slots in the analysis window.,2014-03-07 16:54:00,mh370_1656-nearest-wspr-slot,2014-03-07 16:54:56.242000,3.90933809160305,102.156873671756,7.99314467578625,MH370 retained SITA workbook,linear interpolation between bracketing ACARS reports,0.0,0,0,,,,,,0,,25.0,0.5,,,0.25:false;0.5:false;1:false,False,"Authoritative recovery uses surviving pre-collapse source centers and exact altitude slices in the WSPR physical slot nearest the BTO epoch, against aircraft truth interpolated to that slot midpoint.",known-flight-pharlap-mh370-common-aircraft-altitude-residual-controls.png,known-flight-pharlap-mh370-common-aircraft-altitude-residual-controls.pdf,known-flight-pharlap-mh370-common-aircraft-altitude-residual-controls.svg
mh370_1707,6,MH370,2014-03-07 17:07:19.156500,common_aircraft_altitude,minus_60_min,5,4,3,mh370_1707-arc-epoch,2014-03-07 17:07:19.156500,5.299,102.813,10.6692192,MH370 retained SITA workbook,nearest retained ACARS report; no trajectory propagation,36.1564999999973,120.23263621268511,6.07709238250589,103.567541564817,,0.5,13.0,26,0.16921920000000057,3,3,2014-03-07 17:16:00,Distance to the static aircraft position at the BTO arc epoch; not a time-aligned detection or recovery score for clusters from other physical slots in the analysis window.,2014-03-07 17:06:00,mh370_1707-nearest-wspr-slot,2014-03-07 17:06:56.242000,5.299,102.813,10.6692192,MH370 retained SITA workbook,nearest retained ACARS report; no trajectory propagation,13.2419999999984,0,0,,,,,,0,,25.0,0.5,,,0.25:false;0.5:false;1:false,False,"Authoritative recovery uses surviving pre-collapse source centers and exact altitude slices in the WSPR physical slot nearest the BTO epoch, against aircraft truth interpolated to that slot midpoint.",known-flight-pharlap-mh370-common-aircraft-altitude-residual-controls.png,known-flight-pharlap-mh370-common-aircraft-altitude-residual-controls.pdf,known-flight-pharlap-mh370-common-aircraft-altitude-residual-controls.svg
mh370_1707,6,MH370,2014-03-07 17:07:19.156500,common_aircraft_altitude,actual_time,1,3,3,mh370_1707-arc-epoch,2014-03-07 17:07:19.156500,5.299,102.813,10.6692192,MH370 retained SITA workbook,nearest retained ACARS report; no trajectory propagation,36.1564999999973,997.8737250946883,14.0943777403208,101.003250161047,,0.5,13.0,26,0.16921920000000057,3,4,2014-03-07 17:02:00,Distance to the static aircraft position at the BTO arc epoch; not a time-aligned detection or recovery score for clusters from other physical slots in the analysis window.,2014-03-07 17:06:00,mh370_1707-nearest-wspr-slot,2014-03-07 17:06:56.242000,5.299,102.813,10.6692192,MH370 retained SITA workbook,nearest retained ACARS report; no trajectory propagation,13.2419999999984,0,0,,,,,,0,,25.0,0.5,,,0.25:false;0.5:false;1:false,False,"Authoritative recovery uses surviving pre-collapse source centers and exact altitude slices in the WSPR physical slot nearest the BTO epoch, against aircraft truth interpolated to that slot midpoint.",known-flight-pharlap-mh370-common-aircraft-altitude-residual-controls.png,known-flight-pharlap-mh370-common-aircraft-altitude-residual-controls.pdf,known-flight-pharlap-mh370-common-aircraft-altitude-residual-controls.svg
mh370_1707,6,MH370,2014-03-07 17:07:19.156500,common_aircraft_altitude,plus_60_min,1,3,3,mh370_1707-arc-epoch,2014-03-07 17:07:19.156500,5.299,102.813,10.6692192,MH370 retained SITA workbook,nearest retained ACARS report; no trajectory propagation,36.1564999999973,736.758996031835,11.7318276582159,101.206866926397,,5.5,13.0,14,0.16921920000000057,3,3,2014-03-07 17:02:00,Distance to the static aircraft position at the BTO arc epoch; not a time-aligned detection or recovery score for clusters from other physical slots in the analysis window.,2014-03-07 17:06:00,mh370_1707-nearest-wspr-slot,2014-03-07 17:06:56.242000,5.299,102.813,10.6692192,MH370 retained SITA workbook,nearest retained ACARS report; no trajectory propagation,13.2419999999984,0,0,,,,,,0,,25.0,0.5,,,0.25:false;0.5:false;1:false,False,"Authoritative recovery uses surviving pre-collapse source centers and exact altitude slices in the WSPR physical slot nearest the BTO epoch, against aircraft truth interpolated to that slot midpoint.",known-flight-pharlap-mh370-common-aircraft-altitude-residual-controls.png,known-flight-pharlap-mh370-common-aircraft-altitude-residual-controls.pdf,known-flight-pharlap-mh370-common-aircraft-altitude-residual-controls.svg
mh371_0404,1,MH371,2014-03-07 04:04:09.457000,surface_endpoint,minus_60_min,0,,,mh371_0404-arc-epoch,2014-03-07 04:04:09.457000,24.05521211,113.88280267,11.612871407688,MH371 retained ACARS workbook,linear interpolation between bracketing ACARS reports,0.0,,,,,,,,,,,,Distance to the static aircraft position at the BTO arc epoch; not a time-aligned detection or recovery score for clusters from other physical slots in the analysis window.,2014-03-07 04:04:00,mh371_0404-nearest-wspr-slot,2014-03-07 04:04:56.242000,23.95680766,113.88171102,11.612823874128,MH371 retained ACARS workbook,linear interpolation between bracketing ACARS reports,0.0,0,0,,,,,,0,,25.0,,,,,False,"Authoritative recovery uses surviving pre-collapse source centers and exact altitude slices in the WSPR physical slot nearest the BTO epoch, against aircraft truth interpolated to that slot midpoint.",known-flight-pharlap-mh371-surface-endpoint-residual-controls.png,known-flight-pharlap-mh371-surface-endpoint-residual-controls.pdf,known-flight-pharlap-mh371-surface-endpoint-residual-controls.svg
mh371_0404,1,MH371,2014-03-07 04:04:09.457000,surface_endpoint,actual_time,0,,,mh371_0404-arc-epoch,2014-03-07 04:04:09.457000,24.05521211,113.88280267,11.612871407688,MH371 retained ACARS workbook,linear interpolation between bracketing ACARS reports,0.0,,,,,,,,,,,,Distance to the static aircraft position at the BTO arc epoch; not a time-aligned detection or recovery score for clusters from other physical slots in the analysis window.,2014-03-07 04:04:00,mh371_0404-nearest-wspr-slot,2014-03-07 04:04:56.242000,23.95680766,113.88171102,11.612823874128,MH371 retained ACARS workbook,linear interpolation between bracketing ACARS reports,0.0,0,0,,,,,,0,,25.0,,,,,False,"Authoritative recovery uses surviving pre-collapse source centers and exact altitude slices in the WSPR physical slot nearest the BTO epoch, against aircraft truth interpolated to that slot midpoint.",known-flight-pharlap-mh371-surface-endpoint-residual-controls.png,known-flight-pharlap-mh371-surface-endpoint-residual-controls.pdf,known-flight-pharlap-mh371-surface-endpoint-residual-controls.svg
mh371_0404,1,MH371,2014-03-07 04:04:09.457000,surface_endpoint,plus_60_min,0,,,mh371_0404-arc-epoch,2014-03-07 04:04:09.457000,24.05521211,113.88280267,11.612871407688,MH371 retained ACARS workbook,linear interpolation between bracketing ACARS reports,0.0,,,,,,,,,,,,Distance to the static aircraft position at the BTO arc epoch; not a time-aligned detection or recovery score for clusters from other physical slots in the analysis window.,2014-03-07 04:04:00,mh371_0404-nearest-wspr-slot,2014-03-07 04:04:56.242000,23.95680766,113.88171102,11.612823874128,MH371 retained ACARS workbook,linear interpolation between bracketing ACARS reports,0.0,0,0,,,,,,0,,25.0,,,,,False,"Authoritative recovery uses surviving pre-collapse source centers and exact altitude slices in the WSPR physical slot nearest the BTO epoch, against aircraft truth interpolated to that slot midpoint.",known-flight-pharlap-mh371-surface-endpoint-residual-controls.png,known-flight-pharlap-mh371-surface-endpoint-residual-controls.pdf,known-flight-pharlap-mh371-surface-endpoint-residual-controls.svg
mh371_0611,2,MH371,2014-03-07 06:11:01.159000,surface_endpoint,minus_60_min,0,,,mh371_0611-arc-epoch,2014-03-07 06:11:01.159000,9.54179971333333,107.169421473333,12.191445748632,MH371 retained ACARS workbook,linear interpolation between bracketing ACARS reports,0.0,,,,,,,,,,,,Distance to the static aircraft position at the BTO arc epoch; not a time-aligned detection or recovery score for clusters from other physical slots in the analysis window.,2014-03-07 06:10:00,mh371_0611-nearest-wspr-slot,2014-03-07 06:10:56.242000,9.55087977333334,107.175354653333,12.191430761616,MH371 retained ACARS workbook,linear interpolation between bracketing ACARS reports,0.0,0,0,,,,,,0,,25.0,,,,,False,"Authoritative recovery uses surviving pre-collapse source centers and exact altitude slices in the WSPR physical slot nearest the BTO epoch, against aircraft truth interpolated to that slot midpoint.",known-flight-pharlap-mh371-surface-endpoint-residual-controls.png,known-flight-pharlap-mh371-surface-endpoint-residual-controls.pdf,known-flight-pharlap-mh371-surface-endpoint-residual-controls.svg
mh371_0611,2,MH371,2014-03-07 06:11:01.159000,surface_endpoint,actual_time,0,,,mh371_0611-arc-epoch,2014-03-07 06:11:01.159000,9.54179971333333,107.169421473333,12.191445748632,MH371 retained ACARS workbook,linear interpolation between bracketing ACARS reports,0.0,,,,,,,,,,,,Distance to the static aircraft position at the BTO arc epoch; not a time-aligned detection or recovery score for clusters from other physical slots in the analysis window.,2014-03-07 06:10:00,mh371_0611-nearest-wspr-slot,2014-03-07 06:10:56.242000,9.55087977333334,107.175354653333,12.191430761616,MH371 retained ACARS workbook,linear interpolation between bracketing ACARS reports,0.0,0,0,,,,,,0,,25.0,,,,,False,"Authoritative recovery uses surviving pre-collapse source centers and exact altitude slices in the WSPR physical slot nearest the BTO epoch, against aircraft truth interpolated to that slot midpoint.",known-flight-pharlap-mh371-surface-endpoint-residual-controls.png,known-flight-pharlap-mh371-surface-endpoint-residual-controls.pdf,known-flight-pharlap-mh371-surface-endpoint-residual-controls.svg
mh371_0611,2,MH371,2014-03-07 06:11:01.159000,surface_endpoint,plus_60_min,3,4,3,mh371_0611-arc-epoch,2014-03-07 06:11:01.159000,9.54179971333333,107.169421473333,12.191445748632,MH371 retained ACARS workbook,linear interpolation between bracketing ACARS reports,0.0,724.4849978829922,3.26219425019345,108.91833506237,,,,0,,4,4,2014-03-07 06:12:00,Distance to the static aircraft position at the BTO arc epoch; not a time-aligned detection or recovery score for clusters from other physical slots in the analysis window.,2014-03-07 06:10:00,mh371_0611-nearest-wspr-slot,2014-03-07 06:10:56.242000,9.55087977333334,107.175354653333,12.191430761616,MH371 retained ACARS workbook,linear interpolation between bracketing ACARS reports,0.0,0,0,,,,,,0,,25.0,,,,,False,"Authoritative recovery uses surviving pre-collapse source centers and exact altitude slices in the WSPR physical slot nearest the BTO epoch, against aircraft truth interpolated to that slot midpoint.",known-flight-pharlap-mh371-surface-endpoint-residual-controls.png,known-flight-pharlap-mh371-surface-endpoint-residual-controls.pdf,known-flight-pharlap-mh371-surface-endpoint-residual-controls.svg
mh371_0648,3,MH371,2014-03-07 06:48:31.157000,surface_endpoint,minus_60_min,0,,,mh371_0648-arc-epoch,2014-03-07 06:48:31.157000,5.25562065333333,104.490645263333,12.192,MH371 retained ACARS workbook,linear interpolation between bracketing ACARS reports,0.0,,,,,,,,,,,,Distance to the static aircraft position at the BTO arc epoch; not a time-aligned detection or recovery score for clusters from other physical slots in the analysis window.,2014-03-07 06:48:00,mh371_0648-nearest-wspr-slot,2014-03-07 06:48:56.242000,5.20779192,104.46112858,12.192,MH371 retained ACARS workbook,linear interpolation between bracketing ACARS reports,0.0,0,0,,,,,,0,,25.0,,,,,False,"Authoritative recovery uses surviving pre-collapse source centers and exact altitude slices in the WSPR physical slot nearest the BTO epoch, against aircraft truth interpolated to that slot midpoint.",known-flight-pharlap-mh371-surface-endpoint-residual-controls.png,known-flight-pharlap-mh371-surface-endpoint-residual-controls.pdf,known-flight-pharlap-mh371-surface-endpoint-residual-controls.svg
mh371_0648,3,MH371,2014-03-07 06:48:31.157000,surface_endpoint,actual_time,0,,,mh371_0648-arc-epoch,2014-03-07 06:48:31.157000,5.25562065333333,104.490645263333,12.192,MH371 retained ACARS workbook,linear interpolation between bracketing ACARS reports,0.0,,,,,,,,,,,,Distance to the static aircraft position at the BTO arc epoch; not a time-aligned detection or recovery score for clusters from other physical slots in the analysis window.,2014-03-07 06:48:00,mh371_0648-nearest-wspr-slot,2014-03-07 06:48:56.242000,5.20779192,104.46112858,12.192,MH371 retained ACARS workbook,linear interpolation between bracketing ACARS reports,0.0,0,0,,,,,,0,,25.0,,,,,False,"Authoritative recovery uses surviving pre-collapse source centers and exact altitude slices in the WSPR physical slot nearest the BTO epoch, against aircraft truth interpolated to that slot midpoint.",known-flight-pharlap-mh371-surface-endpoint-residual-controls.png,known-flight-pharlap-mh371-surface-endpoint-residual-controls.pdf,known-flight-pharlap-mh371-surface-endpoint-residual-controls.svg
mh371_0648,3,MH371,2014-03-07 06:48:31.157000,surface_endpoint,plus_60_min,2,3,3.0,mh371_0648-arc-epoch,2014-03-07 06:48:31.157000,5.25562065333333,104.490645263333,12.192,MH371 retained ACARS workbook,linear interpolation between bracketing ACARS reports,0.0,680.9636144330846,10.9464397505829,102.204431189987,,,,0,,3,3,2014-03-07 06:46:00,Distance to the static aircraft position at the BTO arc epoch; not a time-aligned detection or recovery score for clusters from other physical slots in the analysis window.,2014-03-07 06:48:00,mh371_0648-nearest-wspr-slot,2014-03-07 06:48:56.242000,5.20779192,104.46112858,12.192,MH371 retained ACARS workbook,linear interpolation between bracketing ACARS reports,0.0,1,1,2308.65726492029,mh371_0648|surface_endpoint|plus_60_min|2014-03-07 06:48:00|1|known-flight:mh371_0648:00000499,,,,0,mh371_0648|surface_endpoint|plus_60_min|2014-03-07 06:48:00|1|known-flight:mh371_0648:00000499,25.0,,False,,,False,"Authoritative recovery uses surviving pre-collapse source centers and exact altitude slices in the WSPR physical slot nearest the BTO epoch, against aircraft truth interpolated to that slot midpoint.",known-flight-pharlap-mh371-surface-endpoint-residual-controls.png,known-flight-pharlap-mh371-surface-endpoint-residual-controls.pdf,known-flight-pharlap-mh371-surface-endpoint-residual-controls.svg
mh371_0404,1,MH371,2014-03-07 04:04:09.457000,common_aircraft_altitude,minus_60_min,1,3,3,mh371_0404-arc-epoch,2014-03-07 04:04:09.457000,24.05521211,113.88280267,11.612871407688,MH371 retained ACARS workbook,linear interpolation between bracketing ACARS reports,0.0,2514.950056016073,1.66830262219694,117.211531968996,,9.0,12.5,6,0.11287140768800086,3,3,2014-03-07 04:12:00,Distance to the static aircraft position at the BTO arc epoch; not a time-aligned detection or recovery score for clusters from other physical slots in the analysis window.,2014-03-07 04:04:00,mh371_0404-nearest-wspr-slot,2014-03-07 04:04:56.242000,23.95680766,113.88171102,11.612823874128,MH371 retained ACARS workbook,linear interpolation between bracketing ACARS reports,0.0,0,0,,,,,,0,,25.0,0.5,,,0.25:false;0.5:false;1:false,False,"Authoritative recovery uses surviving pre-collapse source centers and exact altitude slices in the WSPR physical slot nearest the BTO epoch, against aircraft truth interpolated to that slot midpoint.",known-flight-pharlap-mh371-common-aircraft-altitude-residual-controls.png,known-flight-pharlap-mh371-common-aircraft-altitude-residual-controls.pdf,known-flight-pharlap-mh371-common-aircraft-altitude-residual-controls.svg
mh371_0404,1,MH371,2014-03-07 04:04:09.457000,common_aircraft_altitude,actual_time,0,,,mh371_0404-arc-epoch,2014-03-07 04:04:09.457000,24.05521211,113.88280267,11.612871407688,MH371 retained ACARS workbook,linear interpolation between bracketing ACARS reports,0.0,,,,,,,,,,,,Distance to the static aircraft position at the BTO arc epoch; not a time-aligned detection or recovery score for clusters from other physical slots in the analysis window.,2014-03-07 04:04:00,mh371_0404-nearest-wspr-slot,2014-03-07 04:04:56.242000,23.95680766,113.88171102,11.612823874128,MH371 retained ACARS workbook,linear interpolation between bracketing ACARS reports,0.0,0,0,,,,,,0,,25.0,0.5,,,0.25:false;0.5:false;1:false,False,"Authoritative recovery uses surviving pre-collapse source centers and exact altitude slices in the WSPR physical slot nearest the BTO epoch, against aircraft truth interpolated to that slot midpoint.",known-flight-pharlap-mh371-common-aircraft-altitude-residual-controls.png,known-flight-pharlap-mh371-common-aircraft-altitude-residual-controls.pdf,known-flight-pharlap-mh371-common-aircraft-altitude-residual-controls.svg
mh371_0404,1,MH371,2014-03-07 04:04:09.457000,common_aircraft_altitude,plus_60_min,0,,,mh371_0404-arc-epoch,2014-03-07 04:04:09.457000,24.05521211,113.88280267,11.612871407688,MH371 retained ACARS workbook,linear interpolation between bracketing ACARS reports,0.0,,,,,,,,,,,,Distance to the static aircraft position at the BTO arc epoch; not a time-aligned detection or recovery score for clusters from other physical slots in the analysis window.,2014-03-07 04:04:00,mh371_0404-nearest-wspr-slot,2014-03-07 04:04:56.242000,23.95680766,113.88171102,11.612823874128,MH371 retained ACARS workbook,linear interpolation between bracketing ACARS reports,0.0,0,0,,,,,,0,,25.0,0.5,,,0.25:false;0.5:false;1:false,False,"Authoritative recovery uses surviving pre-collapse source centers and exact altitude slices in the WSPR physical slot nearest the BTO epoch, against aircraft truth interpolated to that slot midpoint.",known-flight-pharlap-mh371-common-aircraft-altitude-residual-controls.png,known-flight-pharlap-mh371-common-aircraft-altitude-residual-controls.pdf,known-flight-pharlap-mh371-common-aircraft-altitude-residual-controls.svg
mh371_0611,2,MH371,2014-03-07 06:11:01.159000,common_aircraft_altitude,minus_60_min,0,,,mh371_0611-arc-epoch,2014-03-07 06:11:01.159000,9.54179971333333,107.169421473333,12.191445748632,MH371 retained ACARS workbook,linear interpolation between bracketing ACARS reports,0.0,,,,,,,,,,,,Distance to the static aircraft position at the BTO arc epoch; not a time-aligned detection or recovery score for clusters from other physical slots in the analysis window.,2014-03-07 06:10:00,mh371_0611-nearest-wspr-slot,2014-03-07 06:10:56.242000,9.55087977333334,107.175354653333,12.191430761616,MH371 retained ACARS workbook,linear interpolation between bracketing ACARS reports,0.0,0,0,,,,,,0,,25.0,0.5,,,0.25:false;0.5:false;1:false,False,"Authoritative recovery uses surviving pre-collapse source centers and exact altitude slices in the WSPR physical slot nearest the BTO epoch, against aircraft truth interpolated to that slot midpoint.",known-flight-pharlap-mh371-common-aircraft-altitude-residual-controls.png,known-flight-pharlap-mh371-common-aircraft-altitude-residual-controls.pdf,known-flight-pharlap-mh371-common-aircraft-altitude-residual-controls.svg
mh371_0611,2,MH371,2014-03-07 06:11:01.159000,common_aircraft_altitude,actual_time,0,,,mh371_0611-arc-epoch,2014-03-07 06:11:01.159000,9.54179971333333,107.169421473333,12.191445748632,MH371 retained ACARS workbook,linear interpolation between bracketing ACARS reports,0.0,,,,,,,,,,,,Distance to the static aircraft position at the BTO arc epoch; not a time-aligned detection or recovery score for clusters from other physical slots in the analysis window.,2014-03-07 06:10:00,mh371_0611-nearest-wspr-slot,2014-03-07 06:10:56.242000,9.55087977333334,107.175354653333,12.191430761616,MH371 retained ACARS workbook,linear interpolation between bracketing ACARS reports,0.0,0,0,,,,,,0,,25.0,0.5,,,0.25:false;0.5:false;1:false,False,"Authoritative recovery uses surviving pre-collapse source centers and exact altitude slices in the WSPR physical slot nearest the BTO epoch, against aircraft truth interpolated to that slot midpoint.",known-flight-pharlap-mh371-common-aircraft-altitude-residual-controls.png,known-flight-pharlap-mh371-common-aircraft-altitude-residual-controls.pdf,known-flight-pharlap-mh371-common-aircraft-altitude-residual-controls.svg
mh371_0611,2,MH371,2014-03-07 06:11:01.159000,common_aircraft_altitude,plus_60_min,3,4,3,mh371_0611-arc-epoch,2014-03-07 06:11:01.159000,9.54179971333333,107.169421473333,12.191445748632,MH371 retained ACARS workbook,linear interpolation between bracketing ACARS reports,0.0,724.4849978829922,3.26219425019345,108.91833506237,,0.5,13.0,26,0.1914457486320007,4,4,2014-03-07 06:12:00,Distance to the static aircraft position at the BTO arc epoch; not a time-aligned detection or recovery score for clusters from other physical slots in the analysis window.,2014-03-07 06:10:00,mh371_0611-nearest-wspr-slot,2014-03-07 06:10:56.242000,9.55087977333334,107.175354653333,12.191430761616,MH371 retained ACARS workbook,linear interpolation between bracketing ACARS reports,0.0,0,0,,,,,,0,,25.0,0.5,,,0.25:false;0.5:false;1:false,False,"Authoritative recovery uses surviving pre-collapse source centers and exact altitude slices in the WSPR physical slot nearest the BTO epoch, against aircraft truth interpolated to that slot midpoint.",known-flight-pharlap-mh371-common-aircraft-altitude-residual-controls.png,known-flight-pharlap-mh371-common-aircraft-altitude-residual-controls.pdf,known-flight-pharlap-mh371-common-aircraft-altitude-residual-controls.svg
mh371_0648,3,MH371,2014-03-07 06:48:31.157000,common_aircraft_altitude,minus_60_min,0,,,mh371_0648-arc-epoch,2014-03-07 06:48:31.157000,5.25562065333333,104.490645263333,12.192,MH371 retained ACARS workbook,linear interpolation between bracketing ACARS reports,0.0,,,,,,,,,,,,Distance to the static aircraft position at the BTO arc epoch; not a time-aligned detection or recovery score for clusters from other physical slots in the analysis window.,2014-03-07 06:48:00,mh371_0648-nearest-wspr-slot,2014-03-07 06:48:56.242000,5.20779192,104.46112858,12.192,MH371 retained ACARS workbook,linear interpolation between bracketing ACARS reports,0.0,0,0,,,,,,0,,25.0,0.5,,,0.25:false;0.5:false;1:false,False,"Authoritative recovery uses surviving pre-collapse source centers and exact altitude slices in the WSPR physical slot nearest the BTO epoch, against aircraft truth interpolated to that slot midpoint.",known-flight-pharlap-mh371-common-aircraft-altitude-residual-controls.png,known-flight-pharlap-mh371-common-aircraft-altitude-residual-controls.pdf,known-flight-pharlap-mh371-common-aircraft-altitude-residual-controls.svg
mh371_0648,3,MH371,2014-03-07 06:48:31.157000,common_aircraft_altitude,actual_time,0,,,mh371_0648-arc-epoch,2014-03-07 06:48:31.157000,5.25562065333333,104.490645263333,12.192,MH371 retained ACARS workbook,linear interpolation between bracketing ACARS reports,0.0,,,,,,,,,,,,Distance to the static aircraft position at the BTO arc epoch; not a time-aligned detection or recovery score for clusters from other physical slots in the analysis window.,2014-03-07 06:48:00,mh371_0648-nearest-wspr-slot,2014-03-07 06:48:56.242000,5.20779192,104.46112858,12.192,MH371 retained ACARS workbook,linear interpolation between bracketing ACARS reports,0.0,0,0,,,,,,0,,25.0,0.5,,,0.25:false;0.5:false;1:false,False,"Authoritative recovery uses surviving pre-collapse source centers and exact altitude slices in the WSPR physical slot nearest the BTO epoch, against aircraft truth interpolated to that slot midpoint.",known-flight-pharlap-mh371-common-aircraft-altitude-residual-controls.png,known-flight-pharlap-mh371-common-aircraft-altitude-residual-controls.pdf,known-flight-pharlap-mh371-common-aircraft-altitude-residual-controls.svg
mh371_0648,3,MH371,2014-03-07 06:48:31.157000,common_aircraft_altitude,plus_60_min,6,3,3.0,mh371_0648-arc-epoch,2014-03-07 06:48:31.157000,5.25562065333333,104.490645263333,12.192,MH371 retained ACARS workbook,linear interpolation between bracketing ACARS reports,0.0,632.3141706261583,10.3659391684401,101.972154428801,,3.5,6.5,7,5.692,3,3,2014-03-07 06:38:00,Distance to the static aircraft position at the BTO arc epoch; not a time-aligned detection or recovery score for clusters from other physical slots in the analysis window.,2014-03-07 06:48:00,mh371_0648-nearest-wspr-slot,2014-03-07 06:48:56.242000,5.20779192,104.46112858,12.192,MH371 retained ACARS workbook,linear interpolation between bracketing ACARS reports,0.0,1,26,2308.65726492029,mh371_0648|plus_60_min|2014-03-07 06:48:00|0.500|1|known-flight:mh371_0648:00000499,0.5,11.692,0.19200000000000017,0,mh371_0648|common_aircraft_altitude|plus_60_min|2014-03-07 06:48:00|1|known-flight:mh371_0648:00000499,25.0,0.5,False,False,0.25:false;0.5:false;1:false,False,"Authoritative recovery uses surviving pre-collapse source centers and exact altitude slices in the WSPR physical slot nearest the BTO epoch, against aircraft truth interpolated to that slot midpoint.",known-flight-pharlap-mh371-common-aircraft-altitude-residual-controls.png,known-flight-pharlap-mh371-common-aircraft-altitude-residual-controls.pdf,known-flight-pharlap-mh371-common-aircraft-altitude-residual-controls.svg
