path_in_MH370-inputs,bytes,sha256,status,note,where
INDEX.txt,5755,8bc16fde29bbf45449fec043c48232b6471bdc93c29b7dfcb0d991e3a490d38a,copied,,inputs/INDEX.txt
acars/mh370-acars-position-and-wind-reports.xlsx,31260031,5c9a79d106fbad3900db36b5ddf9d3baa57b8de5a76e72b95fff301fee6d81fe,copied,MH371 TRUTH: off-limits to the MH371 blind control; only its scorer may read it,inputs/acars/mh370-acars-position-and-wind-reports.xlsx
antenna/GAIN IN AC COORDS TO 68 EL 360 AZ.xlsx,117899,1fb1a5090727ace7de3e2fc93313708069da652680cee366e713514823f7f3e5,copied,,inputs/antenna/GAIN IN AC COORDS TO 68 EL 360 AZ.xlsx
antenna/ball-airlink-hgas-spec-compilation.pdf,2658432,459a98b28b8f53598511fa497b819342082e63f914783f576121a250f1acdac5,"copied, redacted",page(s) [1] of ARINC Characteristic 741 Part 1 removed (paid standard),inputs/antenna/ball-airlink-hgas-spec-compilation-without-ARINC-page.pdf
bathymetry/etopo2022-1min-50S5N-55E145E.i16,35657402,b692d2784214510851921b3ce457fbcddc142724f14cd0fd60431d6b1e0d1ea8,copied,,inputs/bathymetry/etopo2022-1min-50S5N-55E145E.i16
bathymetry/etopo2022-1min-50S5N-55E145E.toml,553,bace9f970062dbf943e35b887067ea91f816b880294e5a97b9d899cf6d2e2d79,copied,,inputs/bathymetry/etopo2022-1min-50S5N-55E145E.toml
drift/gdp-dispersion.log,0,e3b0c44298fc1c149afbf4c8996fb92427ae41e4649b934ca495991b7852b855,copied,,inputs/drift/gdp-dispersion.log
drift/gdp-replay-2014/bran2016/manifest.toml,1539,2b903a83890fcade0f47d6e15c5a8c11340ac99f20fe7850eb8a4d65ceef8555,copied,,inputs/drift/gdp-replay-2014/bran2016/manifest.toml
drift/gdp-replay-2014/bran2016/replay.csv,467323,633cc26da33d92bbd09dee198715fdca9f4dbce507ca60fea7be1f85712b0283,copied,,inputs/drift/gdp-replay-2014/bran2016/replay.csv
drift/gdp-replay-2014/glorys12/manifest.toml,1474,48ae7b37fee10c471cdabda26daaa67c8486fad722cf03b795fc717a03cc3dba,copied,,inputs/drift/gdp-replay-2014/glorys12/manifest.toml
drift/gdp-replay-2014/glorys12/replay.csv,467278,30f6a46eea73e8dc06a69de80c57543eb74b724265f4a8fa57dcfca687851bdd,copied,,inputs/drift/gdp-replay-2014/glorys12/replay.csv
drift/gdp-replay-2014/oscar2/manifest.toml,1607,8d4a0125093ee8e7eff8e149beb4ca5112f297cca675241ac3fc54c9e12e2b4b,copied,,inputs/drift/gdp-replay-2014/oscar2/manifest.toml
drift/gdp-replay-2014/oscar2/replay.csv,467313,003623673d000d4e75dee12212cd3a6a4f6a70e08e40c15681838fcc829cc85d,copied,,inputs/drift/gdp-replay-2014/oscar2/replay.csv
drift/gdp-replay-2014/replay-errors.png,80071,e86d92c3e3c43b7001059f8e2b0f8787741808051251486359972825f3ab137c,copied,,inputs/drift/gdp-replay-2014/replay-errors.png
drift/gdp-replay-2014/replay-summary.toml,11777,56747f41fe0ca05ac8cb4837d147840371b425856ef0c354127941d9de95ea12,copied,,inputs/drift/gdp-replay-2014/replay-summary.toml
drift/pleiades-map/bran2016/manifest.toml,2814,138479e845289a384608d9bf347ceddccc7d975b9b2d35d1d5c26c177b25887f,copied,,inputs/drift/pleiades-map/bran2016/manifest.toml
drift/pleiades-map/bran2016/w0.000-lat.f32,2526404,e4ade989ee965f2934ad73247da83b91a0fd7fbdec6a601008da34a919f21afa,copied,,inputs/drift/pleiades-map/bran2016/w0.000-lat.f32
drift/pleiades-map/bran2016/w0.000-lon.f32,2526404,34e306f621691671c29a8868906cb44999b3b80688af72af5ab106025950bd6e,copied,,inputs/drift/pleiades-map/bran2016/w0.000-lon.f32
drift/pleiades-map/bran2016/w0.012-lat.f32,2526404,491746b69761cad03502a2763955fa8430415310fec042fcdce07c0703307aee,copied,,inputs/drift/pleiades-map/bran2016/w0.012-lat.f32
drift/pleiades-map/bran2016/w0.012-lon.f32,2526404,2b90b665ce83554c8a9f2dab43f8dbcc6ecdead2b3bd5722b61317e48a6a0c0f,copied,,inputs/drift/pleiades-map/bran2016/w0.012-lon.f32
drift/pleiades-map/bran2016/w0.030-lat.f32,2526404,ff1608225451c48ddf40d76ec8df3263ca7eb85bbb3f93a528e08c2bee547583,copied,,inputs/drift/pleiades-map/bran2016/w0.030-lat.f32
drift/pleiades-map/bran2016/w0.030-lon.f32,2526404,2d17308be98add60e76d996e437485cea110041ef4d4f18944cf388bc442dbef,copied,,inputs/drift/pleiades-map/bran2016/w0.030-lon.f32
drift/pleiades-map/glorys12/manifest.toml,2749,2e2083d9efee1882708623534593b812d3f21aa7ef4fa6db6907c97245ff9415,copied,,inputs/drift/pleiades-map/glorys12/manifest.toml
drift/pleiades-map/glorys12/w0.000-lat.f32,2526404,645d0b96552dd5aaa186dc277c442b1162daf989a61be3cbaa61e806d5f159a2,copied,,inputs/drift/pleiades-map/glorys12/w0.000-lat.f32
drift/pleiades-map/glorys12/w0.000-lon.f32,2526404,a055a2b06223ec1190c952bd438912a6d89adbe3e941b3fdf3b0ca23cb8b0532,copied,,inputs/drift/pleiades-map/glorys12/w0.000-lon.f32
drift/pleiades-map/glorys12/w0.012-lat.f32,2526404,ecc1b6d8d7b9b0e08b4969587882388727973e593dcf620aa47c9db64f372651,copied,,inputs/drift/pleiades-map/glorys12/w0.012-lat.f32
drift/pleiades-map/glorys12/w0.012-lon.f32,2526404,aec81e24156a90215c24c5c4b7a18ff6030fb1414259a84e52a0bb64b4ba518c,copied,,inputs/drift/pleiades-map/glorys12/w0.012-lon.f32
drift/pleiades-map/glorys12/w0.030-lat.f32,2526404,7b6e489fff6fa84b78df764de616b239b300baf61338cfce1c783f680b981e0a,copied,,inputs/drift/pleiades-map/glorys12/w0.030-lat.f32
drift/pleiades-map/glorys12/w0.030-lon.f32,2526404,b86f9ae5c0d74056da04c635868c44e8067b805a48add64ce814b6eebb01f86d,copied,,inputs/drift/pleiades-map/glorys12/w0.030-lon.f32
drift/pleiades-map/oscar2/manifest.toml,2888,54a9b02164a467765c93a7cf514a4c8d0284bdfe1599c235915f8a1b139b05bc,copied,,inputs/drift/pleiades-map/oscar2/manifest.toml
drift/pleiades-map/oscar2/w0.000-lat.f32,2526404,6c17d25467f3876c8df9384bdc80df34d4a06f840bd6568c3411e4ceaa42cb55,copied,,inputs/drift/pleiades-map/oscar2/w0.000-lat.f32
drift/pleiades-map/oscar2/w0.000-lon.f32,2526404,ce0c09dc70240c6e591395e3a34c81b7b696c10ef3806a6ff8b589f6fa8f564d,copied,,inputs/drift/pleiades-map/oscar2/w0.000-lon.f32
drift/pleiades-map/oscar2/w0.012-lat.f32,2526404,2bbb4e4337ef411ab5fe676d5554e165198a43547f5f1cd4bba57e6c5828c8ae,copied,,inputs/drift/pleiades-map/oscar2/w0.012-lat.f32
drift/pleiades-map/oscar2/w0.012-lon.f32,2526404,cb1f5620c98a3d837e8ebfa16e1be348950c905401b4f2033e102894128e014e,copied,,inputs/drift/pleiades-map/oscar2/w0.012-lon.f32
drift/pleiades-map/oscar2/w0.030-lat.f32,2526404,c757ed9cbf94b1d5d159a15484f07238ae9a79b0d19cc0903534845bb0471efe,copied,,inputs/drift/pleiades-map/oscar2/w0.030-lat.f32
drift/pleiades-map/oscar2/w0.030-lon.f32,2526404,2400d8d793c18fdcd34a96ac2e15c69133cc648c9e50b74bb9349d5138479e70,copied,,inputs/drift/pleiades-map/oscar2/w0.030-lon.f32
drift/pleiades-map-fine/bran2016/manifest.toml,2813,66881b4dc38571600f50121993379610c6f1b3afe0eeee67eaf4e6741cf0a0de,copied,,inputs/drift/pleiades-map-fine/bran2016/manifest.toml
drift/pleiades-map-fine/bran2016/w0.000-lat.f32,3591684,f5f4112b4ca5e3820e05abd4bc864924f20b2652d4b6d72b5ef6c448e3aa9257,copied,,inputs/drift/pleiades-map-fine/bran2016/w0.000-lat.f32
drift/pleiades-map-fine/bran2016/w0.000-lon.f32,3591684,f0bde51f99bdba0f435323b68995ff7815053f0e6588b68f8598831d91a87a74,copied,,inputs/drift/pleiades-map-fine/bran2016/w0.000-lon.f32
drift/pleiades-map-fine/bran2016/w0.012-lat.f32,3591684,f627596c9b1f6cf97ec1cc401f623ac15b398ea44f38782dd27789ebcc4f4f8e,copied,,inputs/drift/pleiades-map-fine/bran2016/w0.012-lat.f32
drift/pleiades-map-fine/bran2016/w0.012-lon.f32,3591684,9219f38ac3f2bafac93c9b21cb2ed96eedcfc88623720045e2bea10561c4d363,copied,,inputs/drift/pleiades-map-fine/bran2016/w0.012-lon.f32
drift/pleiades-map-fine/bran2016/w0.030-lat.f32,3591684,195d1532020775403530bdd87ed0dbac206049f71e03bf587b9963ba27fd4dc8,copied,,inputs/drift/pleiades-map-fine/bran2016/w0.030-lat.f32
drift/pleiades-map-fine/bran2016/w0.030-lon.f32,3591684,475b9bfba3f35efdb3c89aa3e57aca25e59b70112dcd129ac3abe04d01028190,copied,,inputs/drift/pleiades-map-fine/bran2016/w0.030-lon.f32
drift/pleiades-map-fine/glorys12/manifest.toml,2753,a228039ac22af00ad6b20deb6ebf8b9a20ac9377ebd1effdb0820a6e78e4d536,copied,,inputs/drift/pleiades-map-fine/glorys12/manifest.toml
drift/pleiades-map-fine/glorys12/w0.000-lat.f32,3591684,b68060d55f797e0facabde927b8a8c44bb4b412b96e96b33e8c3522807f7333e,copied,,inputs/drift/pleiades-map-fine/glorys12/w0.000-lat.f32
drift/pleiades-map-fine/glorys12/w0.000-lon.f32,3591684,fb8ce6f740b6facab4a969695959d9f2f179017a485a045e40c07e9326725a58,copied,,inputs/drift/pleiades-map-fine/glorys12/w0.000-lon.f32
drift/pleiades-map-fine/glorys12/w0.012-lat.f32,3591684,00eae23766990b807d073112fa217f6d5c598157fe93040840fa6ae9ac2428c3,copied,,inputs/drift/pleiades-map-fine/glorys12/w0.012-lat.f32
drift/pleiades-map-fine/glorys12/w0.012-lon.f32,3591684,6daa7fb1e38f3951d902e35e6cf540ff5f8b062af4ca0b916ca86f6399b29f2b,copied,,inputs/drift/pleiades-map-fine/glorys12/w0.012-lon.f32
drift/pleiades-map-fine/glorys12/w0.030-lat.f32,3591684,50e039fe1f282525ade48b601d90e8c52dd66aa988258333fe02238275c2b96b,copied,,inputs/drift/pleiades-map-fine/glorys12/w0.030-lat.f32
drift/pleiades-map-fine/glorys12/w0.030-lon.f32,3591684,264fdafef83bf28996791c0c3b0889e38208f0b96c79903c4dc52136ba8ec900,copied,,inputs/drift/pleiades-map-fine/glorys12/w0.030-lon.f32
drift/pleiades-map-fine/oscar2/manifest.toml,2887,6bebc736c8ff5a8cf6c4df7e766d3c5a9e13bb07438cdd0df27cb44f680e12c6,copied,,inputs/drift/pleiades-map-fine/oscar2/manifest.toml
drift/pleiades-map-fine/oscar2/w0.000-lat.f32,3591684,1a5c8e046d65d399c41a151901a0132154b8516b0cb2f63420dd5ca190420c73,copied,,inputs/drift/pleiades-map-fine/oscar2/w0.000-lat.f32
drift/pleiades-map-fine/oscar2/w0.000-lon.f32,3591684,c522cf461b9c3d69279bf29b931fd0960c89ab18bc288e3cdc8bfe3b1b0f95fb,copied,,inputs/drift/pleiades-map-fine/oscar2/w0.000-lon.f32
drift/pleiades-map-fine/oscar2/w0.012-lat.f32,3591684,3b261cce5150adf13dcc8610b86f2d87c4c8149c471de44093f3229fdf9e297f,copied,,inputs/drift/pleiades-map-fine/oscar2/w0.012-lat.f32
drift/pleiades-map-fine/oscar2/w0.012-lon.f32,3591684,06fb9df2d340c06f1f95c1da0241a283b5f810d02f16781df854b3337a6bdc7a,copied,,inputs/drift/pleiades-map-fine/oscar2/w0.012-lon.f32
drift/pleiades-map-fine/oscar2/w0.030-lat.f32,3591684,14c118318bb07b8713798aa1fdea2624245c7d92793d89b97aaac88325e01f11,copied,,inputs/drift/pleiades-map-fine/oscar2/w0.030-lat.f32
drift/pleiades-map-fine/oscar2/w0.030-lon.f32,3591684,1ebf1c41019e0c691542d22bf721167bdcba1b98b9882338bfe4c8d3f8ff11a1,copied,,inputs/drift/pleiades-map-fine/oscar2/w0.030-lon.f32
end-of-flight/2018-08-19-eof-sims.zip,281237,e400ac73478dff8698cd344a69d7969804f6adb0eb2121d5cacd3b58d63111db,copied,,inputs/end-of-flight/2018-08-19-eof-sims.zip
end-of-flight/2018-08-19-sim-extract.pdf,168294,bc6cecd6c822dd3b9b514e3b264d8d345dba9475d00f4ce019bcacca9cb8edf7,copied,,inputs/end-of-flight/2018-08-19-sim-extract.pdf
end-of-flight/report-text/ashton_search_for_mh370.txt,80752,b40003f3d32327ccc3b66072e8947c4872e6cf32f771793c03c675e938b2d737,copied,,inputs/end-of-flight/report-text/ashton_search_for_mh370.txt
end-of-flight/report-text/atsb_20141008_flightpath_update.txt,24239,1c290cf9c5475d8cc56e2fd04791a112eb1262dab15020d988169ad494eb50b3,copied,,inputs/end-of-flight/report-text/atsb_20141008_flightpath_update.txt
end-of-flight/report-text/boeing_performance_appendix_1_6E.txt,34222,c0a03f4424775072778f0cd650487503c34b3992531b03b811b7208be6bfc9a2,copied,"Text extract of SIR Appendix 1.6E, 'Boeing Performance Analysis' (source of Tables 3 and 4 used to validate the fuel model); no restriction notice. Original appendix PDF not kept.",inputs/end-of-flight/report-text/boeing_performance_appendix_1_6E.txt
end-of-flight/report-text/davey2015.txt,286005,c48c667c73bd38e5d21083a3bfcd62504e08c82cfc94d71f4cdd0785048ee06d,copied,,inputs/end-of-flight/report-text/davey2015.txt
fuel/BSMv7-9-4-original.xlsx,16671943,fb1f499f72440278bece9cf10c08418f74f79458f23b7c32ff80851ee88a235b,copied,,inputs/fuel/BSMv7-9-4-original.xlsx
fuel/ulich-9M-MRO-fuel-model-v5.6-public.xlsm,2705123,42d150e36a79e2b9493680128e4833f14eebd6c1cc9551c66d00e0c7127d92a4,linked,"Its colour-key notes say the yellow cells are 'from a Boeing FPPM from a confidential source' (sheets LRC KIAS C29; LRC FF, M0.84 Mach, M0.84 KIAS, M0.84 FF C31; Holding KIAS, Holding Mach, Holding FF C22). That describes where those cells came from; it states no restriction on sharing, and the author released this version publicly. Linked pending Pete's decision.",author's public copy: https://drive.google.com/file/d/1Wt9DOU0Z53W7NERzSsK2sxcyrojmN7Sq
godfrey/mh370-godfrey-v19.8.xlsx,7331499,9d8f503861a4e318375c24e972c32d8a21b72c6132375221aefd713ae67b6b21,copied,,inputs/godfrey/mh370-godfrey-v19.8.xlsx
imos-acoustic/MH370.zip,566154736,00d0272042158cb8319fe5b3767abd0896ab36d8ff62e27917b2b678860f033a,too large for plain Git,public; see source,"s3://imos-data/IMOS/ANMN/Acoustic/MH370.zip (AODN, CC BY 4.0)"
ocean/bran2016/bran-full.log,885,abe8b88e231cf92fba5f9b6eeb5cc59a449e0fcd9612195b70f8f617ce25d3e4,too large for plain Git,public; see source,CMEMS/NASA/CSIRO/NOAA public sources; .sources/ocean-drift/ scripts
ocean/bran2016/bran2016-currents-20140307-20140324.mhgrid,90869864,4d67189fdee469c4abdd5634056731991aa793edef5c42e0c2eb62215c21e1f6,too large for plain Git,public; see source,CMEMS/NASA/CSIRO/NOAA public sources; .sources/ocean-drift/ scripts
ocean/bran2016/bran2016-currents-20140307-20140324.mhgrid.json,1005,c3e001bc959cddc49cf3536d3d9ee78e6070ecfba89a7b0e0c74f8d5320cac22,too large for plain Git,public; see source,CMEMS/NASA/CSIRO/NOAA public sources; .sources/ocean-drift/ scripts
ocean/bran2016/bran2016-currents-20140307-20160831.mhgrid,2843014636,43ee155d16a70659da9a2a4de79fa97cb84b19a3217a3c3fdd21508bd92a8882,too large for plain Git,public; see source,CMEMS/NASA/CSIRO/NOAA public sources; .sources/ocean-drift/ scripts
ocean/bran2016/bran2016-currents-20140307-20160831.mhgrid.json,990,930028a2b4fccba7701632dd8cc5ffd3f11a2fae2642cce4b3a02cfe29485085,too large for plain Git,public; see source,CMEMS/NASA/CSIRO/NOAA public sources; .sources/ocean-drift/ scripts
ocean/era5-wind10/era5-wind10-3h-0p5-20140307-20160831.mhgrid,1480670592,1b1f1555a192d6fc844807f79d795014ea7826234cf42aece9bc7d29c0a6da54,too large for plain Git,public; see source,CMEMS/NASA/CSIRO/NOAA public sources; .sources/ocean-drift/ scripts
ocean/era5-wind10/era5-wind10-3h-0p5-20140307-20160831.mhgrid.json,348621,a45058a7031f89a2c769ac84757044290309e6ad448bc0f64c2fb5198ae21363,too large for plain Git,public; see source,CMEMS/NASA/CSIRO/NOAA public sources; .sources/ocean-drift/ scripts
ocean/era5-wind10/era5-wind10-hourly-20140307-20140531.mhgrid,678507616,22db40f98ee037a5b5c9c59764976c921c10bf48edbe700fd1ea25279cdbcdab,too large for plain Git,public; see source,CMEMS/NASA/CSIRO/NOAA public sources; .sources/ocean-drift/ scripts
ocean/era5-wind10/era5-wind10-hourly-20140307-20140531.mhgrid.json,33818,a99bbc6daeaa30150a7f73d71a37beadacbaf3c3982bf2acda7557bacaa0c369,too large for plain Git,public; see source,CMEMS/NASA/CSIRO/NOAA public sources; .sources/ocean-drift/ scripts
ocean/gdp/gdp_6hour_2014.csv,13053086,a711ba63241871bfef906e62684ec16629f0329c92edf47c9b65f4112388ca85,too large for plain Git,public; see source,CMEMS/NASA/CSIRO/NOAA public sources; .sources/ocean-drift/ scripts
ocean/gdp/gdp_6hour_2015.csv,11464877,d9611800a0f5ffa00d3221de8af0e060ed784c866167aae82d5b12a1bc479c01,too large for plain Git,public; see source,CMEMS/NASA/CSIRO/NOAA public sources; .sources/ocean-drift/ scripts
ocean/gdp/gdp_6hour_2015.csv.gz,1441300,22b91f98d74ea030c2c72b2981236080b1f711be583135b8ece04b633fd43074,too large for plain Git,public; see source,CMEMS/NASA/CSIRO/NOAA public sources; .sources/ocean-drift/ scripts
ocean/gdp/gdp_6hour_2016.csv,16381169,01e3311fb2eea1c2d2298b386e461e6bd6c6de1044772ad2aa00aed1215d710e,too large for plain Git,public; see source,CMEMS/NASA/CSIRO/NOAA public sources; .sources/ocean-drift/ scripts
ocean/gdp/gdp_6hour_2016.csv.gz,2057983,5b5c69c791a445208f472fc35d80c34bbaab4f479ff6dda8f9b0fe11d35f7135,too large for plain Git,public; see source,CMEMS/NASA/CSIRO/NOAA public sources; .sources/ocean-drift/ scripts
ocean/glorys12/glorys12-surface-currents.mhgrid,7720352072,bec83bcab46e251938f617acf31ab19e76c153f146233ab0c0b37100536495cb,too large for plain Git,public; see source,CMEMS/NASA/CSIRO/NOAA public sources; .sources/ocean-drift/ scripts
ocean/glorys12/glorys12-surface-currents.mhgrid.json,4510,74e998c124e84ac2e2a736b3de5382c97ab5e4f6d4cd93f2dfc9240a62558b25,too large for plain Git,public; see source,CMEMS/NASA/CSIRO/NOAA public sources; .sources/ocean-drift/ scripts
ocean/gshhg/gshhg-bin-2.3.7.zip,118617033,28600e8f7a08645aab43079326df6504212ec5ccb2b4bcf3b5f4f12ed60e82bc,too large for plain Git,public; see source,CMEMS/NASA/CSIRO/NOAA public sources; .sources/ocean-drift/ scripts
ocean/gshhg/gshhg-f-land-30s.mhland,22680040,10f77d366b30072cde8909757c0dc69f3a781d4abcad9953a4b0cbdc36f3073b,too large for plain Git,public; see source,CMEMS/NASA/CSIRO/NOAA public sources; .sources/ocean-drift/ scripts
ocean/gshhg/gshhg-f-land-30s.mhland.json,450,03842a621f4ebc00c04e92a6fc38c53332ebdacb8e5942d0bd4b6fbfc4017276,too large for plain Git,public; see source,CMEMS/NASA/CSIRO/NOAA public sources; .sources/ocean-drift/ scripts
ocean/oscar2/oscar-full.log,466,47ac1666afc37438aa553e290cc272e6704e69bdb0ba6faf9a7b0b405b68a7b2,too large for plain Git,public; see source,CMEMS/NASA/CSIRO/NOAA public sources; .sources/ocean-drift/ scripts
ocean/oscar2/oscar2-currents-20140307-20140324.mhgrid,14595544,a78a1f8dabf7909bdf5e27d8c939857d23874f4184f0057b2e0a8d413e488fb5,too large for plain Git,public; see source,CMEMS/NASA/CSIRO/NOAA public sources; .sources/ocean-drift/ scripts
ocean/oscar2/oscar2-currents-20140307-20140324.mhgrid.json,1757,22dccd38dfdc45d85914b48bba7b570e46a9f399ce3fb74244ec8481a8d1e37e,too large for plain Git,public; see source,CMEMS/NASA/CSIRO/NOAA public sources; .sources/ocean-drift/ scripts
ocean/oscar2/oscar2-currents-20140307-20160831.mhgrid,736672636,6259c83d44aec2a736ff91fc463437fdc565d2518b838dd3e8744c7b18ed4f4a,too large for plain Git,public; see source,CMEMS/NASA/CSIRO/NOAA public sources; .sources/ocean-drift/ scripts
ocean/oscar2/oscar2-currents-20140307-20160831.mhgrid.json,48174,a0d3042c79858ea3c33799a09c98d4b23973af9860e0714aa3a9019fde6351ee,too large for plain Git,public; see source,CMEMS/NASA/CSIRO/NOAA public sources; .sources/ocean-drift/ scripts
ocean/settling/bran2016-currents-20140307-20140308.i16,23656248,2c2e1349cc1fe9427316a30cc20eb5bb0c5316308459a46ed26a086ab6ef1358,too large for plain Git,public; see source,CMEMS/NASA/CSIRO/NOAA public sources; .sources/ocean-drift/ scripts
ocean/settling/bran2016-currents-20140307-20140308.toml,1642,76c1ecbd76900515d37ace6d2f70f7665c8a7bb95b8796b4f897c1be0326a3bc,too large for plain Git,public; see source,CMEMS/NASA/CSIRO/NOAA public sources; .sources/ocean-drift/ scripts
ocean/settling/era5-wind10-20140307T18-20140308T12.i16,713868,e0e778c6aafdac4795b8c1e6bc583e02b15fe71caeb27bf9887cfce31316d75b,too large for plain Git,public; see source,CMEMS/NASA/CSIRO/NOAA public sources; .sources/ocean-drift/ scripts
ocean/settling/era5-wind10-20140307T18-20140308T12.toml,1172,6d19348b527910ce391cb587ba5fce3db6cc8a7758deabf4c81713baf434a0ba,too large for plain Git,public; see source,CMEMS/NASA/CSIRO/NOAA public sources; .sources/ocean-drift/ scripts
papers/aero/aab0201.pdf,1878618,7810a7b506152a1488580b32ee4518e78c8c2954a209adaa5c98b542674e8756,copied,,inputs/papers/aero/aab0201.pdf
papers/aero/aab0201.txt,323063,85c57f22241f198a27071178ad409cdfe9bbe67d8a45566e57dd47b15394c0d6,copied,,inputs/papers/aero/aab0201.txt
papers/aero/asiana-perf.pdf,1873038,5cb885b1c30f8ed073c89bbb14c92cef7ed863f840fa7af35bb786c4487a1a41,copied,,inputs/papers/aero/asiana-perf.pdf
papers/aero/asiana-perf.txt,48857,3d2c73172d3af425ef7eb5cec106827dfb2e8499fd2354dc7dba2c4961f6cd2c,copied,,inputs/papers/aero/asiana-perf.txt
papers/aero/bada-standard-licence-information.pdf,989916,60a2eb5ff254ac106b738d63602cb8cb9bd885e9066859ee1d82ced17a81abb6,linked,"EUROCONTROL, all rights reserved",https://www.eurocontrol.int/model/bada
papers/aero/bada-standard-licence-information.txt,29759,546b5f3fe971b8fd0945953e320444127611ca260371b98f97f7176a59240f01,linked,text extract of bada-standard-licence-information.pdf,https://www.eurocontrol.int/model/bada
papers/aero/bada4-licence.pdf,354698,523e4f2b474d7840fd1729ba572779ffe4b610a4b07eb1602c984d768f75b04b,linked,"EUROCONTROL, all rights reserved",https://www.eurocontrol.int/model/bada
papers/aero/bada4-licence.txt,36162,f4302d9682f8ceebbc3fbe21ecd7c1da446f7b7b69e97d9434a44831c1fa6dea,linked,text extract of bada4-licence.pdf,https://www.eurocontrol.int/model/bada
papers/aero/crm-history.pdf,43622938,f3621128c354805996b04a74020365fc7470e1ff991fc0c0a0ac3d78cc52192b,copied,,inputs/papers/aero/crm-history.pdf
papers/aero/crm-history.txt,60688,9c6cd5af488c18feb1a5de6600ab22d417be711ac141a3a7949de8182a4d3f35,copied,,inputs/papers/aero/crm-history.txt
papers/aero/cwl.pdf,340084,8f5a36ac94394a39e73d6c7c82ee48f33af297e782e65e0f95ba1e542e80c563,linked,(c) The MathWorks,MathWorks documentation
papers/aero/cwl.txt,7381,d0d2ebeb57a513edc67134a9a8f71244206443f2841599c1ffbb2b316066c990,linked,text extract of cwl.pdf,MathWorks documentation
papers/aero/easa-777-tcds.pdf,698579,48e197da38d148ab311bdad4a953e4186994fcd9bb786b5d8f9be3d7567ad605,copied,,inputs/papers/aero/easa-777-tcds.pdf
papers/aero/easa-777-tcds.txt,88429,6c534bec533e8b776fe8d2d03175917237d6fb06b071c4f089222cf2e2ed1994,copied,,inputs/papers/aero/easa-777-tcds.txt
papers/aero/eurocontrol-showcase-summit-bada-latest-evolutions.pdf,1061287,9ec0b5e6dbbbdc5a66b657bafb033a3f6fb00e8a1314ab14dc3580bf41b8db1c,linked,EUROCONTROL presentation,https://www.eurocontrol.int/model/bada
papers/aero/eurocontrol-showcase-summit-bada-latest-evolutions.txt,4927,a1960eed4b4bf8849911adce0b846ff9ac6ca3dceeab8f98c0e43ef751eeb797,linked,text extract of eurocontrol-showcase-summit-bada-latest-evolutions.pdf,https://www.eurocontrol.int/model/bada
papers/aero/eurocontrol-user-guide-bada-access.pdf,2476431,5b3256ee58f6b37343d990fab15b969eac175d786aa99e706e24cba1c9e8e29e,linked,(c) EUROCONTROL,https://www.eurocontrol.int/model/bada
papers/aero/eurocontrol-user-guide-bada-access.txt,18689,44ead0acfd101289dcbab6a323fb4226cfc6f0408029d643e485a82b35382758,linked,text extract of eurocontrol-user-guide-bada-access.pdf,https://www.eurocontrol.int/model/bada
papers/aero/nasa-vspaero-2021.pdf,1587153,c99ef93a0f4e3a3b68454a64d4d80413f61c778a36f6148605fbb9406ac3af44,copied,,inputs/papers/aero/nasa-vspaero-2021.pdf
papers/aero/nasa-vspaero-2021.txt,61058,f2adcfa7f4215638caa71fd1cf7a92b3477d9c9503d73e27e64d166dc866a16a,copied,,inputs/papers/aero/nasa-vspaero-2021.txt
papers/aero/overview-bada-apm.pdf,1203808,43b9fe2b47dc734d97bc878e8d29597e877066118821c41ed667f5e59d025a18,linked,"EUROCONTROL, all rights reserved",https://www.eurocontrol.int/model/bada
papers/aero/overview-bada-apm.txt,39564,883202c8c5748da7b6c38a206c6381a579ca551cc37a22a3dbe4c212db427693,linked,text extract of overview-bada-apm.pdf,https://www.eurocontrol.int/model/bada
papers/aero/part60.txt,839138,2f6617a17ae7aafe4939d2984fdf2bfee627c1d7cc2d1f3474db632a5b3707b9,copied,,inputs/papers/aero/part60.txt
papers/aero/part60.xml,1433171,2905600726c278b8c4746a8fa0b6cfa623c8103a8188c459899ee935bc05bb96,copied,,inputs/papers/aero/part60.xml
papers/aero/part60b.xml,171,ed46cb97b5421e9d7f2fd72ca81c3da59d8d26518689980713a3a75ee74fe460,copied,,inputs/papers/aero/part60b.xml
papers/aero/pdftxt.py,315,841e805fb94491fb00b9cb41ecdc14028189b6125c5f7bcefa36dbc5ac6f80d5,copied,,inputs/papers/aero/pdftxt.py
papers/aero/piano-x-guide.pdf,386557,2ea69553684550de3c88aad15a2afddac26ab6df44bd45f0b0eaa09a53d0f933,linked,(c) Lissys Ltd,https://www.lissys.uk/PianoX.html
papers/aero/piano-x-guide.txt,19050,16afd2d3c04bcf3f29fc57a0d677d59676f08620f74f679e0e96c9b83c8bd458,linked,text extract of piano-x-guide.pdf,https://www.lissys.uk/PianoX.html
papers/aero/ps-params.csv,26185,2d462e5a8cc4f1fbf8671b8f850232562d0acf86981b24633dc1f96d2978a0db,copied,,inputs/papers/aero/ps-params.csv
papers/aero/ps-part3.pdf,2184532,ee868646aebd9279ef2582df436f6b439031dc289bb61aac93d99bc314fc2f09,copied,,inputs/papers/aero/ps-part3.pdf
papers/aero/ps-part3.txt,93175,4e7654b95da76bc004997c72e290121bc2d0e23cd95a9dad85742a5b45f298f4,copied,,inputs/papers/aero/ps-part3.txt
papers/aero/ps_aircraft_params.py,12875,2b06d9b318e6f83ae332780347be367c77958755ee689b6c0bc0c1896c435f9b,copied,,inputs/papers/aero/ps_aircraft_params.py
papers/aero/ps_ld.py,1259,8e393428e05f31f119f923fa4b272f2b7f7fa3500d9a64cfc258121ef8036164,copied,,inputs/papers/aero/ps_ld.py
papers/aero/ps_model.py,33056,4be9a282a9fe8e6d8f2f8c5f0f02ad90738763395767f8a0b4be73d44929b66d,copied,,inputs/papers/aero/ps_model.py
papers/aero/ps_operational_limits.py,16530,55dddb3e511d2fc799cff2bd0a1ba252baba1828b5b9942ec3d637b103ce2182,copied,,inputs/papers/aero/ps_operational_limits.py
papers/aero/sir.pdf,10978905,453e097601dc08c37421a84e9a4fe2e80acd4e437180d8a629d1cbbc05838e64,copied,"Malaysian ICAO Annex 13 Safety Investigation Team for MH370, Safety Investigation Report MH370/01/2018, issued 2 July 2018 (Malaysian Ministry of Transport). Main report only; the appendices were published separately. Reprinted Boeing figures carry 'Copyright (c) Boeing. Reprinted with permission of The Boeing Company' (PDF pp. 104-181, 422); nothing restricts the report itself.",inputs/papers/aero/sir.pdf
papers/aero/sir.txt,785048,8fe9929d33f37628cb2e950c5afa45d54c7068497e6809fccd5f86955869eb75,not copied,text extract of inputs/papers/aero/sir.pdf (regenerable from it),inputs/papers/aero/sir.pdf
papers/aero/tcm.pdf,1505322,22570bc60fd366a86ae2e3eb44dff7008a2764e5e3c31545c66ba758626800b5,copied,,inputs/papers/aero/tcm.pdf
papers/aero/tcm.txt,122494,1a078e2aa3a06f2c6f74c8421113b45e1cf7cb3c70898584ec82bdf3c28ff3ed,copied,,inputs/papers/aero/tcm.txt
papers/hydroacoustics/3315_3250_3376__MetaData.txt,3833,3d63c0654f6d5d3fa58e2cdc71548831a7c6dd942200d9b3a876a926cbab2598,copied,,inputs/papers/hydroacoustics/3315_3250_3376__MetaData.txt
papers/hydroacoustics/CMST_1308_Report_2014-30_MH370_PassiveAcoustics_-_Final.pdf,1912690,1c19b353562ff4cd3131e022fa07d07d6481e26a653fe19fe89bb5a6da520a49,copied,,inputs/papers/hydroacoustics/CMST_1308_Report_2014-30_MH370_PassiveAcoustics_-_Final.pdf
papers/hydroacoustics/CalibrationNotes.txt,892,8c25c99625158e7a44e8cee2308dce6611cf19e5150118f946702fbd34929a36,copied,,inputs/papers/hydroacoustics/CalibrationNotes.txt
papers/hydroacoustics/brown2026.pdf,7301767,4b45d454bba9e563b568e81c7e64d28ba92e6195650cb028a97230a417a967f8,copied,,inputs/papers/hydroacoustics/brown2026.pdf
papers/hydroacoustics/brown2026.txt,118400,f3a4635d72d57d4a1796d422decf0fe11b0866c681548e8cfba87ae2ad71383f,copied,,inputs/papers/hydroacoustics/brown2026.txt
papers/hydroacoustics/cmst-2014-30.txt,47184,eafaaf7df6fd1bfe32615dd24bc74c97ffb59d9d4469040bfb5689704fb0fe1d,copied,,inputs/papers/hydroacoustics/cmst-2014-30.txt
papers/hydroacoustics/duncan-fig3.png,99665,2bbcd5a1c799080b754931c630702718a0aab815e948bb789d0d2b0548e18c94,copied,,inputs/papers/hydroacoustics/duncan-fig3.png
papers/hydroacoustics/duncan-fig5.png,98045,19633ad42a7b8786ad604f4b917453964d80fdad52f5f826cd04ee49440654ed,copied,,inputs/papers/hydroacoustics/duncan-fig5.png
papers/hydroacoustics/kadri-S1.txt,21591,e8b4ad42e5c7ca2ba9ca4e5755861f84d1f23bf23ab5bff944d127d1f0abe2d5,copied,,inputs/papers/hydroacoustics/kadri-S1.txt
papers/hydroacoustics/kadri-poster.txt,5123,2e1346a49733404b7b57dd3c941ffcb09cb8e19a4055f5b35eddf0731de9b84a,copied,,inputs/papers/hydroacoustics/kadri-poster.txt
papers/hydroacoustics/kadri2024.txt,50165,add306818b26138ccb7d42ebce80529e5e8b272db183337697badf46baa6c3ab,copied,,inputs/papers/hydroacoustics/kadri2024.txt
papers/hydroacoustics/ucrl-tr-207323.pdf,33317040,34a735f76b3aef786035ee4d11f758b141fbfbea63303d31133292c77a549cfc,copied,,inputs/papers/hydroacoustics/ucrl-tr-207323.pdf
papers/hydroacoustics/ucrl-tr-207323.txt,68012,25f7830ac5bdebd9cd18000c88e5e12afb8c817dd025012fcad3f56f74c6d1f2,copied,,inputs/papers/hydroacoustics/ucrl-tr-207323.txt
radar/JORN_FAQS.pdf,203237,4585c720734936af9362ecd04f877dbb9cee3dfcc1c3b8429279a5767617d640,copied,,inputs/radar/JORN_FAQS.pdf
recovered-v01/.sources/b777-end-of-flight-aerodynamics/candidate-families.json,13307,0be3f8b2f5c12638d62b60e3c7d234877c3ec71fd55bd23f0bee8fca4d7c6729,copied,,inputs/recovered-v01/.sources/b777-end-of-flight-aerodynamics/candidate-families.json
recovered-v01/.sources/davey-2016-bayesian-search/data/raw_measurement_extract.csv,8783,ebb04c26a803f020864c5398412f3dfd05e7e91d17df783f92a3fd188b0bc94d,copied,,inputs/recovered-v01/.sources/davey-2016-bayesian-search/data/raw_measurement_extract.csv
recovered-v01/.sources/iannello-2016-end-of-flight/data/boeing-eof-simulations-2018-08-19.zip,281237,e400ac73478dff8698cd344a69d7969804f6adb0eb2121d5cacd3b58d63111db,copied,,inputs/recovered-v01/.sources/iannello-2016-end-of-flight/data/boeing-eof-simulations-2018-08-19.zip
recovered-v01/.sources/kadri-2024-hydroacoustics/data/kadri-table1-transients.csv,1503,73fb8586153af5ca7ebcbd2552828be8f9f18d55c9bfa59e0366812109cde4f9,copied,,inputs/recovered-v01/.sources/kadri-2024-hydroacoustics/data/kadri-table1-transients.csv
recovered-v01/.sources/mh370-seabed-search-coverage/data/context/approximate-ocean-infinity-outlines.geojson,6452,1d141f66df57691ea9f04a65b5f0deaebf550f7bf3d499634666b95839b1fa97,copied,,inputs/recovered-v01/.sources/mh370-seabed-search-coverage/data/context/approximate-ocean-infinity-outlines.geojson
recovered-v01/.sources/mh370-seabed-search-coverage/data/official/phase2-deep-tow-l0.geojson.gz,1038275,21b83f9dba0dd3401f30da49ecaa11b7cd2b4e9876f2983f7d2fbae953ee3fff,copied,,inputs/recovered-v01/.sources/mh370-seabed-search-coverage/data/official/phase2-deep-tow-l0.geojson.gz
recovered-v01/.sources/ocean-drift-input-preparation/DEBRIS-EVIDENCE.md,14076,e0a777aeef760018c9eaad46e202f207da61238f122644a4f22163a1853b8aa7,copied,,inputs/recovered-v01/.sources/ocean-drift-input-preparation/DEBRIS-EVIDENCE.md
recovered-v01/.sources/ocean-drift-input-preparation/code/retrieve_cmems_glorys12.py,14294,18e0a282ad3e1602e1ed860dd0135dbcdd6596468e0d35d1f353f1d0758bf5ed,copied,,inputs/recovered-v01/.sources/ocean-drift-input-preparation/code/retrieve_cmems_glorys12.py
recovered-v01/.sources/ocean-drift-input-preparation/code/retrieve_waverys.py,15261,b36061b4e4e074f3575b4556109c1b2bb8558889641392e5c9ebd92d6a9893fa,copied,,inputs/recovered-v01/.sources/ocean-drift-input-preparation/code/retrieve_waverys.py
recovered-v01/.sources/ocean-drift-input-preparation/inputs/debris-evidence-audit.csv,8887,f8ab96a9be107d2efa8968b17534f2e7d67daab45db8723ba3efa3045a332f69,copied,,inputs/recovered-v01/.sources/ocean-drift-input-preparation/inputs/debris-evidence-audit.csv
recovered-v01/.sources/ocean-drift-input-preparation/inputs/published-drift-comparators.csv,2319,f77ecfbb44f9b7f9d1668485ee0aacc824fa438e35b1e1fdb4a0a70c677eae53,copied,,inputs/recovered-v01/.sources/ocean-drift-input-preparation/inputs/published-drift-comparators.csv
recovered-v01/.sources/pleiades-bran2016-forward-inversion/code/transport_core.mjs,21440,7b0a5bd39f82d9342eb59ccce6f351303c9508120a4bb22d62381a9e0433134b,copied,,inputs/recovered-v01/.sources/pleiades-bran2016-forward-inversion/code/transport_core.mjs
recovered-v01/.sources/pleiades-bran2016-forward-inversion/data/pleiades-rating5-objects.csv,712,2b153542fbe2f24efaa84e63645c19553970fd32536bacb4a6b391c0085a2ea9,copied,,inputs/recovered-v01/.sources/pleiades-bran2016-forward-inversion/data/pleiades-rating5-objects.csv
recovered-v01/crates/end-of-flight/src/kernel.rs,139871,e27ea9fb6048c4560a8f22b6bba3d5dc7bf0d19424443edded0dbe329614fba2,copied,,inputs/recovered-v01/crates/end-of-flight/src/kernel.rs
recovered-v01/crates/end-of-flight/src/systems_timing.rs,14289,b858103833db66d5ad6c4967b18bb66f16137ce8a8bc1a46dba050ff6c826979,copied,,inputs/recovered-v01/crates/end-of-flight/src/systems_timing.rs
recovered-v01/crates/hydroacoustics/src/lib.rs,22489,d08d55adfcc54d56a93234c81f602d7b1cb40403ab4849b5805b09e5679b859a,copied,,inputs/recovered-v01/crates/hydroacoustics/src/lib.rs
recovered-v01/crates/ocean-drift/examples/validate_current_trajectories.rs,22678,6dfe00216372f61451b3546ac7320390c476654046060edc3ce5f41b79509f5e,copied,,inputs/recovered-v01/crates/ocean-drift/examples/validate_current_trajectories.rs
recovered-v01/crates/ocean-drift/src/field.rs,24955,919f84200c6bfea5f41e3f0e0d2b04106e2d195af1082fc7550b6b2f03b667e0,copied,,inputs/recovered-v01/crates/ocean-drift/src/field.rs
recovered-v01/crates/ocean-drift/src/transport.rs,24488,c8c44adab8ae937e8e0d1ca2f147e9fe56cc43a015dcff7fd3e5bdd3a46b6db8,copied,,inputs/recovered-v01/crates/ocean-drift/src/transport.rs
satcom/SITA-35200217-08Mar2014.xlsx,1192185,b0ccbfb0e28286b60a891e78e556554a406c7006056ba0784d4c195767f17b80,copied,,inputs/satcom/SITA-35200217-08Mar2014.xlsx
satellite/Inmarsat3F1_fixed_position_velocity.xlsx,6131105,a1a84be75ebdcf642a77dd110a755b01c6e4be1adb5dbef2cfb42fc5585989d0,copied,,inputs/satellite/Inmarsat3F1_fixed_position_velocity.xlsx
search-coverage/bluefin-21-area-searched-2014.geojson,1586,09f25c6e44d8f60ae6834112d8b904ab0ed9277aae8efe8b9d27813fd9666113,copied,,inputs/search-coverage/bluefin-21-area-searched-2014.geojson
search-coverage/ocean-infinity-2018-outline.geojson,8151,c286b4d8472b10c5be4f567265a9decf9561548cbefe406401207e562bf21f94,copied,,inputs/search-coverage/ocean-infinity-2018-outline.geojson
search-coverage/ocean-infinity-2018.cov,37899,67f2831c24b2220477dd69abd4cc8c6116f1a00a12b872f483d5efa047767488,copied,,inputs/search-coverage/ocean-infinity-2018.cov
search-coverage/phase2-auv.npz,513763,2c7f2c9d3e4eab9e081ceb621dc4aee633bb5162326bebb9b32cf4574844c568,copied,,inputs/search-coverage/phase2-auv.npz
search-coverage/phase2-deep-tow-l0.geojson,6600246,cb77fde35d410fc12420bce117e01eecc404a4c6ef5c04924ab98499151e7eb7,copied,,inputs/search-coverage/phase2-deep-tow-l0.geojson
search-coverage/phase2-deep-tow.npz,304415,92ce0b05130422e038744876cf67c58ceb46e3d0b18714412381871014ea5917,copied,,inputs/search-coverage/phase2-deep-tow.npz
search-coverage/phase2-dhj.npz,162675,fe64ede619e0c7ebf9ac973be945f5365bc4d5cd3650246282b745ac0057510a,copied,,inputs/search-coverage/phase2-dhj.npz
search-coverage/phase2-go-phoenix.npz,359897,8501bdfff65b2ebb77557d053d5ee618b7e33bd3c1c7b1d4a8dd8553a973e0b8,copied,,inputs/search-coverage/phase2-go-phoenix.npz
search-coverage/samples/agol-services.json,14801,503c6a5dc553535787692c6543ce32c0709b36791e5de7566eadcaa46117b02e,copied,,inputs/search-coverage/samples/agol-services.json
search-coverage/samples/amsa2014.geojson,3974238,6989fa7171a092bbcf385ff6da1fc125714a57dff884670a7546c294db675dc1,copied,,inputs/search-coverage/samples/amsa2014.geojson
search-coverage/samples/auv/tiles.txt,624,1b7eb088207c3d5285f8c01c6b2955e402f474c38f389ec87d2501ec85d44c9b,copied,,inputs/search-coverage/samples/auv/tiles.txt
search-coverage/samples/auv_pt.txt,16,aac97129005ba2ce442feae93393febb15ae9c6f1e0060bda45e8a0248b2b1c0,copied,,inputs/search-coverage/samples/auv_pt.txt
search-coverage/samples/auv_sub.tif,79248,f5baf6ffa38d0ac0ef31e2a843690be3b0037eeb8b69a766e73164a16827e3d9,copied,,inputs/search-coverage/samples/auv_sub.tif
search-coverage/samples/auv_wms.png,118234,3c2e06994fb10561652906d23b0c9c1e513a4a28b13ad559a2cabbb018cf1519,copied,,inputs/search-coverage/samples/auv_wms.png
search-coverage/samples/cdinfo.txt,14,e915b12704f2669e3e40e701c48e2c0fe9e81ae7a635512595f43ec606f0707c,copied,,inputs/search-coverage/samples/cdinfo.txt
search-coverage/samples/cog_offsets.json,156,b817705f5a49761ca9e50fb6aaf140ecc59740bcdc3bc0e27a41921c6bbefe09,copied,,inputs/search-coverage/samples/cog_offsets.json
search-coverage/samples/csw_mh370.xml,511,c98dc4060170f9c106572b7881600cfa18c74056d6f9734226cb93747f13158e,copied,,inputs/search-coverage/samples/csw_mh370.xml
search-coverage/samples/dc_MH370_Phase_2_Sonar_Imagery_Backscatter_Inverse_Autonomous_Underwater_Vehicle__SSS__5m_2018_OV.xml,3671,fd17fbb71264989e27b0e7efaf78fc811df6b0cea3ca8a79d677b8781a2e2b0a,copied,,inputs/search-coverage/samples/dc_MH370_Phase_2_Sonar_Imagery_Backscatter_Inverse_Autonomous_Underwater_Vehicle__SSS__5m_2018_OV.xml
search-coverage/samples/dc_MH370_Phase_2_Sonar_Imagery_Backscatter_Inverse_Deep_Tow__SSS__5m_2018_HS.xml,3576,b0a367ef75f637b84ca08dcfdbdd85e71f27f13754cda1c859d4658169e01e6d,copied,,inputs/search-coverage/samples/dc_MH370_Phase_2_Sonar_Imagery_Backscatter_Inverse_Deep_Tow__SSS__5m_2018_HS.xml
search-coverage/samples/dc_MH370_Phase_2_Sonar_Imagery_Backscatter_Inverse_Deep_Tow__SSS__5m_2018_OV.xml,3568,4472162060bdbfebe77cdb90343d986fb92ff329807a9c91f48d5488ce6e79da,copied,,inputs/search-coverage/samples/dc_MH370_Phase_2_Sonar_Imagery_Backscatter_Inverse_Deep_Tow__SSS__5m_2018_OV.xml
search-coverage/samples/dc_MH370_Phase_2_Sonar_Imagery_Backscatter_Wide_DHJ__SAS__5m_2018_OV.xml,3529,d931008756f0ae53ead2d7d86cabbbe426803570b28eca8e5f39c6a68c161a55,copied,,inputs/search-coverage/samples/dc_MH370_Phase_2_Sonar_Imagery_Backscatter_Wide_DHJ__SAS__5m_2018_OV.xml
search-coverage/samples/dc_MH370_Phase_2_Sonar_Imagery_Backscatter_Wide_GoPhoenix__SAS__5m_2018_HS.xml,607,7ba7c4b97b5151e66ea008bcd33113328e8681b5dfcc70867b169bc7a328b02b,copied,,inputs/search-coverage/samples/dc_MH370_Phase_2_Sonar_Imagery_Backscatter_Wide_GoPhoenix__SAS__5m_2018_HS.xml
search-coverage/samples/dc_MH370_Phase_2_Sonar_Imagery_Backscatter_Wide_GoPhoenix__SAS__5m_2018_OV.xml,3541,e1664452caaae5c0f42c9528da58f02ad4e0c05195e6b5f092e1ecc8621bdc26,copied,,inputs/search-coverage/samples/dc_MH370_Phase_2_Sonar_Imagery_Backscatter_Wide_GoPhoenix__SAS__5m_2018_OV.xml
search-coverage/samples/dc_Southern_Indian_Ocean__MH370__Backscatter__30m_2017_OV.xml,3434,3ab12b8fbef09aa38c7b920757d72b379ce4b8ccb067f57f26025b90ffa523dc,copied,,inputs/search-coverage/samples/dc_Southern_Indian_Ocean__MH370__Backscatter__30m_2017_OV.xml
search-coverage/samples/dc_Southern_Indian_Ocean__MH370__Bathymetry__150m_2017_OV.xml,3383,01b28bf5931ead98e56237f03c8fd3a65662b6b82e17705352e3b66a2e80bb9b,copied,,inputs/search-coverage/samples/dc_Southern_Indian_Ocean__MH370__Bathymetry__150m_2017_OV.xml
search-coverage/samples/dgov_phase2.json,6740,6c8015c18e060defdb9ed5ce14aeb1059e8fa95d39cd9729e588675290a56be9,copied,,inputs/search-coverage/samples/dgov_phase2.json
search-coverage/samples/dhj_scaled_sub.tif,542114,a7a58f08580a7364b7a8db1327fb704315dbf7251d4a5ca8933e56d17ae40417,copied,,inputs/search-coverage/samples/dhj_scaled_sub.tif
search-coverage/samples/dhj_sub.tif,86930,c8c3851bb9bca64fbd95c72c19e5278f30cbe79ae5615776142535af225db85b,copied,,inputs/search-coverage/samples/dhj_sub.tif
search-coverage/samples/doi.html,9059,53575940463eaeccafd0ecda6a40dc41539d8f6e72f6032b63b5d7a5cfbbb54b,copied,,inputs/search-coverage/samples/doi.html
search-coverage/samples/ecat120969.html,9059,53575940463eaeccafd0ecda6a40dc41539d8f6e72f6032b63b5d7a5cfbbb54b,copied,,inputs/search-coverage/samples/ecat120969.html
search-coverage/samples/ecat_11759ecd-b6ea-4e98-95fd-b966cd5735b3.xml,41933,34cca7ca079f397cc40c319c677e497d335f62c865c1ef5332c5f065d1e37858,copied,,inputs/search-coverage/samples/ecat_11759ecd-b6ea-4e98-95fd-b966cd5735b3.xml
search-coverage/samples/ecat_7c59b965-ec36-40dd-95da-ba54eb7cd777.xml,44115,702c88b807633054d0a3457d9c637584e0aea127bc320d43fe4e662e5f913d6d,copied,,inputs/search-coverage/samples/ecat_7c59b965-ec36-40dd-95da-ba54eb7cd777.xml
search-coverage/samples/ecat_rec.xml,201,856d44fdc4499bb9b3a9977027c041f19bad179a47973ae0c749e71089562236,copied,,inputs/search-coverage/samples/ecat_rec.xml
search-coverage/samples/es_mh370.json,19378,4a429a1d2a795f4b4371c11cf216fd1ab8e070acc83ec7d24bdd80fec50ceddd,copied,,inputs/search-coverage/samples/es_mh370.json
search-coverage/samples/fs_7thArc_SingleLine.json,3708,a73ac039f22374829469eca5e6f413755fb2426d163e4a63fdc8d060065ad848,copied,,inputs/search-coverage/samples/fs_7thArc_SingleLine.json
search-coverage/samples/fs_ACARS_Points.json,3775,8d20bb49ae5dbc0299e110de497c64e23ee5f6b168468fb03538a1bc3d5e5d6b,copied,,inputs/search-coverage/samples/fs_ACARS_Points.json
search-coverage/samples/fs_Bluefin_21_AreaSearched2014.json,3755,afc3065822132c60aa622d58e138f15e522dd9b8a720efe5fc08658ff3cef8dd,copied,,inputs/search-coverage/samples/fs_Bluefin_21_AreaSearched2014.json
search-coverage/samples/fs_Contact_Locations.json,3126,459e5aca44e3e60c7460ba55467eafb8b0aff53c6c04fbcfaf68957752e4cc8e,copied,,inputs/search-coverage/samples/fs_Contact_Locations.json
search-coverage/samples/fs_Flythru_points.json,4024,0d399ba9690cd55930aca272c68202416ff65be3a7a2c9682815631b2afc7462,copied,,inputs/search-coverage/samples/fs_Flythru_points.json
search-coverage/samples/fs_Generalised_Flight_Path_Probabilities.json,3689,721ab5e58c9974315ba87366ccab7a061203d00d2c45a64b4411cd2c53dd2e09,copied,,inputs/search-coverage/samples/fs_Generalised_Flight_Path_Probabilities.json
search-coverage/samples/fs_MH370_Phase_2_contacts.json,3114,2635ed0f22e6c44ae8fedeb9f750c2e2117fcfd22973a1437cb5f43f6f30eea3,copied,,inputs/search-coverage/samples/fs_MH370_Phase_2_contacts.json
search-coverage/samples/fs_Possible_MH370_Debris_Recovered.json,5481,5fcef18e157c8032eddabe3302fc471de5f58e9535c03ded73c0657b053064a3,copied,,inputs/search-coverage/samples/fs_Possible_MH370_Debris_Recovered.json
search-coverage/samples/fs_Proposed_area_in_the_Southern_Ocean_Region.json,3145,5a689a35f034a715455847b8e42cb3e600ea610f5a3c9518ade89e64be369454,copied,,inputs/search-coverage/samples/fs_Proposed_area_in_the_Southern_Ocean_Region.json
search-coverage/samples/fs_RADAR_Points.json,3760,7920e2f38a87245e77584f3388aa171e25b8aa227b5dcf918828976dc4cef871,copied,,inputs/search-coverage/samples/fs_RADAR_Points.json
search-coverage/samples/fs_RADAR_Polylines.json,3671,9c0aeb53a681a2f73223e2c726fdb7072cef430827c1e569e267971e746da6ea,copied,,inputs/search-coverage/samples/fs_RADAR_Polylines.json
search-coverage/samples/fs_Search_And_Rescue_Search_Area2014.json,3829,9fa792f52b6aa383b5c0ba26a3feebc79c35260e95a0279f353b23c18fcb03c3,copied,,inputs/search-coverage/samples/fs_Search_And_Rescue_Search_Area2014.json
search-coverage/samples/fs_WideSearchArea.json,3724,33b704cd9ef6461a8f1ea95bcf66a5bf36b506578850584e13d22fef235ddce1,copied,,inputs/search-coverage/samples/fs_WideSearchArea.json
search-coverage/samples/ga_faq.html,48188,bc9c44f3ac18ebc466686fee04f65f314d2ec18a1279e309d0d10b889876b553,copied,,inputs/search-coverage/samples/ga_faq.html
search-coverage/samples/gh/README.md,3000,4e655d89a4a8f82cbfd18cfeedf7be5abaae095a2c9ae8f386e28d35e4c6b862,copied,,inputs/search-coverage/samples/gh/README.md
search-coverage/samples/gh/auv_coverage.geojson,88541,e6aca6a63b4d1ea66c6b32dee004bde0dacd530b82700fdf552f0043e255060b,copied,,inputs/search-coverage/samples/gh/auv_coverage.geojson
search-coverage/samples/gh/data_holidays.geojson,2247,e680a2c47c5528cebf2ee641986a88768b871e350248bf0e1cc577dd2de7bc45,copied,,inputs/search-coverage/samples/gh/data_holidays.geojson
search-coverage/samples/gh/deeptow_coverage.geojson,9940,a88d56f8efdec51ae8c8811ef058063c0ef9729960b2d03671dc5c9e37d7d88d,copied,,inputs/search-coverage/samples/gh/deeptow_coverage.geojson
search-coverage/samples/gh/extract_sonar_coverage.py,12447,21285c3e796bb9248772f6ba4d9cd8d23e382c97d589b52394b0ac97bae5ef34,copied,,inputs/search-coverage/samples/gh/extract_sonar_coverage.py
search-coverage/samples/gh/gophoenix_coverage.geojson,12056,4419eb6e2ca7d871ba819e89a5e0b64ed2d46dc683266d7f00cd2dcaf393252b,copied,,inputs/search-coverage/samples/gh/gophoenix_coverage.geojson
search-coverage/samples/gh_repo.json,6295,7fd8e7d69a67812f59994c040832f91b6b83012d9ec9c0716c35e3d93e4f61dd,copied,,inputs/search-coverage/samples/gh_repo.json
search-coverage/samples/gh_tree.json,81625,684fc18a8964ef92faff8982d17220db84bc54cbf3148ac4e2dbe4aa44514e8f,copied,,inputs/search-coverage/samples/gh_tree.json
search-coverage/samples/gh_user.json,399234,68f5ed49526a3dc83057c3f19d67e59026cb0e40e05d1a1ba27e35ecc7b35f38,copied,,inputs/search-coverage/samples/gh_user.json
search-coverage/samples/gist.json,236243,02014ccba7cf689dbd65d02404d0ab01a69bf686992ca289e08237f300c2960f,copied,,inputs/search-coverage/samples/gist.json
search-coverage/samples/gop_ov_sf002.tif,4719060,236034b31a7be482ce45474159cd3591f9da8699d7028e8e8e1bf03c3f1a3722,copied,,inputs/search-coverage/samples/gop_ov_sf002.tif
search-coverage/samples/h.txt,3626,19284f26eb3077cb79a775d67c466979afac12745ab334c946cad5d2f55f9152,copied,,inputs/search-coverage/samples/h.txt
search-coverage/samples/iy57.xml,39,e11faf248336ef4333df2ce460d57b90ecbd7bffd881ed5662e597665967a294,copied,,inputs/search-coverage/samples/iy57.xml
search-coverage/samples/iy57cat.xml,1054,811f12c9bb9d3135411f8f1531b8f6f6e87860ad404eefd5c172dc8cc6193210,copied,,inputs/search-coverage/samples/iy57cat.xml
search-coverage/samples/live_Wide_DHJ__SAS__5m_2018_L0_Coverage.json,2924,1820f73e8ca267aa5fb8fae979540662dd7f64b77833972b89f7ccaedb155900,copied,,inputs/search-coverage/samples/live_Wide_DHJ__SAS__5m_2018_L0_Coverage.json
search-coverage/samples/live_Wide_GoPhoenix__SAS__5m_2018_L0_Coverage.json,1718,2090d376a759279d446090ff611906537375d073f484ae04787dd57a5fffd32b,copied,,inputs/search-coverage/samples/live_Wide_GoPhoenix__SAS__5m_2018_L0_Coverage.json
search-coverage/samples/p.html,48,82a868916d197b0b05f3a57caadd11f2a86d816b502c50a9c13f85c1ea83500d,copied,,inputs/search-coverage/samples/p.html
search-coverage/samples/pw31.xml,39,e11faf248336ef4333df2ce460d57b90ecbd7bffd881ed5662e597665967a294,copied,,inputs/search-coverage/samples/pw31.xml
search-coverage/samples/r.bin,1024,9d38bd66178e16edaf96ca9b10272fc30ebf8d453483aaf14db41168b4153feb,copied,,inputs/search-coverage/samples/r.bin
search-coverage/samples/t.xml,39,e11faf248336ef4333df2ce460d57b90ecbd7bffd881ed5662e597665967a294,copied,,inputs/search-coverage/samples/t.xml
search-coverage/samples/thr_top.xml,14096,2e58ef70749f92a49f4a526636af510e6e81ea62fd35b9c6212a6b136563bccd,copied,,inputs/search-coverage/samples/thr_top.xml
search-coverage/samples/wfs-caps.xml,479706,2f4cac9bf8bd1cfc6786e2d96f3f84c27e0bbdb458ffde3517d8d068ba81b7f6,copied,,inputs/search-coverage/samples/wfs-caps.xml
search-coverage/samples/wms_Inverse_Deep_Tow__SSS__5m_2018.png,910362,d73e1c49477ed33570f0ab89ff0e6e683245097eec1fe072a165e53234e3f649,copied,,inputs/search-coverage/samples/wms_Inverse_Deep_Tow__SSS__5m_2018.png
search-coverage/samples/wms_Wide_DHJ__SAS__5m_2018.png,139753,1e5e817938f36b42ec1654e4440e92f8c76a2e4b695c2c20cf40ead9eccc6470,copied,,inputs/search-coverage/samples/wms_Wide_DHJ__SAS__5m_2018.png
search-coverage/samples/wms_Wide_GoPhoenix__SAS__5m_2018.png,248884,e8b1f2f902bac17491a08cadb2660e9d55c8ca3fc238f8623bd34ba5a2223543,copied,,inputs/search-coverage/samples/wms_Wide_GoPhoenix__SAS__5m_2018.png
search-coverage/samples/zip_tail.bin,65536,683abe5e808ac8c953b3183edb1b97bb5ccbb5ab9700861b6646abdebe764842,copied,,inputs/search-coverage/samples/zip_tail.bin
wspr/wspr-authors-results.xlsx,120572,92a69245ab3e1cf8e00abfb19b34b186dab05d7c6e6e6fc0cbc200bf0d4bc481,copied,,inputs/wspr/wspr-authors-results.xlsx
repo-data/era5-wind-temperature.bin,374809120,ddadef31b568cde45867ccfa16829372222c5d556d1e2213dc3ab2f69bfbf6d6,too large for plain Git,"regenerable (.sources/era5-weather/extend.py, .sources/weather-sensitivity/)",Hugging Face companion dataset on request
repo-data/fnl-wind-temperature.bin,25093200,cb3bcac2afaddb4a34d6307b273c20b2bbfeabca5ea3fa937535c9b72db18eae,copied,place in MH370/data/,inputs/repo-data/fnl-wind-temperature.bin
repo-data/igrf14-declination.bin,12497900,ad71fa679c7933858e8748fa34b124f4e405921b337c92aeb7efeb1002ac6ac1,copied,place in MH370/data/,inputs/repo-data/igrf14-declination.bin
repo-data/merra2-wind-temperature.bin,99986408,4fbe91502296f81ca942542cf827c19afb7147ca63b7d09e6732c4b663f10ecb,too large for plain Git,"regenerable (.sources/era5-weather/extend.py, .sources/weather-sensitivity/)",Hugging Face companion dataset on request
