path_in_thread_storage,bytes,sha256,github,google_drive
Artifacts/rnzaf-pleiades-preview/rnzaf-image-locations-preview-summary.json,1044,8da33f4294938573f1cb59e3f89c75f57f7975ec659a2fb28a93afc4389c5dda,copied,yes
Artifacts/mh370-impact-sensitivity-20260828/scenario-summary.csv,2543,aaaa1cacd6acf20d4b1eec3037d3019dc95548b12d62793a5b8501c4fcdd745c,copied,yes
Artifacts/mh370-impact-sensitivity-20260828/report.html,3927,86924f784e9a823f783f809d5b7b7e74485df874328a290cea4c2f7fc3b737fa,copied,yes
Artifacts/mh370-impact-sensitivity-20260828/scenario-summary.json,6782,a5c9df5c11e6aedae1e90322c0700c81aa06805b1986f487190832752b498e23,copied,yes
Artifacts/rnzaf-pleiades-preview/rnzaf-image-locations-pleiades-context-preview.pdf,153025,9c8a8e2cbbb3f39e81a883f7a0bb41c447030dcd0c3795e062173ef60eea6032,copied,yes
Artifacts/rnzaf-pleiades-preview/pleiades-forward-impact-density-with-rnzaf-preview.pdf,207090,a60fadf9bab09daa1a99a642f022b24368182a5ea479d27aef51071966f372ae,copied,yes
Artifacts/rnzaf-pleiades-preview/rnzaf-image-locations-pleiades-context-preview.png,231749,1e2e8b3505ba84b049b3d24de8792a6ac09a1c5a71b6344035fd62a2c05b9245,copied,yes
Artifacts/rnzaf-pleiades-preview/rnzaf-image-locations-pleiades-context-preview.svg,335855,83245e673e117627062c9957635040d7ca6f9dafb7320f4dcf89f81c5a8e84c8,copied,yes
Attachments/2017-11-26-RNZAF-Image-Data.xlsx,15197,267ad7be372e80dd7a81b6b8a356f3a3d47c8d5eb16bfb5fdb72c17d13570719,not on GitHub,yes
Attachments/image-1787709289568-akm1wx.png,41339,b72994bb22f90defbf13c4819f9b27bc27f81672bba0ded529b8918c6a5c8ea2,copied,yes
Attachments/Kong-fuel.csv.xlsx,80393,5fee5196208c8655fb50af3f991df2e9a80298c84d800bb4990d5ca06f264437,not on GitHub,yes
Attachments/image-1787611095857-rihy6m.png,122601,3234105de81b230b2efaa95bd37bb12a1eda75ffc74e3384ff29d3a8dfc268ca,copied,yes
Attachments/Martin-full-model-BSMv7-9-4.xlsx,14955478,508d4288acac0b3eccf70ae200e0517d79979cbb47197155cee1b748142b8220,not on GitHub,yes
Artifacts/mh370-impact-sensitivity-20260828/impact-gain-five-seed-comparison.json,730,e4ceb3519186967e6d8815799bca4d83795e795f4ca42d905eff9fc73e1abbfc,copied,yes
Artifacts/mh370-impact-sensitivity-20260828/hydro-arrival-predictive.csv,3111,4edb976e4d7511a9ea24384f69f63688ede919861da1693446ce989dd0933e0f,copied,yes
Artifacts/mh370-impact-sensitivity-20260828/hydro-arrival-predictive.json,8720,8df6a64b3c72ce5c8acfa458d6f2f10524677b2dadb067fa15acbcdba08286ac,copied,yes
Artifacts/mh370-impact-sensitivity-20260828/hydro-arrival-predictive.pdf,36054,d57e5b02be4d4108e6fbd1d56f893990eccb5ecb79077df4950c03032b39e6df,copied,yes
Artifacts/mh370-impact-sensitivity-20260828/point-mass-sensitivity-panels.pdf,86806,88f42b646fb13ea41cbf19c8279af96676e366734b4b08b08f1781bffe28001c,copied,yes
Artifacts/mh370-impact-sensitivity-20260828/hydro-arrival-predictive.svg,116371,f5f10dc98a3bb1e3b7c820a148aad455c1e8fb27210845b71c53de583c09f026,copied,yes
Artifacts/mh370-impact-sensitivity-20260828/impact-gain-five-seed-comparison.pdf,159348,6050fe8de1c6f697dab7e9d2f53f6aaf273c927a15dbab0a6584bfb17fb23c67,copied,yes
Artifacts/mh370-impact-sensitivity-20260828/hydro-arrival-predictive.png,209722,9674aa0c4abb7eb03df43abcff2deb3f7193ae4eb77cfdfc9bff15ea73ed76a7,copied,yes
Artifacts/mh370-impact-sensitivity-20260828/point-mass-sensitivity-panels.svg,441487,767908679dbb76308ca837b4f5337194583466b82684520b8d330b50a37c5fe8,copied,yes
Artifacts/mh370-impact-sensitivity-20260828/impact-gain-five-seed-comparison.png,492998,bdd10128f9ca3ce044e32c69297ccb9fa2342b7c4a09ca17d31fee71d057cca1,copied,yes
Artifacts/mh370-impact-sensitivity-20260828/point-mass-sensitivity-panels.png,689301,4709de7609e437bd7ce40f206c8ddd6269b527980067de5ea141cf2e0913cf06,copied,yes
Artifacts/mh370-impact-sensitivity-20260828/impact-gain-five-seed-comparison.svg,1489003,51493918b861251c1610edb2f03ad32c7f724c4f248ce1e115830ab3da4a6468,copied,yes
