set,case,duration_uncontrolled_s,air_distance_nm,ground_distance_nm,mean_eas_kt,median_abs_bank_deg,phugoid_period_s,max_descent_fpm,t_to_15k_fpm_s,max_eas_kt,energy_ld
boeing,Case 01,1443.1,11.59,24.0,197.9,8.8,84.0,4560,nan,233.1,18.18
boeing,Case 02,1385.3,16.69,28.96,195.7,9.3,83.0,6300,nan,251.3,17.97
boeing,Case 03,437.2,18.89,19.51,291.1,16.0,80.0,53460,296.0,573.4,nan
boeing,Case 04,314.1,13.62,10.21,313.3,17.2,138.0,33510,167.0,589.5,nan
boeing,Case 05,1025.6,23.12,21.18,197.7,5.0,86.0,24150,938.0,371.7,17.61
boeing,Case 06,247.5,11.94,12.19,303.6,9.0,122.0,43320,156.0,616.4,nan
boeing,Case 07,1361.1,13.37,23.35,197.9,8.8,86.0,4860,nan,241.8,18.06
boeing,Case 08,1356.9,8.09,15.91,193.4,5.3,81.5,7140,nan,263.7,17.52
boeing,Case 09,1458.0,20.78,34.06,191.9,10.1,83.0,6900,nan,248.7,17.46
boeing,Case 10,335.5,12.67,8.96,298.1,17.9,140.0,57990,170.0,605.4,nan
normal cd0.0045 k0.8 lag0.7 floor195 tau60,Case 01,1395.1,10.26,23.11,195.3,8.9,84.5,4500,nan,232.5,17.9
normal cd0.0045 k0.8 lag0.7 floor195 tau60,Case 02,1391.0,10.33,23.1,195.3,8.8,84.5,4410,nan,231.6,17.91
normal cd0.0045 k0.8 lag0.7 floor195 tau60,Case 05,1418.9,8.67,22.32,196.2,9.2,86.5,5850,nan,247.9,17.72
normal cd0.0045 k0.8 lag0.7 floor195 tau60,Case 07,1393.8,10.24,22.83,195.3,8.8,85.0,4440,nan,232.0,17.9
normal cd0.0045 k0.8 lag0.7 floor195 tau60,Case 08,1411.0,9.53,22.8,195.4,9.0,85.5,4950,nan,237.0,17.84
normal cd0.0045 k0.8 lag0.7 floor195 tau60,Case 09,1508.8,5.36,19.08,195.3,9.0,86.0,4440,nan,232.1,17.9
normal cd0.0045 k0.8 lag0.8 floor195 tau60,Case 01,1389.6,10.36,23.13,196.2,9.0,85.0,6180,nan,249.7,17.83
normal cd0.0045 k0.8 lag0.8 floor195 tau60,Case 02,1386.4,10.42,23.12,196.2,9.0,84.5,6060,nan,248.7,17.84
normal cd0.0045 k0.8 lag0.8 floor195 tau60,Case 05,1405.6,9.11,22.6,198.2,9.4,86.0,9148,nan,279.5,17.62
normal cd0.0045 k0.8 lag0.8 floor195 tau60,Case 07,1388.5,10.35,22.85,196.1,9.0,85.0,6136,nan,249.0,17.83
normal cd0.0045 k0.8 lag0.8 floor195 tau60,Case 08,1403.1,9.78,22.94,196.6,9.2,86.0,7080,nan,257.2,17.74
normal cd0.0045 k0.8 lag0.8 floor195 tau60,Case 09,1503.7,5.43,19.13,196.2,9.2,86.0,6179,nan,250.4,17.82
normal cd0.0045 k0.8 lag0.85 floor195 tau60,Case 01,1329.8,12.47,24.16,195.9,9.2,86.0,6840,nan,262.0,17.75
normal cd0.0045 k0.8 lag0.85 floor195 tau60,Case 02,1326.6,12.44,24.06,195.9,9.2,86.0,6660,nan,261.6,17.76
normal cd0.0045 k0.8 lag0.85 floor195 tau60,Case 05,1338.7,12.05,24.59,198.4,9.5,87.0,10020,nan,287.2,17.61
normal cd0.0045 k0.8 lag0.85 floor195 tau60,Case 07,1329.8,12.44,23.74,195.8,9.2,86.0,6720,nan,259.9,17.75
normal cd0.0045 k0.8 lag0.85 floor195 tau60,Case 08,1340.9,12.3,24.44,196.4,9.3,86.0,7920,nan,273.2,17.7
normal cd0.0045 k0.8 lag0.85 floor195 tau60,Case 09,1443.1,7.85,21.67,196.1,9.3,87.0,6960,nan,257.4,17.75
normal cd0.0045 k0.8 lag0.9 floor195 tau60,Case 01,1322.8,12.65,24.14,196.9,9.2,86.0,8520,nan,268.9,17.71
normal cd0.0045 k0.8 lag0.9 floor195 tau60,Case 02,1319.3,12.61,24.03,196.8,9.2,86.0,8310,nan,266.5,17.73
normal cd0.0045 k0.8 lag0.9 floor195 tau60,Case 05,1331.6,12.25,24.63,200.2,9.6,87.0,11580,nan,306.6,17.58
normal cd0.0045 k0.8 lag0.9 floor195 tau60,Case 07,1322.0,12.62,23.71,196.8,9.2,86.0,8400,nan,267.2,17.72
normal cd0.0045 k0.8 lag0.9 floor195 tau60,Case 08,1333.3,12.53,24.49,197.6,9.4,86.0,9630,nan,281.6,17.67
normal cd0.0045 k0.8 lag0.9 floor195 tau60,Case 09,1436.3,8.15,21.9,197.0,9.4,87.0,8790,nan,271.9,17.71
normal cd0.0045 k0.8 lag1 floor195 tau60,Case 01,1250.9,13.34,23.0,197.7,9.4,87.0,10560,nan,293.8,17.67
normal cd0.0045 k0.8 lag1 floor195 tau60,Case 02,1248.6,13.22,22.79,197.6,9.4,87.0,10350,nan,293.8,17.69
normal cd0.0045 k0.8 lag1 floor195 tau60,Case 05,1254.9,13.59,24.23,202.0,9.7,89.0,13380,nan,325.5,17.53
normal cd0.0045 k0.8 lag1 floor195 tau60,Case 07,1250.9,13.32,22.42,197.6,9.4,87.5,10410,nan,297.1,17.68
normal cd0.0045 k0.8 lag1 floor195 tau60,Case 08,1259.6,13.63,23.77,198.8,9.6,88.0,11580,nan,302.3,17.63
normal cd0.0045 k0.8 lag1 floor195 tau60,Case 09,1364.3,11.61,24.43,198.1,9.6,89.0,10950,nan,295.1,17.71
trim tuck1 offset0 spiral120 wave1,Case 03,687.4,11.68,14.21,290.5,28.5,84.0,5430,nan,313.9,nan
trim tuck1 offset0 spiral120 wave1,Case 04,692.3,11.68,5.48,289.4,29.5,118.0,5670,nan,312.3,nan
trim tuck1 offset0 spiral120 wave1,Case 06,578.8,10.33,13.32,305.4,24.3,86.5,5100,nan,339.6,nan
trim tuck1 offset0 spiral120 wave1,Case 10,690.7,11.72,5.5,289.9,28.9,115.0,5700,nan,312.7,nan
trim tuck1 offset0 spiral60 wave1,Case 03,644.9,10.14,12.22,298.4,22.3,84.0,8520,nan,338.5,nan
trim tuck1 offset0 spiral60 wave1,Case 04,649.5,10.28,4.91,297.2,26.8,84.0,8640,nan,338.5,nan
trim tuck1 offset0 spiral60 wave1,Case 06,539.0,9.15,11.81,314.6,20.8,87.0,8310,nan,354.7,nan
trim tuck1 offset0 spiral60 wave1,Case 10,647.9,10.25,4.89,297.7,26.4,84.0,8670,nan,339.3,nan
trim tuck1 offset0 spiral120 wave0.3,Case 03,687.4,11.68,14.21,290.5,28.5,84.0,5430,nan,313.9,nan
trim tuck1 offset0 spiral120 wave0.3,Case 04,692.3,11.68,5.48,289.4,29.5,118.0,5670,nan,312.3,nan
trim tuck1 offset0 spiral120 wave0.3,Case 06,578.8,10.33,13.32,305.4,24.3,86.5,5100,nan,339.6,nan
trim tuck1 offset0 spiral120 wave0.3,Case 10,690.7,11.72,5.5,289.9,28.9,115.0,5700,nan,312.7,nan
trim tuck1 offset0.05 spiral120 wave1,Case 03,662.4,10.3,12.99,298.3,24.8,89.0,5850,nan,322.9,nan
trim tuck1 offset0.05 spiral120 wave1,Case 04,667.4,10.38,4.79,297.2,24.7,87.0,6060,nan,321.5,nan
trim tuck1 offset0.05 spiral120 wave1,Case 06,556.8,11.44,13.55,312.4,22.5,88.0,5580,nan,347.5,nan
trim tuck1 offset0.05 spiral120 wave1,Case 10,665.7,10.35,4.62,297.7,24.5,79.0,6120,nan,323.2,nan
trim tuck1 offset0.05 spiral60 wave1,Case 03,616.4,9.16,11.85,306.2,21.8,85.0,9930,nan,353.5,nan
trim tuck1 offset0.05 spiral60 wave1,Case 04,621.4,8.9,3.69,305.1,22.2,84.0,9960,nan,353.0,nan
trim tuck1 offset0.05 spiral60 wave1,Case 06,515.5,9.84,11.49,322.4,19.5,92.0,9000,nan,367.1,nan
trim tuck1 offset0.05 spiral60 wave1,Case 10,619.6,8.96,3.59,305.6,22.2,84.0,9990,nan,353.8,nan
trim tuck1 offset0.05 spiral120 wave0.3,Case 03,662.4,10.3,12.99,298.3,24.8,89.0,5850,nan,322.9,nan
trim tuck1 offset0.05 spiral120 wave0.3,Case 04,667.4,10.38,4.79,297.2,24.7,87.0,6060,nan,321.5,nan
trim tuck1 offset0.05 spiral120 wave0.3,Case 06,556.8,11.44,13.55,312.4,22.5,88.0,5580,nan,347.5,nan
trim tuck1 offset0.05 spiral120 wave0.3,Case 10,665.7,10.35,4.62,297.7,24.5,79.0,6120,nan,323.2,nan
trim tuck1 offset0.1 spiral120 wave1,Case 03,635.3,12.36,14.62,306.7,21.1,89.0,7230,nan,334.1,nan
trim tuck1 offset0.1 spiral120 wave1,Case 04,640.3,12.22,6.33,305.6,21.4,88.0,7350,nan,332.8,nan
trim tuck1 offset0.1 spiral120 wave1,Case 06,532.2,9.77,12.12,320.2,18.6,93.0,6180,nan,358.3,nan
trim tuck1 offset0.1 spiral120 wave1,Case 10,638.6,12.31,6.39,306.1,21.4,88.0,7380,nan,333.4,nan
trim tuck1 offset0.1 spiral60 wave1,Case 03,585.3,10.56,12.23,314.8,22.0,88.5,11400,nan,369.9,nan
trim tuck1 offset0.1 spiral60 wave1,Case 04,589.9,10.8,5.84,313.6,22.3,88.0,11400,nan,369.0,nan
trim tuck1 offset0.1 spiral60 wave1,Case 06,491.4,8.56,10.76,331.1,19.7,92.0,10530,nan,387.0,nan
trim tuck1 offset0.1 spiral60 wave1,Case 10,588.3,10.73,5.77,314.1,22.3,88.0,11400,nan,369.7,nan
trim tuck1 offset0.1 spiral120 wave0.3,Case 03,635.3,12.36,14.62,306.7,21.1,89.0,7230,nan,334.1,nan
trim tuck1 offset0.1 spiral120 wave0.3,Case 04,640.3,12.22,6.33,305.6,21.4,88.0,7350,nan,332.8,nan
trim tuck1 offset0.1 spiral120 wave0.3,Case 06,532.2,9.77,12.12,320.2,18.6,93.0,6180,nan,358.3,nan
trim tuck1 offset0.1 spiral120 wave0.3,Case 10,638.6,12.31,6.39,306.1,21.4,88.0,7380,nan,333.4,nan
trim tuck2 offset0 spiral120 wave1,Case 03,705.1,10.15,13.32,284.8,37.7,85.5,6750,nan,318.2,nan
trim tuck2 offset0 spiral120 wave1,Case 04,709.8,9.82,3.82,283.8,40.2,85.5,6570,nan,315.0,nan
trim tuck2 offset0 spiral120 wave1,Case 06,578.8,10.33,13.32,305.4,24.3,86.5,5100,nan,339.6,nan
trim tuck2 offset0 spiral120 wave1,Case 10,708.8,9.87,3.71,284.1,39.4,85.5,6630,nan,316.0,nan
trim tuck2 offset0 spiral60 wave1,Case 03,626.2,8.87,10.74,296.5,49.2,78.5,12210,nan,392.0,nan
trim tuck2 offset0 spiral60 wave1,Case 04,631.4,9.13,4.43,295.3,51.1,78.5,12180,nan,390.8,nan
trim tuck2 offset0 spiral60 wave1,Case 06,522.5,9.67,11.52,318.8,23.5,88.0,10470,nan,404.0,nan
trim tuck2 offset0 spiral60 wave1,Case 10,630.1,9.1,4.34,295.7,51.1,78.5,12210,nan,391.3,nan
trim tuck2 offset0 spiral120 wave0.3,Case 03,705.1,10.15,13.32,284.8,37.7,85.5,6750,nan,318.2,nan
trim tuck2 offset0 spiral120 wave0.3,Case 04,709.8,9.82,3.82,283.8,40.2,85.5,6570,nan,315.0,nan
trim tuck2 offset0 spiral120 wave0.3,Case 06,578.8,10.33,13.32,305.4,24.3,86.5,5100,nan,339.6,nan
trim tuck2 offset0 spiral120 wave0.3,Case 10,708.8,9.87,3.71,284.1,39.4,85.5,6630,nan,316.0,nan
trim tuck2 offset0.05 spiral120 wave1,Case 03,677.6,11.05,13.21,294.0,27.0,83.0,7080,nan,329.8,nan
trim tuck2 offset0.05 spiral120 wave1,Case 04,681.9,11.3,5.67,293.0,28.3,83.0,7380,nan,332.8,nan
trim tuck2 offset0.05 spiral120 wave1,Case 06,556.6,11.44,13.52,312.5,22.5,88.0,5670,nan,348.6,nan
trim tuck2 offset0.05 spiral120 wave1,Case 10,680.7,11.25,5.59,293.3,28.1,84.0,7440,nan,334.2,nan
trim tuck2 offset0.05 spiral60 wave1,Case 03,581.8,9.18,11.45,305.7,40.7,83.0,14730,nan,416.8,nan
trim tuck2 offset0.05 spiral60 wave1,Case 04,587.3,8.86,3.75,304.5,41.3,83.5,14340,nan,413.5,nan
trim tuck2 offset0.05 spiral60 wave1,Case 06,492.7,7.72,9.32,328.6,22.6,88.0,12030,nan,433.2,nan
trim tuck2 offset0.05 spiral60 wave1,Case 10,586.3,8.95,3.78,304.8,41.3,83.5,14370,nan,413.9,nan
trim tuck2 offset0.05 spiral120 wave0.3,Case 03,677.6,11.05,13.21,294.0,27.0,83.0,7080,nan,329.8,nan
trim tuck2 offset0.05 spiral120 wave0.3,Case 04,681.9,11.3,5.67,293.0,28.3,83.0,7380,nan,332.8,nan
trim tuck2 offset0.05 spiral120 wave0.3,Case 06,556.6,11.44,13.52,312.5,22.5,88.0,5670,nan,348.6,nan
trim tuck2 offset0.05 spiral120 wave0.3,Case 10,680.7,11.25,5.59,293.3,28.1,84.0,7440,nan,334.2,nan
trim tuck2 offset0.1 spiral120 wave1,Case 03,636.6,11.31,13.71,305.0,27.9,86.5,9930,nan,370.6,nan
trim tuck2 offset0.1 spiral120 wave1,Case 04,641.2,10.98,5.29,303.8,28.4,86.5,9960,nan,371.0,nan
trim tuck2 offset0.1 spiral120 wave1,Case 06,529.0,9.78,12.23,321.7,19.3,93.0,6780,nan,356.6,nan
trim tuck2 offset0.1 spiral120 wave1,Case 10,639.9,11.1,5.34,304.2,28.6,86.5,9990,nan,371.9,nan
trim tuck2 offset0.1 spiral60 wave1,Case 03,554.2,8.8,10.25,316.7,35.3,83.5,14790,nan,430.2,nan
trim tuck2 offset0.1 spiral60 wave1,Case 04,561.6,9.38,5.21,315.6,35.1,83.5,14400,nan,426.6,nan
trim tuck2 offset0.1 spiral60 wave1,Case 06,446.2,9.59,10.66,338.9,24.3,108.5,14670,nan,467.3,nan
trim tuck2 offset0.1 spiral60 wave1,Case 10,560.6,9.3,5.06,316.0,35.2,83.5,14340,nan,426.7,nan
trim tuck2 offset0.1 spiral120 wave0.3,Case 03,636.6,11.31,13.71,305.0,27.9,86.5,9930,nan,370.6,nan
trim tuck2 offset0.1 spiral120 wave0.3,Case 04,641.2,10.98,5.29,303.8,28.4,86.5,9960,nan,371.0,nan
trim tuck2 offset0.1 spiral120 wave0.3,Case 06,529.0,9.78,12.23,321.7,19.3,93.0,6780,nan,356.6,nan
trim tuck2 offset0.1 spiral120 wave0.3,Case 10,639.9,11.1,5.34,304.2,28.6,86.5,9990,nan,371.9,nan
trim tuck3 offset0 spiral120 wave1,Case 03,717.9,10.76,13.02,280.0,56.8,83.0,8760,nan,339.5,nan
trim tuck3 offset0 spiral120 wave1,Case 04,722.8,11.07,5.57,278.9,57.4,83.0,8580,nan,336.1,nan
trim tuck3 offset0 spiral120 wave1,Case 06,578.8,10.33,13.32,305.4,24.3,86.5,5100,nan,339.6,nan
trim tuck3 offset0 spiral120 wave1,Case 10,722.2,11.02,5.43,279.0,57.4,83.0,8640,nan,337.2,nan
trim tuck3 offset0 spiral60 wave1,Case 03,348.0,6.65,8.03,313.0,29.2,94.5,31830,140.0,585.1,nan
trim tuck3 offset0 spiral60 wave1,Case 04,350.4,6.55,3.43,311.4,29.8,98.5,31830,142.0,583.8,nan
trim tuck3 offset0 spiral60 wave1,Case 06,219.8,9.25,9.03,294.8,20.6,nan,25800,159.0,612.9,nan
trim tuck3 offset0 spiral60 wave1,Case 10,350.1,6.55,3.38,311.4,29.6,97.5,31830,142.0,583.7,nan
trim tuck3 offset0 spiral120 wave0.3,Case 03,717.9,10.76,13.02,280.0,56.8,83.0,8760,nan,339.5,nan
trim tuck3 offset0 spiral120 wave0.3,Case 04,722.8,11.07,5.57,278.9,57.4,83.0,8580,nan,336.1,nan
trim tuck3 offset0 spiral120 wave0.3,Case 06,578.8,10.33,13.32,305.4,24.3,86.5,5100,nan,339.6,nan
trim tuck3 offset0 spiral120 wave0.3,Case 10,722.2,11.02,5.43,279.0,57.4,83.0,8640,nan,337.2,nan
trim tuck3 offset0.05 spiral120 wave1,Case 03,622.4,12.06,14.33,299.0,41.6,81.0,17280,338.0,454.6,nan
trim tuck3 offset0.05 spiral120 wave1,Case 04,628.0,11.73,6.0,297.2,42.0,82.0,17460,342.0,455.2,nan
trim tuck3 offset0.05 spiral120 wave1,Case 06,556.4,11.45,13.48,312.7,22.5,88.5,5850,nan,351.0,nan
trim tuck3 offset0.05 spiral120 wave1,Case 10,628.1,11.73,5.94,297.2,42.0,82.0,17430,342.0,455.1,nan
trim tuck3 offset0.05 spiral60 wave1,Case 03,201.2,5.62,6.24,268.8,22.1,nan,35820,136.0,620.7,nan
trim tuck3 offset0.05 spiral60 wave1,Case 04,199.3,5.7,3.54,267.4,21.2,nan,35880,133.0,619.7,nan
trim tuck3 offset0.05 spiral60 wave1,Case 06,200.5,5.26,5.74,289.6,19.3,nan,30420,145.0,634.6,nan
trim tuck3 offset0.05 spiral60 wave1,Case 10,199.1,5.72,3.55,267.7,21.0,nan,35880,133.0,619.9,nan
trim tuck3 offset0.05 spiral120 wave0.3,Case 03,588.2,12.37,14.19,303.0,40.6,94.0,19560,344.0,487.4,nan
trim tuck3 offset0.05 spiral120 wave0.3,Case 04,593.8,12.49,7.08,300.9,40.9,97.0,19680,348.0,487.6,nan
trim tuck3 offset0.05 spiral120 wave0.3,Case 06,556.4,11.45,13.48,312.7,22.5,88.5,5850,nan,351.0,nan
trim tuck3 offset0.05 spiral120 wave0.3,Case 10,594.3,12.49,7.02,300.8,40.9,96.0,19620,348.0,487.1,nan
trim tuck3 offset0.1 spiral120 wave1,Case 03,520.1,16.08,17.9,317.2,44.5,80.5,21600,114.0,464.8,nan
trim tuck3 offset0.1 spiral120 wave1,Case 04,528.6,15.21,10.2,316.7,43.4,80.0,20670,132.0,465.2,nan
trim tuck3 offset0.1 spiral120 wave1,Case 06,491.9,12.06,13.38,331.9,23.1,129.5,11700,nan,439.5,nan
trim tuck3 offset0.1 spiral120 wave1,Case 10,529.1,15.16,10.12,316.8,43.4,80.0,20580,133.0,465.0,nan
trim tuck3 offset0.1 spiral60 wave1,Case 03,304.9,12.89,13.64,345.0,20.5,105.0,29460,89.0,578.3,nan
trim tuck3 offset0.1 spiral60 wave1,Case 04,305.8,12.62,9.87,345.0,20.8,103.0,30630,94.0,586.7,nan
trim tuck3 offset0.1 spiral60 wave1,Case 06,195.6,5.9,6.92,306.9,14.0,nan,30090,144.0,635.5,nan
trim tuck3 offset0.1 spiral60 wave1,Case 10,305.9,12.61,9.84,345.2,20.6,104.0,30660,94.0,587.2,nan
trim tuck3 offset0.1 spiral120 wave0.3,Case 03,159.4,19.22,19.54,304.0,7.8,nan,39810,105.0,669.5,nan
trim tuck3 offset0.1 spiral120 wave0.3,Case 04,173.4,18.75,16.82,303.4,8.9,nan,37980,119.0,666.8,nan
trim tuck3 offset0.1 spiral120 wave0.3,Case 06,491.9,12.06,13.38,331.9,23.1,129.5,11700,nan,439.5,nan
trim tuck3 offset0.1 spiral120 wave0.3,Case 10,174.2,18.69,16.73,303.8,8.9,nan,37770,120.0,666.8,nan
