rank,energy_correlation_r,pressure_correlation_r,lag_response_percentile,lag_response_robust_z,iaaft_scan_max_p,total_interstation_lag_s,base_geometry_lag_s,fine_propagation_offset_s,representative_cell_id,along_nm,cross_nm,latitude_deg,longitude_deg_e,representative_density_per_km2,representative_in_current_pleiades_hpd50,representative_in_current_pleiades_hpd90,representative_in_current_pleiades_hpd95,compatible_cell_count,compatible_pleiades_probability_mass,paired_sample_count,primary_source_utc,h01_arrival_utc,h08_arrival_utc,local_20s_energy_correlation_r,local_20s_pressure_correlation_r,local_4s_product,local_4s_product_percentile,generic_template_h01_correlation,generic_template_h08_correlation,generic_template_mean_correlation,h08_panel,seconds_from_nearest_periodic_centre,within_three_second_periodic_mask,raw_energy_maximum_plus_minus_3s,percentile_among_observed_pulse_windows,observed_pulse_window_count,rank_among_observed_pulse_windows,status
1,0.1086594526988338,0.01308874094128999,1.0,1.6528311285600499,0.9641434262948207,1119.75,1119.994958759334,-0.25,a068_x+005,340.0,5.0,-36.073875472329284,91.67432952215368,1.265931383548237e-06,False,False,False,15,0.00014026466433351176,17595,2014-03-08T00:31:53.770Z,2014-03-08T00:54:29.748Z,2014-03-08T01:13:09.499Z,0.41501663544695894,0.1333611266955217,5.622492367964865,1.0,0.8916836651903933,0.557026315251387,0.7243549902208901,e,-0.0007529258728027344,True,8.823157300702679,0.711864406779661,59,18,HELD_OUT_SELECTED_AIRGUN_FILTER_PUBLICATION_TRACE_CANDIDATE_NOT_EVENT_ASSOCIATION
2,0.10585490628988209,0.007395016883561258,0.9991550723821326,1.6077947636703138,0.9721115537848606,799.7,798.2100839916347,1.5,a097_x-095,485.0,-95.0,-36.26194941299648,88.06258629569082,9.714230812367944e-37,False,False,False,5,8.329719780066015e-35,11206,2014-03-08T00:25:51.678Z,2014-03-08T00:52:02.549Z,2014-03-08T01:05:22.249Z,0.18897401685171084,0.06465236587334774,4.081459726047189,1.0,0.7965139584070615,0.4287068137744779,0.6126103860907697,d,0.2996926784514926,True,4.498780199109053,0.2711864406779661,59,44,HELD_OUT_SELECTED_AIRGUN_FILTER_PUBLICATION_TRACE_CANDIDATE_NOT_EVENT_ASSOCIATION
3,0.10365849685362372,-0.010077548676945672,0.9977468596856869,1.5725240701624943,0.9760956175298805,1100.2,1098.4629790357496,1.75,a054_x-030,270.0,-30.0,-34.86941847570745,92.26046539242483,4.296218906843954e-05,True,True,True,23,0.010131197873065104,17204,2014-03-08T00:32:21.163Z,2014-03-08T00:54:29.099Z,2014-03-08T01:12:49.299Z,0.5729949376258016,-0.08151299096984826,8.909905740217985,1.0,0.8899981903555998,0.6872964609836638,0.7886473256696318,e,-0.0007336616516226968,True,13.669758067326157,1.0,59,1,HELD_OUT_SELECTED_AIRGUN_FILTER_PUBLICATION_TRACE_CANDIDATE_NOT_EVENT_ASSOCIATION
4,0.10260012683413769,0.0064433214113982645,0.9969019320678195,1.5555284026157605,0.9840637450199203,810.9000000000001,813.6537546639153,-2.75,a093_x-095,465.0,-95.0,-36.07539396571624,88.37752068755368,5.377043329291831e-13,False,False,False,9,4.6106856058278426e-11,11418,2014-03-08T00:28:36.757Z,2014-03-08T00:54:29.848Z,2014-03-08T01:08:00.749Z,0.4608991954734969,-0.044726658515815906,7.900102978014755,1.0,0.8900986756997101,0.6175429121332697,0.7538207939164899,d,-0.0004584789276123047,True,6.218132937974049,0.8135593220338984,59,12,HELD_OUT_SELECTED_AIRGUN_FILTER_PUBLICATION_TRACE_CANDIDATE_NOT_EVENT_ASSOCIATION
5,0.10106806745162836,-0.011961760457371544,0.9955500478792316,1.5309260693603004,0.9920318725099602,751.3000000000001,753.5483373842995,-2.25,a113_x-085,565.0,-85.0,-37.145458888033104,86.86117474880835,1.8572528667764756e-101,False,False,False,3,1.592549759192025e-99,11026,2014-03-08T00:27:11.902Z,2014-03-08T00:54:30.398Z,2014-03-08T01:07:01.699Z,0.39618985602995116,0.06434620072866487,4.77138323105225,1.0,0.8893463909716937,0.5490442109629913,0.7191953009673424,d,0.249597835540726,True,6.044573742892406,0.7627118644067796,59,15,HELD_OUT_SELECTED_AIRGUN_FILTER_PUBLICATION_TRACE_CANDIDATE_NOT_EVENT_ASSOCIATION
6,0.0964831459192937,0.007517048423185966,0.991212752774179,1.4572998321684498,0.9960159362549801,1079.45,1080.7075813334977,-1.25,a056_x-035,280.0,-35.0,-34.91671340761436,92.04716381373476,7.414117108061062e-05,True,True,True,17,0.009079031712854915,16789,2014-03-08T00:27:21.260Z,2014-03-08T00:49:41.699Z,2014-03-08T01:07:41.149Z,0.35647446476644057,-0.04824954092332055,3.4503093451433826,1.0,0.8543540730273513,0.45912846143239605,0.6567412672298737,d,0.2995602130889665,True,5.887061777672081,0.6949152542372882,59,19,HELD_OUT_SELECTED_AIRGUN_FILTER_PUBLICATION_TRACE_CANDIDATE_NOT_EVENT_ASSOCIATION
7,0.09579385952594931,0.01523499892902649,0.9900861826170225,1.4462310356510866,0.9960159362549801,1168.55,1163.5375006407517,5.0,a051_x-005,255.0,-5.0,-35.0039289472961,92.83177686348141,3.454951973082364e-05,False,True,True,17,0.004893236265752937,18571,2014-03-08T00:32:58.494Z,2014-03-08T00:54:30.848Z,2014-03-08T01:13:59.399Z,0.08294703930490374,0.03449740924190401,3.891953904806999,1.0,0.8863107032956538,0.25358454292107024,0.569947623108362,e,0.19919948577879154,True,9.87583733537852,0.7796610169491526,59,14,HELD_OUT_SELECTED_AIRGUN_FILTER_PUBLICATION_TRACE_CANDIDATE_NOT_EVENT_ASSOCIATION
8,0.09562517837264403,0.010462498526973722,0.9896918830620177,1.4435222960324339,0.9960159362549801,1536.0,1538.7465208218316,-2.75,a009_x+100,45.0,100.0,-33.66529393624738,97.32700232504098,0.0,False,False,False,1,0.0,19680,2014-03-08T00:32:30.684Z,2014-03-08T00:49:43.399Z,2014-03-08T01:15:19.399Z,0.04025433818087617,-0.11131542500435904,4.559095769571734,1.0,0.8238196627421679,0.4924288015628632,0.6581242321525156,e,0.1491231918334961,True,10.69537712009616,0.847457627118644,59,10,HELD_OUT_SELECTED_AIRGUN_FILTER_PUBLICATION_TRACE_CANDIDATE_NOT_EVENT_ASSOCIATION
9,0.0938586313142879,-8.528036674394784e-05,0.9869317861769842,1.4151544795252524,0.9960159362549801,1406.8000000000002,1402.0736896538974,4.75,a039_x+085,195.0,85.0,-35.376612262032836,94.98955433946853,1.0042079583983932e-60,False,False,False,10,8.610842233356222e-59,22264,2014-03-08T00:32:42.617Z,2014-03-08T00:52:02.399Z,2014-03-08T01:15:29.199Z,0.03941236470525991,0.02726362967919009,10.010784523889976,1.0,0.7955583931217742,0.4238957627006875,0.6097270779112309,e,-0.0008861541748501622,True,11.295625744607516,0.9152542372881356,59,6,HELD_OUT_SELECTED_AIRGUN_FILTER_PUBLICATION_TRACE_CANDIDATE_NOT_EVENT_ASSOCIATION
10,0.09018873889885178,-0.008785290637541084,0.9819748774854954,1.3562220926693564,1.0,1466.3000000000002,1467.0627189807,-0.75,a027_x+095,135.0,95.0,-34.767307810324766,95.98861694083462,4.1055647421286905e-170,False,False,False,9,3.5204232328215417e-168,21074,2014-03-08T00:29:59.856Z,2014-03-08T00:48:22.949Z,2014-03-08T01:12:49.249Z,0.5970386130807246,-0.03473773385325472,5.5545088308800485,1.0,0.8271126284584028,0.6966075199324758,0.7618600741954393,e,-0.050733613967906876,True,13.669758067326157,1.0,59,1,HELD_OUT_SELECTED_AIRGUN_FILTER_PUBLICATION_TRACE_CANDIDATE_NOT_EVENT_ASSOCIATION
