station,panel,rank_within_panel,peak_utc,local_energy_score,panel_q99_threshold,above_panel_q99,nearest_observed_airgun_peak_utc,offset_from_observed_airgun_peak_s,status
H01W,b,1,2014-03-08T00:39:23.700Z,3.80924257,3.78920466,True,,,PUBLICATION_TRACE_PEAK_NOT_EVENT_IDENTITY
H01W,b,2,2014-03-08T00:43:33.800Z,3.61756053,3.78920466,False,,,PUBLICATION_TRACE_PEAK_NOT_EVENT_IDENTITY
H01W,b,3,2014-03-08T00:39:40.650Z,3.53297614,3.78920466,False,,,PUBLICATION_TRACE_PEAK_NOT_EVENT_IDENTITY
H01W,b,4,2014-03-08T00:39:31.050Z,3.42768372,3.78920466,False,,,PUBLICATION_TRACE_PEAK_NOT_EVENT_IDENTITY
H01W,b,5,2014-03-08T00:46:07.600Z,3.31994066,3.78920466,False,,,PUBLICATION_TRACE_PEAK_NOT_EVENT_IDENTITY
H01W,b,6,2014-03-08T00:40:14.900Z,3.3043254,3.78920466,False,,,PUBLICATION_TRACE_PEAK_NOT_EVENT_IDENTITY
H01W,b,7,2014-03-08T00:46:30.450Z,3.14872118,3.78920466,False,,,PUBLICATION_TRACE_PEAK_NOT_EVENT_IDENTITY
H01W,b,8,2014-03-08T00:43:44.750Z,3.13501075,3.78920466,False,,,PUBLICATION_TRACE_PEAK_NOT_EVENT_IDENTITY
H01W,b,9,2014-03-08T00:45:40.350Z,3.12966065,3.78920466,False,,,PUBLICATION_TRACE_PEAK_NOT_EVENT_IDENTITY
H01W,b,10,2014-03-08T00:46:43.250Z,2.93193369,3.78920466,False,,,PUBLICATION_TRACE_PEAK_NOT_EVENT_IDENTITY
H01W,b,11,2014-03-08T00:44:17.500Z,2.86796281,3.78920466,False,,,PUBLICATION_TRACE_PEAK_NOT_EVENT_IDENTITY
H01W,b,12,2014-03-08T00:39:48.200Z,2.72974264,3.78920466,False,,,PUBLICATION_TRACE_PEAK_NOT_EVENT_IDENTITY
H01W,b,13,2014-03-08T00:46:18.100Z,2.63079742,3.78920466,False,,,PUBLICATION_TRACE_PEAK_NOT_EVENT_IDENTITY
H01W,b,14,2014-03-08T00:45:14.850Z,2.5772239,3.78920466,False,,,PUBLICATION_TRACE_PEAK_NOT_EVENT_IDENTITY
H01W,b,15,2014-03-08T00:43:28.750Z,2.55957206,3.78920466,False,,,PUBLICATION_TRACE_PEAK_NOT_EVENT_IDENTITY
H01W,b,16,2014-03-08T00:40:55.350Z,2.4723041,3.78920466,False,,,PUBLICATION_TRACE_PEAK_NOT_EVENT_IDENTITY
H01W,b,17,2014-03-08T00:40:40.600Z,2.27254928,3.78920466,False,,,PUBLICATION_TRACE_PEAK_NOT_EVENT_IDENTITY
H01W,b,18,2014-03-08T00:42:29.150Z,2.20654225,3.78920466,False,,,PUBLICATION_TRACE_PEAK_NOT_EVENT_IDENTITY
H01W,b,19,2014-03-08T00:41:46.700Z,2.1739928,3.78920466,False,,,PUBLICATION_TRACE_PEAK_NOT_EVENT_IDENTITY
H01W,b,20,2014-03-08T00:41:15.800Z,2.16055211,3.78920466,False,,,PUBLICATION_TRACE_PEAK_NOT_EVENT_IDENTITY
H01W,c,1,2014-03-08T00:52:04.350Z,11.8980253,7.18505701,True,,,PUBLICATION_TRACE_PEAK_NOT_EVENT_IDENTITY
H01W,c,2,2014-03-08T00:54:29.850Z,6.41782962,7.18505701,False,,,PUBLICATION_TRACE_PEAK_NOT_EVENT_IDENTITY
H01W,c,3,2014-03-08T00:49:41.150Z,4.83350869,7.18505701,False,,,PUBLICATION_TRACE_PEAK_NOT_EVENT_IDENTITY
H01W,c,4,2014-03-08T00:48:22.050Z,4.46963773,7.18505701,False,,,PUBLICATION_TRACE_PEAK_NOT_EVENT_IDENTITY
H01W,c,5,2014-03-08T00:51:58.500Z,4.08578055,7.18505701,False,,,PUBLICATION_TRACE_PEAK_NOT_EVENT_IDENTITY
H01W,c,6,2014-03-08T00:55:49.900Z,3.67774534,7.18505701,False,,,PUBLICATION_TRACE_PEAK_NOT_EVENT_IDENTITY
H01W,c,7,2014-03-08T00:56:47.550Z,3.66452825,7.18505701,False,,,PUBLICATION_TRACE_PEAK_NOT_EVENT_IDENTITY
H01W,c,8,2014-03-08T00:54:48.950Z,3.59363537,7.18505701,False,,,PUBLICATION_TRACE_PEAK_NOT_EVENT_IDENTITY
H01W,c,9,2014-03-08T00:56:42.500Z,3.2546879,7.18505701,False,,,PUBLICATION_TRACE_PEAK_NOT_EVENT_IDENTITY
H01W,c,10,2014-03-08T00:47:14.200Z,2.93836803,7.18505701,False,,,PUBLICATION_TRACE_PEAK_NOT_EVENT_IDENTITY
H01W,c,11,2014-03-08T00:51:19.900Z,2.83508938,7.18505701,False,,,PUBLICATION_TRACE_PEAK_NOT_EVENT_IDENTITY
H01W,c,12,2014-03-08T00:49:14.100Z,2.77068283,7.18505701,False,,,PUBLICATION_TRACE_PEAK_NOT_EVENT_IDENTITY
H01W,c,13,2014-03-08T00:54:01.000Z,2.73457427,7.18505701,False,,,PUBLICATION_TRACE_PEAK_NOT_EVENT_IDENTITY
H01W,c,14,2014-03-08T00:50:34.150Z,2.72078683,7.18505701,False,,,PUBLICATION_TRACE_PEAK_NOT_EVENT_IDENTITY
H01W,c,15,2014-03-08T00:52:57.750Z,2.66243349,7.18505701,False,,,PUBLICATION_TRACE_PEAK_NOT_EVENT_IDENTITY
H01W,c,16,2014-03-08T00:54:09.600Z,2.58249435,7.18505701,False,,,PUBLICATION_TRACE_PEAK_NOT_EVENT_IDENTITY
H01W,c,17,2014-03-08T00:50:51.700Z,2.43327841,7.18505701,False,,,PUBLICATION_TRACE_PEAK_NOT_EVENT_IDENTITY
H01W,c,18,2014-03-08T00:55:37.500Z,2.30960238,7.18505701,False,,,PUBLICATION_TRACE_PEAK_NOT_EVENT_IDENTITY
H01W,c,19,2014-03-08T00:54:41.700Z,2.22292499,7.18505701,False,,,PUBLICATION_TRACE_PEAK_NOT_EVENT_IDENTITY
H01W,c,20,2014-03-08T00:55:20.050Z,2.21668727,7.18505701,False,,,PUBLICATION_TRACE_PEAK_NOT_EVENT_IDENTITY
