cycle_number,predicted_centre_s,observed_centre_s,residual_s,status
-23,-0.054364348,,,EXTRAPOLATED_PRE_PANEL_PERIODIC_CENTRE
-22,9.919670750,10.050000000,0.130329250,INTERIOR_PANEL_E_PERIODIC_CENTRE
-21,19.893705849,20.000000000,0.106294151,INTERIOR_PANEL_E_PERIODIC_CENTRE
-20,29.867740947,30.200000000,0.332259053,INTERIOR_PANEL_E_PERIODIC_CENTRE
-19,39.841776045,39.950000000,0.108223955,INTERIOR_PANEL_E_PERIODIC_CENTRE
-18,49.815811143,49.950000000,0.134188857,INTERIOR_PANEL_E_PERIODIC_CENTRE
-17,59.789846242,59.900000000,0.110153758,INTERIOR_PANEL_E_PERIODIC_CENTRE
-16,69.763881340,69.800000000,0.036118660,INTERIOR_PANEL_E_PERIODIC_CENTRE
-15,79.737916438,79.750000000,0.012083562,INTERIOR_PANEL_E_PERIODIC_CENTRE
-14,89.711951536,89.900000000,0.188048464,INTERIOR_PANEL_E_PERIODIC_CENTRE
-13,99.685986635,99.850000000,0.164013365,INTERIOR_PANEL_E_PERIODIC_CENTRE
-12,109.660021733,109.550000000,-0.110021733,INTERIOR_PANEL_E_PERIODIC_CENTRE
-11,119.634056831,119.550000000,-0.084056831,INTERIOR_PANEL_E_PERIODIC_CENTRE
-10,129.608091929,129.500000000,-0.108091929,INTERIOR_PANEL_E_PERIODIC_CENTRE
-9,139.582127028,139.650000000,0.067872972,INTERIOR_PANEL_E_PERIODIC_CENTRE
-8,149.556162126,149.600000000,0.043837874,INTERIOR_PANEL_E_PERIODIC_CENTRE
-7,159.530197224,159.400000000,-0.130197224,INTERIOR_PANEL_E_PERIODIC_CENTRE
-6,169.504232322,169.300000000,-0.204232322,INTERIOR_PANEL_E_PERIODIC_CENTRE
-5,179.478267421,179.250000000,-0.228267421,INTERIOR_PANEL_E_PERIODIC_CENTRE
-4,189.452302519,189.500000000,0.047697481,INTERIOR_PANEL_E_PERIODIC_CENTRE
-3,199.426337617,199.150000000,-0.276337617,INTERIOR_PANEL_E_PERIODIC_CENTRE
-2,209.400372715,209.100000000,-0.300372715,INTERIOR_PANEL_E_PERIODIC_CENTRE
-1,219.374407814,219.100000000,-0.274407814,INTERIOR_PANEL_E_PERIODIC_CENTRE
0,229.348442912,229.050000000,-0.298442912,INTERIOR_PANEL_E_PERIODIC_CENTRE
1,239.322478010,239.200000000,-0.122478010,INTERIOR_PANEL_E_PERIODIC_CENTRE
2,249.296513108,248.900000000,-0.396513108,INTERIOR_PANEL_E_PERIODIC_CENTRE
3,259.270548207,258.950000000,-0.320548207,INTERIOR_PANEL_E_PERIODIC_CENTRE
4,269.244583305,269.000000000,-0.244583305,INTERIOR_PANEL_E_PERIODIC_CENTRE
5,279.218618403,278.950000000,-0.268618403,INTERIOR_PANEL_E_PERIODIC_CENTRE
6,289.192653501,289.200000000,0.007346499,INTERIOR_PANEL_E_PERIODIC_CENTRE
7,299.166688599,299.150000000,-0.016688599,INTERIOR_PANEL_E_PERIODIC_CENTRE
8,309.140723698,309.300000000,0.159276302,INTERIOR_PANEL_E_PERIODIC_CENTRE
9,319.114758796,319.250000000,0.135241204,INTERIOR_PANEL_E_PERIODIC_CENTRE
10,329.088793894,329.200000000,0.111206106,INTERIOR_PANEL_E_PERIODIC_CENTRE
11,339.062828992,339.150000000,0.087171008,INTERIOR_PANEL_E_PERIODIC_CENTRE
12,349.036864091,348.900000000,-0.136864091,INTERIOR_PANEL_E_PERIODIC_CENTRE
13,359.010899189,359.100000000,0.089100811,INTERIOR_PANEL_E_PERIODIC_CENTRE
14,368.984934287,368.750000000,-0.234934287,INTERIOR_PANEL_E_PERIODIC_CENTRE
15,378.958969385,378.950000000,-0.008969385,INTERIOR_PANEL_E_PERIODIC_CENTRE
16,388.933004484,388.950000000,0.016995516,INTERIOR_PANEL_E_PERIODIC_CENTRE
17,398.907039582,398.600000000,-0.307039582,INTERIOR_PANEL_E_PERIODIC_CENTRE
18,408.881074680,408.850000000,-0.031074680,INTERIOR_PANEL_E_PERIODIC_CENTRE
19,418.855109778,418.800000000,-0.055109778,INTERIOR_PANEL_E_PERIODIC_CENTRE
20,428.829144877,428.900000000,0.070855123,INTERIOR_PANEL_E_PERIODIC_CENTRE
21,438.803179975,439.000000000,0.196820025,INTERIOR_PANEL_E_PERIODIC_CENTRE
22,448.777215073,448.900000000,0.122784927,INTERIOR_PANEL_E_PERIODIC_CENTRE
23,458.751250171,459.050000000,0.298749829,INTERIOR_PANEL_E_PERIODIC_CENTRE
24,468.725285270,469.950000000,1.224714730,INTERIOR_PANEL_E_PERIODIC_CENTRE
25,478.699320368,479.700000000,1.000679632,INTERIOR_PANEL_E_PERIODIC_CENTRE
26,488.673355466,489.700000000,1.026644534,INTERIOR_PANEL_E_PERIODIC_CENTRE
27,498.647390564,499.750000000,1.102609436,INTERIOR_PANEL_E_PERIODIC_CENTRE
28,508.621425663,509.350000000,0.728574337,INTERIOR_PANEL_E_PERIODIC_CENTRE
29,518.595460761,519.800000000,1.204539239,INTERIOR_PANEL_E_PERIODIC_CENTRE
30,528.569495859,529.000000000,0.430504141,INTERIOR_PANEL_E_PERIODIC_CENTRE
31,538.543530957,538.600000000,0.056469043,INTERIOR_PANEL_E_PERIODIC_CENTRE
32,548.517566056,548.100000000,-0.417566056,INTERIOR_PANEL_E_PERIODIC_CENTRE
33,558.491601154,558.550000000,0.058398846,INTERIOR_PANEL_E_PERIODIC_CENTRE
34,568.465636252,569.050000000,0.584363748,INTERIOR_PANEL_E_PERIODIC_CENTRE
35,578.439671350,577.700000000,-0.739671350,INTERIOR_PANEL_E_PERIODIC_CENTRE
36,588.413706449,587.600000000,-0.813706449,INTERIOR_PANEL_E_PERIODIC_CENTRE
