window_start_s,window_end_s,maximum_forward_energy_score,at_least_oscar_window_maximum,status
10.000,20.000,5.05630368,False,OVERLAPPING_INTERIOR_MATCHED_WINDOW_CONTROL
11.000,21.000,5.05630368,False,OVERLAPPING_INTERIOR_MATCHED_WINDOW_CONTROL
12.000,22.000,5.05630368,False,OVERLAPPING_INTERIOR_MATCHED_WINDOW_CONTROL
13.000,23.000,5.05630368,False,OVERLAPPING_INTERIOR_MATCHED_WINDOW_CONTROL
14.000,24.000,5.05630368,False,OVERLAPPING_INTERIOR_MATCHED_WINDOW_CONTROL
15.000,25.000,5.05630368,False,OVERLAPPING_INTERIOR_MATCHED_WINDOW_CONTROL
16.000,26.000,5.05630368,False,OVERLAPPING_INTERIOR_MATCHED_WINDOW_CONTROL
17.000,27.000,5.05630368,False,OVERLAPPING_INTERIOR_MATCHED_WINDOW_CONTROL
18.000,28.000,5.05630368,False,OVERLAPPING_INTERIOR_MATCHED_WINDOW_CONTROL
19.000,29.000,5.05630368,False,OVERLAPPING_INTERIOR_MATCHED_WINDOW_CONTROL
20.000,30.000,4.65988633,False,OVERLAPPING_INTERIOR_MATCHED_WINDOW_CONTROL
21.000,31.000,4.65988633,False,OVERLAPPING_INTERIOR_MATCHED_WINDOW_CONTROL
22.000,32.000,4.65988633,False,OVERLAPPING_INTERIOR_MATCHED_WINDOW_CONTROL
23.000,33.000,4.65988633,False,OVERLAPPING_INTERIOR_MATCHED_WINDOW_CONTROL
24.000,34.000,4.65988633,False,OVERLAPPING_INTERIOR_MATCHED_WINDOW_CONTROL
25.000,35.000,4.65988633,False,OVERLAPPING_INTERIOR_MATCHED_WINDOW_CONTROL
26.000,36.000,4.65988633,False,OVERLAPPING_INTERIOR_MATCHED_WINDOW_CONTROL
27.000,37.000,4.65988633,False,OVERLAPPING_INTERIOR_MATCHED_WINDOW_CONTROL
28.000,38.000,4.65988633,False,OVERLAPPING_INTERIOR_MATCHED_WINDOW_CONTROL
29.000,39.000,4.65988633,False,OVERLAPPING_INTERIOR_MATCHED_WINDOW_CONTROL
30.000,40.000,6.43101224,True,OVERLAPPING_INTERIOR_MATCHED_WINDOW_CONTROL
31.000,41.000,6.43101224,True,OVERLAPPING_INTERIOR_MATCHED_WINDOW_CONTROL
32.000,42.000,6.43101224,True,OVERLAPPING_INTERIOR_MATCHED_WINDOW_CONTROL
33.000,43.000,6.43101224,True,OVERLAPPING_INTERIOR_MATCHED_WINDOW_CONTROL
34.000,44.000,6.43101224,True,OVERLAPPING_INTERIOR_MATCHED_WINDOW_CONTROL
35.000,45.000,6.43101224,True,OVERLAPPING_INTERIOR_MATCHED_WINDOW_CONTROL
36.000,46.000,6.43101224,True,OVERLAPPING_INTERIOR_MATCHED_WINDOW_CONTROL
37.000,47.000,6.43101224,True,OVERLAPPING_INTERIOR_MATCHED_WINDOW_CONTROL
38.000,48.000,6.43101224,True,OVERLAPPING_INTERIOR_MATCHED_WINDOW_CONTROL
39.000,49.000,6.43101224,True,OVERLAPPING_INTERIOR_MATCHED_WINDOW_CONTROL
40.000,50.000,4.79469065,False,OVERLAPPING_INTERIOR_MATCHED_WINDOW_CONTROL
41.000,51.000,4.64895702,False,OVERLAPPING_INTERIOR_MATCHED_WINDOW_CONTROL
42.000,52.000,4.64895702,False,OVERLAPPING_INTERIOR_MATCHED_WINDOW_CONTROL
43.000,53.000,4.64895702,False,OVERLAPPING_INTERIOR_MATCHED_WINDOW_CONTROL
44.000,54.000,4.64895702,False,OVERLAPPING_INTERIOR_MATCHED_WINDOW_CONTROL
45.000,55.000,4.64895702,False,OVERLAPPING_INTERIOR_MATCHED_WINDOW_CONTROL
46.000,56.000,4.64895702,False,OVERLAPPING_INTERIOR_MATCHED_WINDOW_CONTROL
47.000,57.000,4.64895702,False,OVERLAPPING_INTERIOR_MATCHED_WINDOW_CONTROL
48.000,58.000,4.64895702,False,OVERLAPPING_INTERIOR_MATCHED_WINDOW_CONTROL
49.000,59.000,4.64895702,False,OVERLAPPING_INTERIOR_MATCHED_WINDOW_CONTROL
50.000,60.000,5.88061753,True,OVERLAPPING_INTERIOR_MATCHED_WINDOW_CONTROL
51.000,61.000,5.88061753,True,OVERLAPPING_INTERIOR_MATCHED_WINDOW_CONTROL
52.000,62.000,5.88061753,True,OVERLAPPING_INTERIOR_MATCHED_WINDOW_CONTROL
53.000,63.000,5.88061753,True,OVERLAPPING_INTERIOR_MATCHED_WINDOW_CONTROL
54.000,64.000,5.88061753,True,OVERLAPPING_INTERIOR_MATCHED_WINDOW_CONTROL
55.000,65.000,5.88061753,True,OVERLAPPING_INTERIOR_MATCHED_WINDOW_CONTROL
56.000,66.000,5.88061753,True,OVERLAPPING_INTERIOR_MATCHED_WINDOW_CONTROL
57.000,67.000,5.88061753,True,OVERLAPPING_INTERIOR_MATCHED_WINDOW_CONTROL
58.000,68.000,5.88061753,True,OVERLAPPING_INTERIOR_MATCHED_WINDOW_CONTROL
59.000,69.000,5.88061753,True,OVERLAPPING_INTERIOR_MATCHED_WINDOW_CONTROL
60.000,70.000,5.83028516,True,OVERLAPPING_INTERIOR_MATCHED_WINDOW_CONTROL
61.000,71.000,5.83028516,True,OVERLAPPING_INTERIOR_MATCHED_WINDOW_CONTROL
62.000,72.000,5.83028516,True,OVERLAPPING_INTERIOR_MATCHED_WINDOW_CONTROL
63.000,73.000,5.83028516,True,OVERLAPPING_INTERIOR_MATCHED_WINDOW_CONTROL
64.000,74.000,5.83028516,True,OVERLAPPING_INTERIOR_MATCHED_WINDOW_CONTROL
65.000,75.000,5.83028516,True,OVERLAPPING_INTERIOR_MATCHED_WINDOW_CONTROL
66.000,76.000,5.83028516,True,OVERLAPPING_INTERIOR_MATCHED_WINDOW_CONTROL
67.000,77.000,5.83028516,True,OVERLAPPING_INTERIOR_MATCHED_WINDOW_CONTROL
68.000,78.000,5.83028516,True,OVERLAPPING_INTERIOR_MATCHED_WINDOW_CONTROL
69.000,79.000,5.83028516,True,OVERLAPPING_INTERIOR_MATCHED_WINDOW_CONTROL
70.000,80.000,5.84288381,True,OVERLAPPING_INTERIOR_MATCHED_WINDOW_CONTROL
71.000,81.000,5.84288381,True,OVERLAPPING_INTERIOR_MATCHED_WINDOW_CONTROL
72.000,82.000,5.84288381,True,OVERLAPPING_INTERIOR_MATCHED_WINDOW_CONTROL
73.000,83.000,5.84288381,True,OVERLAPPING_INTERIOR_MATCHED_WINDOW_CONTROL
74.000,84.000,5.84288381,True,OVERLAPPING_INTERIOR_MATCHED_WINDOW_CONTROL
75.000,85.000,5.84288381,True,OVERLAPPING_INTERIOR_MATCHED_WINDOW_CONTROL
76.000,86.000,5.84288381,True,OVERLAPPING_INTERIOR_MATCHED_WINDOW_CONTROL
77.000,87.000,5.84288381,True,OVERLAPPING_INTERIOR_MATCHED_WINDOW_CONTROL
78.000,88.000,5.84288381,True,OVERLAPPING_INTERIOR_MATCHED_WINDOW_CONTROL
79.000,89.000,5.84288381,True,OVERLAPPING_INTERIOR_MATCHED_WINDOW_CONTROL
80.000,90.000,7.01070018,True,OVERLAPPING_INTERIOR_MATCHED_WINDOW_CONTROL
81.000,91.000,7.01070018,True,OVERLAPPING_INTERIOR_MATCHED_WINDOW_CONTROL
82.000,92.000,7.01070018,True,OVERLAPPING_INTERIOR_MATCHED_WINDOW_CONTROL
83.000,93.000,7.01070018,True,OVERLAPPING_INTERIOR_MATCHED_WINDOW_CONTROL
84.000,94.000,7.01070018,True,OVERLAPPING_INTERIOR_MATCHED_WINDOW_CONTROL
85.000,95.000,7.01070018,True,OVERLAPPING_INTERIOR_MATCHED_WINDOW_CONTROL
86.000,96.000,7.01070018,True,OVERLAPPING_INTERIOR_MATCHED_WINDOW_CONTROL
87.000,97.000,7.01070018,True,OVERLAPPING_INTERIOR_MATCHED_WINDOW_CONTROL
88.000,98.000,7.01070018,True,OVERLAPPING_INTERIOR_MATCHED_WINDOW_CONTROL
89.000,99.000,7.01070018,True,OVERLAPPING_INTERIOR_MATCHED_WINDOW_CONTROL
90.000,100.000,5.28173839,False,OVERLAPPING_INTERIOR_MATCHED_WINDOW_CONTROL
91.000,101.000,5.28173839,False,OVERLAPPING_INTERIOR_MATCHED_WINDOW_CONTROL
92.000,102.000,5.28173839,False,OVERLAPPING_INTERIOR_MATCHED_WINDOW_CONTROL
93.000,103.000,5.28173839,False,OVERLAPPING_INTERIOR_MATCHED_WINDOW_CONTROL
94.000,104.000,5.28173839,False,OVERLAPPING_INTERIOR_MATCHED_WINDOW_CONTROL
95.000,105.000,5.28173839,False,OVERLAPPING_INTERIOR_MATCHED_WINDOW_CONTROL
96.000,106.000,5.28173839,False,OVERLAPPING_INTERIOR_MATCHED_WINDOW_CONTROL
97.000,107.000,5.28173839,False,OVERLAPPING_INTERIOR_MATCHED_WINDOW_CONTROL
98.000,108.000,5.28173839,False,OVERLAPPING_INTERIOR_MATCHED_WINDOW_CONTROL
99.000,109.000,6.92401695,True,OVERLAPPING_INTERIOR_MATCHED_WINDOW_CONTROL
100.000,110.000,7.43411331,True,OVERLAPPING_INTERIOR_MATCHED_WINDOW_CONTROL
101.000,111.000,7.43411331,True,OVERLAPPING_INTERIOR_MATCHED_WINDOW_CONTROL
102.000,112.000,7.43411331,True,OVERLAPPING_INTERIOR_MATCHED_WINDOW_CONTROL
103.000,113.000,7.43411331,True,OVERLAPPING_INTERIOR_MATCHED_WINDOW_CONTROL
104.000,114.000,7.43411331,True,OVERLAPPING_INTERIOR_MATCHED_WINDOW_CONTROL
105.000,115.000,7.43411331,True,OVERLAPPING_INTERIOR_MATCHED_WINDOW_CONTROL
106.000,116.000,7.43411331,True,OVERLAPPING_INTERIOR_MATCHED_WINDOW_CONTROL
107.000,117.000,7.43411331,True,OVERLAPPING_INTERIOR_MATCHED_WINDOW_CONTROL
108.000,118.000,7.43411331,True,OVERLAPPING_INTERIOR_MATCHED_WINDOW_CONTROL
109.000,119.000,7.43411331,True,OVERLAPPING_INTERIOR_MATCHED_WINDOW_CONTROL
110.000,120.000,7.72484759,True,OVERLAPPING_INTERIOR_MATCHED_WINDOW_CONTROL
111.000,121.000,7.72484759,True,OVERLAPPING_INTERIOR_MATCHED_WINDOW_CONTROL
112.000,122.000,7.72484759,True,OVERLAPPING_INTERIOR_MATCHED_WINDOW_CONTROL
113.000,123.000,7.72484759,True,OVERLAPPING_INTERIOR_MATCHED_WINDOW_CONTROL
114.000,124.000,7.72484759,True,OVERLAPPING_INTERIOR_MATCHED_WINDOW_CONTROL
115.000,125.000,7.72484759,True,OVERLAPPING_INTERIOR_MATCHED_WINDOW_CONTROL
116.000,126.000,7.72484759,True,OVERLAPPING_INTERIOR_MATCHED_WINDOW_CONTROL
117.000,127.000,7.72484759,True,OVERLAPPING_INTERIOR_MATCHED_WINDOW_CONTROL
118.000,128.000,7.72484759,True,OVERLAPPING_INTERIOR_MATCHED_WINDOW_CONTROL
119.000,129.000,7.72484759,True,OVERLAPPING_INTERIOR_MATCHED_WINDOW_CONTROL
120.000,130.000,7.6440772,True,OVERLAPPING_INTERIOR_MATCHED_WINDOW_CONTROL
121.000,131.000,7.6440772,True,OVERLAPPING_INTERIOR_MATCHED_WINDOW_CONTROL
122.000,132.000,7.6440772,True,OVERLAPPING_INTERIOR_MATCHED_WINDOW_CONTROL
123.000,133.000,7.6440772,True,OVERLAPPING_INTERIOR_MATCHED_WINDOW_CONTROL
124.000,134.000,7.6440772,True,OVERLAPPING_INTERIOR_MATCHED_WINDOW_CONTROL
125.000,135.000,7.6440772,True,OVERLAPPING_INTERIOR_MATCHED_WINDOW_CONTROL
126.000,136.000,7.6440772,True,OVERLAPPING_INTERIOR_MATCHED_WINDOW_CONTROL
127.000,137.000,7.6440772,True,OVERLAPPING_INTERIOR_MATCHED_WINDOW_CONTROL
128.000,138.000,7.6440772,True,OVERLAPPING_INTERIOR_MATCHED_WINDOW_CONTROL
129.000,139.000,7.98173249,True,OVERLAPPING_INTERIOR_MATCHED_WINDOW_CONTROL
130.000,140.000,8.17828456,True,OVERLAPPING_INTERIOR_MATCHED_WINDOW_CONTROL
131.000,141.000,8.17828456,True,OVERLAPPING_INTERIOR_MATCHED_WINDOW_CONTROL
132.000,142.000,8.17828456,True,OVERLAPPING_INTERIOR_MATCHED_WINDOW_CONTROL
133.000,143.000,8.17828456,True,OVERLAPPING_INTERIOR_MATCHED_WINDOW_CONTROL
134.000,144.000,8.17828456,True,OVERLAPPING_INTERIOR_MATCHED_WINDOW_CONTROL
135.000,145.000,8.17828456,True,OVERLAPPING_INTERIOR_MATCHED_WINDOW_CONTROL
136.000,146.000,8.17828456,True,OVERLAPPING_INTERIOR_MATCHED_WINDOW_CONTROL
137.000,147.000,8.17828456,True,OVERLAPPING_INTERIOR_MATCHED_WINDOW_CONTROL
138.000,148.000,8.17828456,True,OVERLAPPING_INTERIOR_MATCHED_WINDOW_CONTROL
139.000,149.000,9.33225105,True,OVERLAPPING_INTERIOR_MATCHED_WINDOW_CONTROL
140.000,150.000,9.43575595,True,OVERLAPPING_INTERIOR_MATCHED_WINDOW_CONTROL
141.000,151.000,9.43575595,True,OVERLAPPING_INTERIOR_MATCHED_WINDOW_CONTROL
142.000,152.000,9.43575595,True,OVERLAPPING_INTERIOR_MATCHED_WINDOW_CONTROL
143.000,153.000,9.43575595,True,OVERLAPPING_INTERIOR_MATCHED_WINDOW_CONTROL
144.000,154.000,9.43575595,True,OVERLAPPING_INTERIOR_MATCHED_WINDOW_CONTROL
145.000,155.000,9.43575595,True,OVERLAPPING_INTERIOR_MATCHED_WINDOW_CONTROL
146.000,156.000,9.43575595,True,OVERLAPPING_INTERIOR_MATCHED_WINDOW_CONTROL
147.000,157.000,9.43575595,True,OVERLAPPING_INTERIOR_MATCHED_WINDOW_CONTROL
148.000,158.000,9.43575595,True,OVERLAPPING_INTERIOR_MATCHED_WINDOW_CONTROL
149.000,159.000,9.43575595,True,OVERLAPPING_INTERIOR_MATCHED_WINDOW_CONTROL
150.000,160.000,8.73344223,True,OVERLAPPING_INTERIOR_MATCHED_WINDOW_CONTROL
151.000,161.000,8.73344223,True,OVERLAPPING_INTERIOR_MATCHED_WINDOW_CONTROL
152.000,162.000,8.73344223,True,OVERLAPPING_INTERIOR_MATCHED_WINDOW_CONTROL
153.000,163.000,8.73344223,True,OVERLAPPING_INTERIOR_MATCHED_WINDOW_CONTROL
154.000,164.000,8.73344223,True,OVERLAPPING_INTERIOR_MATCHED_WINDOW_CONTROL
155.000,165.000,8.73344223,True,OVERLAPPING_INTERIOR_MATCHED_WINDOW_CONTROL
156.000,166.000,8.73344223,True,OVERLAPPING_INTERIOR_MATCHED_WINDOW_CONTROL
157.000,167.000,8.73344223,True,OVERLAPPING_INTERIOR_MATCHED_WINDOW_CONTROL
158.000,168.000,8.73344223,True,OVERLAPPING_INTERIOR_MATCHED_WINDOW_CONTROL
159.000,169.000,13.6850482,True,OVERLAPPING_INTERIOR_MATCHED_WINDOW_CONTROL
160.000,170.000,13.6850482,True,OVERLAPPING_INTERIOR_MATCHED_WINDOW_CONTROL
161.000,171.000,13.6850482,True,OVERLAPPING_INTERIOR_MATCHED_WINDOW_CONTROL
162.000,172.000,13.6850482,True,OVERLAPPING_INTERIOR_MATCHED_WINDOW_CONTROL
163.000,173.000,13.6850482,True,OVERLAPPING_INTERIOR_MATCHED_WINDOW_CONTROL
164.000,174.000,13.6850482,True,OVERLAPPING_INTERIOR_MATCHED_WINDOW_CONTROL
165.000,175.000,13.6850482,True,OVERLAPPING_INTERIOR_MATCHED_WINDOW_CONTROL
166.000,176.000,13.6850482,True,OVERLAPPING_INTERIOR_MATCHED_WINDOW_CONTROL
167.000,177.000,13.6850482,True,OVERLAPPING_INTERIOR_MATCHED_WINDOW_CONTROL
168.000,178.000,13.6850482,True,OVERLAPPING_INTERIOR_MATCHED_WINDOW_CONTROL
169.000,179.000,13.6850482,True,OVERLAPPING_INTERIOR_MATCHED_WINDOW_CONTROL
170.000,180.000,8.4557898,True,OVERLAPPING_INTERIOR_MATCHED_WINDOW_CONTROL
171.000,181.000,8.4557898,True,OVERLAPPING_INTERIOR_MATCHED_WINDOW_CONTROL
172.000,182.000,8.4557898,True,OVERLAPPING_INTERIOR_MATCHED_WINDOW_CONTROL
173.000,183.000,8.4557898,True,OVERLAPPING_INTERIOR_MATCHED_WINDOW_CONTROL
174.000,184.000,8.4557898,True,OVERLAPPING_INTERIOR_MATCHED_WINDOW_CONTROL
175.000,185.000,8.4557898,True,OVERLAPPING_INTERIOR_MATCHED_WINDOW_CONTROL
176.000,186.000,8.4557898,True,OVERLAPPING_INTERIOR_MATCHED_WINDOW_CONTROL
177.000,187.000,8.4557898,True,OVERLAPPING_INTERIOR_MATCHED_WINDOW_CONTROL
178.000,188.000,8.4557898,True,OVERLAPPING_INTERIOR_MATCHED_WINDOW_CONTROL
179.000,189.000,8.83346033,True,OVERLAPPING_INTERIOR_MATCHED_WINDOW_CONTROL
180.000,190.000,8.83346033,True,OVERLAPPING_INTERIOR_MATCHED_WINDOW_CONTROL
181.000,191.000,8.83346033,True,OVERLAPPING_INTERIOR_MATCHED_WINDOW_CONTROL
182.000,192.000,8.83346033,True,OVERLAPPING_INTERIOR_MATCHED_WINDOW_CONTROL
183.000,193.000,8.83346033,True,OVERLAPPING_INTERIOR_MATCHED_WINDOW_CONTROL
184.000,194.000,8.83346033,True,OVERLAPPING_INTERIOR_MATCHED_WINDOW_CONTROL
185.000,195.000,8.83346033,True,OVERLAPPING_INTERIOR_MATCHED_WINDOW_CONTROL
186.000,196.000,8.83346033,True,OVERLAPPING_INTERIOR_MATCHED_WINDOW_CONTROL
187.000,197.000,8.83346033,True,OVERLAPPING_INTERIOR_MATCHED_WINDOW_CONTROL
188.000,198.000,8.83346033,True,OVERLAPPING_INTERIOR_MATCHED_WINDOW_CONTROL
189.000,199.000,10.7444694,True,OVERLAPPING_INTERIOR_MATCHED_WINDOW_CONTROL
190.000,200.000,10.7444694,True,OVERLAPPING_INTERIOR_MATCHED_WINDOW_CONTROL
191.000,201.000,10.7444694,True,OVERLAPPING_INTERIOR_MATCHED_WINDOW_CONTROL
192.000,202.000,10.7444694,True,OVERLAPPING_INTERIOR_MATCHED_WINDOW_CONTROL
193.000,203.000,10.7444694,True,OVERLAPPING_INTERIOR_MATCHED_WINDOW_CONTROL
194.000,204.000,10.7444694,True,OVERLAPPING_INTERIOR_MATCHED_WINDOW_CONTROL
195.000,205.000,10.7444694,True,OVERLAPPING_INTERIOR_MATCHED_WINDOW_CONTROL
196.000,206.000,10.7444694,True,OVERLAPPING_INTERIOR_MATCHED_WINDOW_CONTROL
197.000,207.000,10.7444694,True,OVERLAPPING_INTERIOR_MATCHED_WINDOW_CONTROL
198.000,208.000,10.7444694,True,OVERLAPPING_INTERIOR_MATCHED_WINDOW_CONTROL
199.000,209.000,10.1992029,True,OVERLAPPING_INTERIOR_MATCHED_WINDOW_CONTROL
200.000,210.000,10.1992029,True,OVERLAPPING_INTERIOR_MATCHED_WINDOW_CONTROL
201.000,211.000,10.1992029,True,OVERLAPPING_INTERIOR_MATCHED_WINDOW_CONTROL
202.000,212.000,10.1992029,True,OVERLAPPING_INTERIOR_MATCHED_WINDOW_CONTROL
203.000,213.000,10.1992029,True,OVERLAPPING_INTERIOR_MATCHED_WINDOW_CONTROL
204.000,214.000,10.1992029,True,OVERLAPPING_INTERIOR_MATCHED_WINDOW_CONTROL
205.000,215.000,10.1992029,True,OVERLAPPING_INTERIOR_MATCHED_WINDOW_CONTROL
206.000,216.000,10.1992029,True,OVERLAPPING_INTERIOR_MATCHED_WINDOW_CONTROL
207.000,217.000,10.1992029,True,OVERLAPPING_INTERIOR_MATCHED_WINDOW_CONTROL
208.000,218.000,10.1992029,True,OVERLAPPING_INTERIOR_MATCHED_WINDOW_CONTROL
209.000,219.000,9.96116642,True,OVERLAPPING_INTERIOR_MATCHED_WINDOW_CONTROL
210.000,220.000,9.96116642,True,OVERLAPPING_INTERIOR_MATCHED_WINDOW_CONTROL
211.000,221.000,9.96116642,True,OVERLAPPING_INTERIOR_MATCHED_WINDOW_CONTROL
212.000,222.000,9.96116642,True,OVERLAPPING_INTERIOR_MATCHED_WINDOW_CONTROL
213.000,223.000,9.96116642,True,OVERLAPPING_INTERIOR_MATCHED_WINDOW_CONTROL
214.000,224.000,9.96116642,True,OVERLAPPING_INTERIOR_MATCHED_WINDOW_CONTROL
215.000,225.000,9.96116642,True,OVERLAPPING_INTERIOR_MATCHED_WINDOW_CONTROL
216.000,226.000,9.96116642,True,OVERLAPPING_INTERIOR_MATCHED_WINDOW_CONTROL
217.000,227.000,9.96116642,True,OVERLAPPING_INTERIOR_MATCHED_WINDOW_CONTROL
218.000,228.000,9.96116642,True,OVERLAPPING_INTERIOR_MATCHED_WINDOW_CONTROL
219.000,229.000,13.5852296,True,OVERLAPPING_INTERIOR_MATCHED_WINDOW_CONTROL
220.000,230.000,13.5852296,True,OVERLAPPING_INTERIOR_MATCHED_WINDOW_CONTROL
221.000,231.000,13.5852296,True,OVERLAPPING_INTERIOR_MATCHED_WINDOW_CONTROL
222.000,232.000,13.5852296,True,OVERLAPPING_INTERIOR_MATCHED_WINDOW_CONTROL
223.000,233.000,13.5852296,True,OVERLAPPING_INTERIOR_MATCHED_WINDOW_CONTROL
224.000,234.000,13.5852296,True,OVERLAPPING_INTERIOR_MATCHED_WINDOW_CONTROL
225.000,235.000,13.5852296,True,OVERLAPPING_INTERIOR_MATCHED_WINDOW_CONTROL
226.000,236.000,13.5852296,True,OVERLAPPING_INTERIOR_MATCHED_WINDOW_CONTROL
227.000,237.000,13.5852296,True,OVERLAPPING_INTERIOR_MATCHED_WINDOW_CONTROL
228.000,238.000,13.5852296,True,OVERLAPPING_INTERIOR_MATCHED_WINDOW_CONTROL
229.000,239.000,11.8534983,True,OVERLAPPING_INTERIOR_MATCHED_WINDOW_CONTROL
230.000,240.000,9.88722356,True,OVERLAPPING_INTERIOR_MATCHED_WINDOW_CONTROL
231.000,241.000,9.88722356,True,OVERLAPPING_INTERIOR_MATCHED_WINDOW_CONTROL
232.000,242.000,9.88722356,True,OVERLAPPING_INTERIOR_MATCHED_WINDOW_CONTROL
233.000,243.000,9.88722356,True,OVERLAPPING_INTERIOR_MATCHED_WINDOW_CONTROL
234.000,244.000,9.88722356,True,OVERLAPPING_INTERIOR_MATCHED_WINDOW_CONTROL
235.000,245.000,9.88722356,True,OVERLAPPING_INTERIOR_MATCHED_WINDOW_CONTROL
236.000,246.000,9.88722356,True,OVERLAPPING_INTERIOR_MATCHED_WINDOW_CONTROL
237.000,247.000,9.88722356,True,OVERLAPPING_INTERIOR_MATCHED_WINDOW_CONTROL
238.000,248.000,9.88722356,True,OVERLAPPING_INTERIOR_MATCHED_WINDOW_CONTROL
239.000,249.000,11.2883198,True,OVERLAPPING_INTERIOR_MATCHED_WINDOW_CONTROL
240.000,250.000,11.2883198,True,OVERLAPPING_INTERIOR_MATCHED_WINDOW_CONTROL
241.000,251.000,11.2883198,True,OVERLAPPING_INTERIOR_MATCHED_WINDOW_CONTROL
242.000,252.000,11.2883198,True,OVERLAPPING_INTERIOR_MATCHED_WINDOW_CONTROL
243.000,253.000,11.2883198,True,OVERLAPPING_INTERIOR_MATCHED_WINDOW_CONTROL
244.000,254.000,11.2883198,True,OVERLAPPING_INTERIOR_MATCHED_WINDOW_CONTROL
245.000,255.000,11.2883198,True,OVERLAPPING_INTERIOR_MATCHED_WINDOW_CONTROL
246.000,256.000,11.2883198,True,OVERLAPPING_INTERIOR_MATCHED_WINDOW_CONTROL
247.000,257.000,11.2883198,True,OVERLAPPING_INTERIOR_MATCHED_WINDOW_CONTROL
248.000,258.000,11.2883198,True,OVERLAPPING_INTERIOR_MATCHED_WINDOW_CONTROL
249.000,259.000,11.155279,True,OVERLAPPING_INTERIOR_MATCHED_WINDOW_CONTROL
250.000,260.000,11.155279,True,OVERLAPPING_INTERIOR_MATCHED_WINDOW_CONTROL
251.000,261.000,11.155279,True,OVERLAPPING_INTERIOR_MATCHED_WINDOW_CONTROL
252.000,262.000,11.155279,True,OVERLAPPING_INTERIOR_MATCHED_WINDOW_CONTROL
253.000,263.000,11.155279,True,OVERLAPPING_INTERIOR_MATCHED_WINDOW_CONTROL
254.000,264.000,11.155279,True,OVERLAPPING_INTERIOR_MATCHED_WINDOW_CONTROL
255.000,265.000,11.155279,True,OVERLAPPING_INTERIOR_MATCHED_WINDOW_CONTROL
256.000,266.000,11.155279,True,OVERLAPPING_INTERIOR_MATCHED_WINDOW_CONTROL
257.000,267.000,11.155279,True,OVERLAPPING_INTERIOR_MATCHED_WINDOW_CONTROL
258.000,268.000,11.155279,True,OVERLAPPING_INTERIOR_MATCHED_WINDOW_CONTROL
259.000,269.000,12.3014597,True,OVERLAPPING_INTERIOR_MATCHED_WINDOW_CONTROL
260.000,270.000,12.3014597,True,OVERLAPPING_INTERIOR_MATCHED_WINDOW_CONTROL
261.000,271.000,12.3014597,True,OVERLAPPING_INTERIOR_MATCHED_WINDOW_CONTROL
262.000,272.000,12.3014597,True,OVERLAPPING_INTERIOR_MATCHED_WINDOW_CONTROL
263.000,273.000,12.3014597,True,OVERLAPPING_INTERIOR_MATCHED_WINDOW_CONTROL
264.000,274.000,12.3014597,True,OVERLAPPING_INTERIOR_MATCHED_WINDOW_CONTROL
265.000,275.000,12.3014597,True,OVERLAPPING_INTERIOR_MATCHED_WINDOW_CONTROL
266.000,276.000,12.3014597,True,OVERLAPPING_INTERIOR_MATCHED_WINDOW_CONTROL
267.000,277.000,12.3014597,True,OVERLAPPING_INTERIOR_MATCHED_WINDOW_CONTROL
268.000,278.000,12.3014597,True,OVERLAPPING_INTERIOR_MATCHED_WINDOW_CONTROL
269.000,279.000,9.40498175,True,OVERLAPPING_INTERIOR_MATCHED_WINDOW_CONTROL
270.000,280.000,8.79725148,True,OVERLAPPING_INTERIOR_MATCHED_WINDOW_CONTROL
271.000,281.000,8.79725148,True,OVERLAPPING_INTERIOR_MATCHED_WINDOW_CONTROL
272.000,282.000,8.79725148,True,OVERLAPPING_INTERIOR_MATCHED_WINDOW_CONTROL
273.000,283.000,8.79725148,True,OVERLAPPING_INTERIOR_MATCHED_WINDOW_CONTROL
274.000,284.000,8.79725148,True,OVERLAPPING_INTERIOR_MATCHED_WINDOW_CONTROL
275.000,285.000,8.79725148,True,OVERLAPPING_INTERIOR_MATCHED_WINDOW_CONTROL
276.000,286.000,8.79725148,True,OVERLAPPING_INTERIOR_MATCHED_WINDOW_CONTROL
277.000,287.000,8.79725148,True,OVERLAPPING_INTERIOR_MATCHED_WINDOW_CONTROL
278.000,288.000,8.79725148,True,OVERLAPPING_INTERIOR_MATCHED_WINDOW_CONTROL
279.000,289.000,13.129345,True,OVERLAPPING_INTERIOR_MATCHED_WINDOW_CONTROL
280.000,290.000,13.129345,True,OVERLAPPING_INTERIOR_MATCHED_WINDOW_CONTROL
281.000,291.000,13.129345,True,OVERLAPPING_INTERIOR_MATCHED_WINDOW_CONTROL
282.000,292.000,13.129345,True,OVERLAPPING_INTERIOR_MATCHED_WINDOW_CONTROL
283.000,293.000,13.129345,True,OVERLAPPING_INTERIOR_MATCHED_WINDOW_CONTROL
284.000,294.000,13.129345,True,OVERLAPPING_INTERIOR_MATCHED_WINDOW_CONTROL
285.000,295.000,13.129345,True,OVERLAPPING_INTERIOR_MATCHED_WINDOW_CONTROL
286.000,296.000,13.129345,True,OVERLAPPING_INTERIOR_MATCHED_WINDOW_CONTROL
287.000,297.000,13.129345,True,OVERLAPPING_INTERIOR_MATCHED_WINDOW_CONTROL
288.000,298.000,13.129345,True,OVERLAPPING_INTERIOR_MATCHED_WINDOW_CONTROL
289.000,299.000,11.052324,True,OVERLAPPING_INTERIOR_MATCHED_WINDOW_CONTROL
290.000,300.000,9.54140306,True,OVERLAPPING_INTERIOR_MATCHED_WINDOW_CONTROL
291.000,301.000,9.54140306,True,OVERLAPPING_INTERIOR_MATCHED_WINDOW_CONTROL
292.000,302.000,9.54140306,True,OVERLAPPING_INTERIOR_MATCHED_WINDOW_CONTROL
293.000,303.000,9.54140306,True,OVERLAPPING_INTERIOR_MATCHED_WINDOW_CONTROL
294.000,304.000,9.54140306,True,OVERLAPPING_INTERIOR_MATCHED_WINDOW_CONTROL
295.000,305.000,9.54140306,True,OVERLAPPING_INTERIOR_MATCHED_WINDOW_CONTROL
296.000,306.000,9.54140306,True,OVERLAPPING_INTERIOR_MATCHED_WINDOW_CONTROL
297.000,307.000,9.54140306,True,OVERLAPPING_INTERIOR_MATCHED_WINDOW_CONTROL
298.000,308.000,9.54140306,True,OVERLAPPING_INTERIOR_MATCHED_WINDOW_CONTROL
299.000,309.000,12.6280696,True,OVERLAPPING_INTERIOR_MATCHED_WINDOW_CONTROL
300.000,310.000,12.6280696,True,OVERLAPPING_INTERIOR_MATCHED_WINDOW_CONTROL
301.000,311.000,12.6280696,True,OVERLAPPING_INTERIOR_MATCHED_WINDOW_CONTROL
302.000,312.000,12.6280696,True,OVERLAPPING_INTERIOR_MATCHED_WINDOW_CONTROL
303.000,313.000,12.6280696,True,OVERLAPPING_INTERIOR_MATCHED_WINDOW_CONTROL
304.000,314.000,12.6280696,True,OVERLAPPING_INTERIOR_MATCHED_WINDOW_CONTROL
305.000,315.000,12.6280696,True,OVERLAPPING_INTERIOR_MATCHED_WINDOW_CONTROL
306.000,316.000,12.6280696,True,OVERLAPPING_INTERIOR_MATCHED_WINDOW_CONTROL
307.000,317.000,12.6280696,True,OVERLAPPING_INTERIOR_MATCHED_WINDOW_CONTROL
308.000,318.000,12.6280696,True,OVERLAPPING_INTERIOR_MATCHED_WINDOW_CONTROL
309.000,319.000,12.4485078,True,OVERLAPPING_INTERIOR_MATCHED_WINDOW_CONTROL
310.000,320.000,10.7076066,True,OVERLAPPING_INTERIOR_MATCHED_WINDOW_CONTROL
311.000,321.000,10.7076066,True,OVERLAPPING_INTERIOR_MATCHED_WINDOW_CONTROL
312.000,322.000,10.7076066,True,OVERLAPPING_INTERIOR_MATCHED_WINDOW_CONTROL
313.000,323.000,10.7076066,True,OVERLAPPING_INTERIOR_MATCHED_WINDOW_CONTROL
314.000,324.000,10.7076066,True,OVERLAPPING_INTERIOR_MATCHED_WINDOW_CONTROL
315.000,325.000,10.7076066,True,OVERLAPPING_INTERIOR_MATCHED_WINDOW_CONTROL
316.000,326.000,10.7076066,True,OVERLAPPING_INTERIOR_MATCHED_WINDOW_CONTROL
317.000,327.000,10.7076066,True,OVERLAPPING_INTERIOR_MATCHED_WINDOW_CONTROL
318.000,328.000,10.7076066,True,OVERLAPPING_INTERIOR_MATCHED_WINDOW_CONTROL
319.000,329.000,11.3084729,True,OVERLAPPING_INTERIOR_MATCHED_WINDOW_CONTROL
320.000,330.000,11.3084729,True,OVERLAPPING_INTERIOR_MATCHED_WINDOW_CONTROL
321.000,331.000,11.3084729,True,OVERLAPPING_INTERIOR_MATCHED_WINDOW_CONTROL
322.000,332.000,11.3084729,True,OVERLAPPING_INTERIOR_MATCHED_WINDOW_CONTROL
323.000,333.000,11.3084729,True,OVERLAPPING_INTERIOR_MATCHED_WINDOW_CONTROL
324.000,334.000,11.3084729,True,OVERLAPPING_INTERIOR_MATCHED_WINDOW_CONTROL
325.000,335.000,11.3084729,True,OVERLAPPING_INTERIOR_MATCHED_WINDOW_CONTROL
326.000,336.000,11.3084729,True,OVERLAPPING_INTERIOR_MATCHED_WINDOW_CONTROL
327.000,337.000,11.3084729,True,OVERLAPPING_INTERIOR_MATCHED_WINDOW_CONTROL
328.000,338.000,11.3084729,True,OVERLAPPING_INTERIOR_MATCHED_WINDOW_CONTROL
329.000,339.000,10.4140567,True,OVERLAPPING_INTERIOR_MATCHED_WINDOW_CONTROL
330.000,340.000,10.4140567,True,OVERLAPPING_INTERIOR_MATCHED_WINDOW_CONTROL
331.000,341.000,10.4140567,True,OVERLAPPING_INTERIOR_MATCHED_WINDOW_CONTROL
332.000,342.000,10.4140567,True,OVERLAPPING_INTERIOR_MATCHED_WINDOW_CONTROL
333.000,343.000,10.4140567,True,OVERLAPPING_INTERIOR_MATCHED_WINDOW_CONTROL
334.000,344.000,10.4140567,True,OVERLAPPING_INTERIOR_MATCHED_WINDOW_CONTROL
335.000,345.000,10.4140567,True,OVERLAPPING_INTERIOR_MATCHED_WINDOW_CONTROL
336.000,346.000,10.4140567,True,OVERLAPPING_INTERIOR_MATCHED_WINDOW_CONTROL
337.000,347.000,10.4140567,True,OVERLAPPING_INTERIOR_MATCHED_WINDOW_CONTROL
338.000,348.000,10.4140567,True,OVERLAPPING_INTERIOR_MATCHED_WINDOW_CONTROL
339.000,349.000,9.53364045,True,OVERLAPPING_INTERIOR_MATCHED_WINDOW_CONTROL
340.000,350.000,9.21389811,True,OVERLAPPING_INTERIOR_MATCHED_WINDOW_CONTROL
341.000,351.000,9.21389811,True,OVERLAPPING_INTERIOR_MATCHED_WINDOW_CONTROL
342.000,352.000,9.21389811,True,OVERLAPPING_INTERIOR_MATCHED_WINDOW_CONTROL
343.000,353.000,9.21389811,True,OVERLAPPING_INTERIOR_MATCHED_WINDOW_CONTROL
344.000,354.000,9.21389811,True,OVERLAPPING_INTERIOR_MATCHED_WINDOW_CONTROL
345.000,355.000,9.21389811,True,OVERLAPPING_INTERIOR_MATCHED_WINDOW_CONTROL
346.000,356.000,9.21389811,True,OVERLAPPING_INTERIOR_MATCHED_WINDOW_CONTROL
347.000,357.000,9.21389811,True,OVERLAPPING_INTERIOR_MATCHED_WINDOW_CONTROL
348.000,358.000,9.21389811,True,OVERLAPPING_INTERIOR_MATCHED_WINDOW_CONTROL
349.000,359.000,5.98732055,True,OVERLAPPING_INTERIOR_MATCHED_WINDOW_CONTROL
350.000,360.000,5.98732055,True,OVERLAPPING_INTERIOR_MATCHED_WINDOW_CONTROL
351.000,361.000,5.98732055,True,OVERLAPPING_INTERIOR_MATCHED_WINDOW_CONTROL
352.000,362.000,5.98732055,True,OVERLAPPING_INTERIOR_MATCHED_WINDOW_CONTROL
353.000,363.000,5.98732055,True,OVERLAPPING_INTERIOR_MATCHED_WINDOW_CONTROL
354.000,364.000,5.98732055,True,OVERLAPPING_INTERIOR_MATCHED_WINDOW_CONTROL
355.000,365.000,5.98732055,True,OVERLAPPING_INTERIOR_MATCHED_WINDOW_CONTROL
356.000,366.000,5.98732055,True,OVERLAPPING_INTERIOR_MATCHED_WINDOW_CONTROL
357.000,367.000,5.98732055,True,OVERLAPPING_INTERIOR_MATCHED_WINDOW_CONTROL
358.000,368.000,5.98732055,True,OVERLAPPING_INTERIOR_MATCHED_WINDOW_CONTROL
359.000,369.000,5.85545305,True,OVERLAPPING_INTERIOR_MATCHED_WINDOW_CONTROL
360.000,370.000,5.85545305,True,OVERLAPPING_INTERIOR_MATCHED_WINDOW_CONTROL
361.000,371.000,5.85545305,True,OVERLAPPING_INTERIOR_MATCHED_WINDOW_CONTROL
362.000,372.000,5.85545305,True,OVERLAPPING_INTERIOR_MATCHED_WINDOW_CONTROL
363.000,373.000,5.85545305,True,OVERLAPPING_INTERIOR_MATCHED_WINDOW_CONTROL
364.000,374.000,5.85545305,True,OVERLAPPING_INTERIOR_MATCHED_WINDOW_CONTROL
365.000,375.000,5.85545305,True,OVERLAPPING_INTERIOR_MATCHED_WINDOW_CONTROL
366.000,376.000,5.85545305,True,OVERLAPPING_INTERIOR_MATCHED_WINDOW_CONTROL
367.000,377.000,5.85545305,True,OVERLAPPING_INTERIOR_MATCHED_WINDOW_CONTROL
368.000,378.000,5.85545305,True,OVERLAPPING_INTERIOR_MATCHED_WINDOW_CONTROL
369.000,379.000,5.79486798,True,OVERLAPPING_INTERIOR_MATCHED_WINDOW_CONTROL
370.000,380.000,5.79486798,True,OVERLAPPING_INTERIOR_MATCHED_WINDOW_CONTROL
371.000,381.000,5.79486798,True,OVERLAPPING_INTERIOR_MATCHED_WINDOW_CONTROL
372.000,382.000,5.79486798,True,OVERLAPPING_INTERIOR_MATCHED_WINDOW_CONTROL
373.000,383.000,5.79486798,True,OVERLAPPING_INTERIOR_MATCHED_WINDOW_CONTROL
374.000,384.000,5.79486798,True,OVERLAPPING_INTERIOR_MATCHED_WINDOW_CONTROL
375.000,385.000,5.79486798,True,OVERLAPPING_INTERIOR_MATCHED_WINDOW_CONTROL
376.000,386.000,5.79486798,True,OVERLAPPING_INTERIOR_MATCHED_WINDOW_CONTROL
377.000,387.000,5.79486798,True,OVERLAPPING_INTERIOR_MATCHED_WINDOW_CONTROL
378.000,388.000,5.79486798,True,OVERLAPPING_INTERIOR_MATCHED_WINDOW_CONTROL
379.000,389.000,7.11744492,True,OVERLAPPING_INTERIOR_MATCHED_WINDOW_CONTROL
380.000,390.000,7.11744492,True,OVERLAPPING_INTERIOR_MATCHED_WINDOW_CONTROL
381.000,391.000,7.11744492,True,OVERLAPPING_INTERIOR_MATCHED_WINDOW_CONTROL
382.000,392.000,7.11744492,True,OVERLAPPING_INTERIOR_MATCHED_WINDOW_CONTROL
383.000,393.000,7.11744492,True,OVERLAPPING_INTERIOR_MATCHED_WINDOW_CONTROL
384.000,394.000,7.11744492,True,OVERLAPPING_INTERIOR_MATCHED_WINDOW_CONTROL
385.000,395.000,7.11744492,True,OVERLAPPING_INTERIOR_MATCHED_WINDOW_CONTROL
386.000,396.000,7.11744492,True,OVERLAPPING_INTERIOR_MATCHED_WINDOW_CONTROL
387.000,397.000,7.11744492,True,OVERLAPPING_INTERIOR_MATCHED_WINDOW_CONTROL
388.000,398.000,7.11744492,True,OVERLAPPING_INTERIOR_MATCHED_WINDOW_CONTROL
389.000,399.000,5.99008772,True,OVERLAPPING_INTERIOR_MATCHED_WINDOW_CONTROL
390.000,400.000,5.99008772,True,OVERLAPPING_INTERIOR_MATCHED_WINDOW_CONTROL
391.000,401.000,5.99008772,True,OVERLAPPING_INTERIOR_MATCHED_WINDOW_CONTROL
392.000,402.000,5.99008772,True,OVERLAPPING_INTERIOR_MATCHED_WINDOW_CONTROL
393.000,403.000,5.99008772,True,OVERLAPPING_INTERIOR_MATCHED_WINDOW_CONTROL
394.000,404.000,5.99008772,True,OVERLAPPING_INTERIOR_MATCHED_WINDOW_CONTROL
395.000,405.000,5.99008772,True,OVERLAPPING_INTERIOR_MATCHED_WINDOW_CONTROL
396.000,406.000,5.99008772,True,OVERLAPPING_INTERIOR_MATCHED_WINDOW_CONTROL
397.000,407.000,5.99008772,True,OVERLAPPING_INTERIOR_MATCHED_WINDOW_CONTROL
398.000,408.000,5.99008772,True,OVERLAPPING_INTERIOR_MATCHED_WINDOW_CONTROL
399.000,409.000,5.18654407,False,OVERLAPPING_INTERIOR_MATCHED_WINDOW_CONTROL
400.000,410.000,5.18654407,False,OVERLAPPING_INTERIOR_MATCHED_WINDOW_CONTROL
401.000,411.000,5.18654407,False,OVERLAPPING_INTERIOR_MATCHED_WINDOW_CONTROL
402.000,412.000,5.18654407,False,OVERLAPPING_INTERIOR_MATCHED_WINDOW_CONTROL
403.000,413.000,5.18654407,False,OVERLAPPING_INTERIOR_MATCHED_WINDOW_CONTROL
404.000,414.000,5.18654407,False,OVERLAPPING_INTERIOR_MATCHED_WINDOW_CONTROL
405.000,415.000,5.18654407,False,OVERLAPPING_INTERIOR_MATCHED_WINDOW_CONTROL
406.000,416.000,5.18654407,False,OVERLAPPING_INTERIOR_MATCHED_WINDOW_CONTROL
407.000,417.000,5.18654407,False,OVERLAPPING_INTERIOR_MATCHED_WINDOW_CONTROL
408.000,418.000,5.18654407,False,OVERLAPPING_INTERIOR_MATCHED_WINDOW_CONTROL
409.000,419.000,5.75230698,True,OVERLAPPING_INTERIOR_MATCHED_WINDOW_CONTROL
410.000,420.000,5.75230698,True,OVERLAPPING_INTERIOR_MATCHED_WINDOW_CONTROL
411.000,421.000,5.75230698,True,OVERLAPPING_INTERIOR_MATCHED_WINDOW_CONTROL
412.000,422.000,5.75230698,True,OVERLAPPING_INTERIOR_MATCHED_WINDOW_CONTROL
413.000,423.000,5.75230698,True,OVERLAPPING_INTERIOR_MATCHED_WINDOW_CONTROL
414.000,424.000,5.75230698,True,OVERLAPPING_INTERIOR_MATCHED_WINDOW_CONTROL
415.000,425.000,5.75230698,True,OVERLAPPING_INTERIOR_MATCHED_WINDOW_CONTROL
416.000,426.000,5.75230698,True,OVERLAPPING_INTERIOR_MATCHED_WINDOW_CONTROL
417.000,427.000,5.75230698,True,OVERLAPPING_INTERIOR_MATCHED_WINDOW_CONTROL
418.000,428.000,5.75230698,True,OVERLAPPING_INTERIOR_MATCHED_WINDOW_CONTROL
419.000,429.000,4.29560923,False,OVERLAPPING_INTERIOR_MATCHED_WINDOW_CONTROL
420.000,430.000,4.29560923,False,OVERLAPPING_INTERIOR_MATCHED_WINDOW_CONTROL
421.000,431.000,4.29560923,False,OVERLAPPING_INTERIOR_MATCHED_WINDOW_CONTROL
422.000,432.000,4.29560923,False,OVERLAPPING_INTERIOR_MATCHED_WINDOW_CONTROL
423.000,433.000,4.29560923,False,OVERLAPPING_INTERIOR_MATCHED_WINDOW_CONTROL
424.000,434.000,4.29560923,False,OVERLAPPING_INTERIOR_MATCHED_WINDOW_CONTROL
425.000,435.000,4.29560923,False,OVERLAPPING_INTERIOR_MATCHED_WINDOW_CONTROL
426.000,436.000,4.29560923,False,OVERLAPPING_INTERIOR_MATCHED_WINDOW_CONTROL
427.000,437.000,4.29560923,False,OVERLAPPING_INTERIOR_MATCHED_WINDOW_CONTROL
428.000,438.000,4.29560923,False,OVERLAPPING_INTERIOR_MATCHED_WINDOW_CONTROL
429.000,439.000,4.55318622,False,OVERLAPPING_INTERIOR_MATCHED_WINDOW_CONTROL
430.000,440.000,4.55318622,False,OVERLAPPING_INTERIOR_MATCHED_WINDOW_CONTROL
431.000,441.000,4.55318622,False,OVERLAPPING_INTERIOR_MATCHED_WINDOW_CONTROL
432.000,442.000,4.55318622,False,OVERLAPPING_INTERIOR_MATCHED_WINDOW_CONTROL
433.000,443.000,4.55318622,False,OVERLAPPING_INTERIOR_MATCHED_WINDOW_CONTROL
434.000,444.000,4.55318622,False,OVERLAPPING_INTERIOR_MATCHED_WINDOW_CONTROL
435.000,445.000,4.55318622,False,OVERLAPPING_INTERIOR_MATCHED_WINDOW_CONTROL
436.000,446.000,4.55318622,False,OVERLAPPING_INTERIOR_MATCHED_WINDOW_CONTROL
437.000,447.000,4.55318622,False,OVERLAPPING_INTERIOR_MATCHED_WINDOW_CONTROL
438.000,448.000,4.55318622,False,OVERLAPPING_INTERIOR_MATCHED_WINDOW_CONTROL
439.000,449.000,4.07889662,False,OVERLAPPING_INTERIOR_MATCHED_WINDOW_CONTROL
440.000,450.000,3.46130861,False,OVERLAPPING_INTERIOR_MATCHED_WINDOW_CONTROL
441.000,451.000,3.46130861,False,OVERLAPPING_INTERIOR_MATCHED_WINDOW_CONTROL
442.000,452.000,3.46130861,False,OVERLAPPING_INTERIOR_MATCHED_WINDOW_CONTROL
443.000,453.000,3.46130861,False,OVERLAPPING_INTERIOR_MATCHED_WINDOW_CONTROL
444.000,454.000,3.46130861,False,OVERLAPPING_INTERIOR_MATCHED_WINDOW_CONTROL
445.000,455.000,3.46130861,False,OVERLAPPING_INTERIOR_MATCHED_WINDOW_CONTROL
446.000,456.000,3.46130861,False,OVERLAPPING_INTERIOR_MATCHED_WINDOW_CONTROL
447.000,457.000,3.46130861,False,OVERLAPPING_INTERIOR_MATCHED_WINDOW_CONTROL
448.000,458.000,3.46130861,False,OVERLAPPING_INTERIOR_MATCHED_WINDOW_CONTROL
449.000,459.000,4.6225628,False,OVERLAPPING_INTERIOR_MATCHED_WINDOW_CONTROL
450.000,460.000,4.6225628,False,OVERLAPPING_INTERIOR_MATCHED_WINDOW_CONTROL
451.000,461.000,4.6225628,False,OVERLAPPING_INTERIOR_MATCHED_WINDOW_CONTROL
452.000,462.000,4.6225628,False,OVERLAPPING_INTERIOR_MATCHED_WINDOW_CONTROL
453.000,463.000,4.6225628,False,OVERLAPPING_INTERIOR_MATCHED_WINDOW_CONTROL
454.000,464.000,4.6225628,False,OVERLAPPING_INTERIOR_MATCHED_WINDOW_CONTROL
455.000,465.000,4.6225628,False,OVERLAPPING_INTERIOR_MATCHED_WINDOW_CONTROL
456.000,466.000,4.6225628,False,OVERLAPPING_INTERIOR_MATCHED_WINDOW_CONTROL
457.000,467.000,4.6225628,False,OVERLAPPING_INTERIOR_MATCHED_WINDOW_CONTROL
458.000,468.000,4.6225628,False,OVERLAPPING_INTERIOR_MATCHED_WINDOW_CONTROL
459.000,469.000,4.01444365,False,OVERLAPPING_INTERIOR_MATCHED_WINDOW_CONTROL
460.000,470.000,3.92878852,False,OVERLAPPING_INTERIOR_MATCHED_WINDOW_CONTROL
461.000,471.000,3.92878852,False,OVERLAPPING_INTERIOR_MATCHED_WINDOW_CONTROL
462.000,472.000,3.92878852,False,OVERLAPPING_INTERIOR_MATCHED_WINDOW_CONTROL
463.000,473.000,3.92878852,False,OVERLAPPING_INTERIOR_MATCHED_WINDOW_CONTROL
464.000,474.000,3.92878852,False,OVERLAPPING_INTERIOR_MATCHED_WINDOW_CONTROL
465.000,475.000,3.92878852,False,OVERLAPPING_INTERIOR_MATCHED_WINDOW_CONTROL
466.000,476.000,3.92878852,False,OVERLAPPING_INTERIOR_MATCHED_WINDOW_CONTROL
467.000,477.000,3.92878852,False,OVERLAPPING_INTERIOR_MATCHED_WINDOW_CONTROL
468.000,478.000,3.92878852,False,OVERLAPPING_INTERIOR_MATCHED_WINDOW_CONTROL
469.000,479.000,4.74056259,False,OVERLAPPING_INTERIOR_MATCHED_WINDOW_CONTROL
470.000,480.000,4.93506795,False,OVERLAPPING_INTERIOR_MATCHED_WINDOW_CONTROL
471.000,481.000,4.93506795,False,OVERLAPPING_INTERIOR_MATCHED_WINDOW_CONTROL
472.000,482.000,4.93506795,False,OVERLAPPING_INTERIOR_MATCHED_WINDOW_CONTROL
473.000,483.000,4.93506795,False,OVERLAPPING_INTERIOR_MATCHED_WINDOW_CONTROL
474.000,484.000,4.93506795,False,OVERLAPPING_INTERIOR_MATCHED_WINDOW_CONTROL
475.000,485.000,4.93506795,False,OVERLAPPING_INTERIOR_MATCHED_WINDOW_CONTROL
476.000,486.000,4.93506795,False,OVERLAPPING_INTERIOR_MATCHED_WINDOW_CONTROL
477.000,487.000,4.93506795,False,OVERLAPPING_INTERIOR_MATCHED_WINDOW_CONTROL
478.000,488.000,4.93506795,False,OVERLAPPING_INTERIOR_MATCHED_WINDOW_CONTROL
479.000,489.000,4.93506795,False,OVERLAPPING_INTERIOR_MATCHED_WINDOW_CONTROL
480.000,490.000,2.74402429,False,OVERLAPPING_INTERIOR_MATCHED_WINDOW_CONTROL
481.000,491.000,2.74402429,False,OVERLAPPING_INTERIOR_MATCHED_WINDOW_CONTROL
482.000,492.000,2.74402429,False,OVERLAPPING_INTERIOR_MATCHED_WINDOW_CONTROL
483.000,493.000,2.74402429,False,OVERLAPPING_INTERIOR_MATCHED_WINDOW_CONTROL
484.000,494.000,2.74402429,False,OVERLAPPING_INTERIOR_MATCHED_WINDOW_CONTROL
485.000,495.000,2.74402429,False,OVERLAPPING_INTERIOR_MATCHED_WINDOW_CONTROL
486.000,496.000,2.74402429,False,OVERLAPPING_INTERIOR_MATCHED_WINDOW_CONTROL
487.000,497.000,2.74402429,False,OVERLAPPING_INTERIOR_MATCHED_WINDOW_CONTROL
488.000,498.000,2.74402429,False,OVERLAPPING_INTERIOR_MATCHED_WINDOW_CONTROL
489.000,499.000,4.34783164,False,OVERLAPPING_INTERIOR_MATCHED_WINDOW_CONTROL
490.000,500.000,4.34783164,False,OVERLAPPING_INTERIOR_MATCHED_WINDOW_CONTROL
491.000,501.000,4.34783164,False,OVERLAPPING_INTERIOR_MATCHED_WINDOW_CONTROL
492.000,502.000,4.34783164,False,OVERLAPPING_INTERIOR_MATCHED_WINDOW_CONTROL
493.000,503.000,4.34783164,False,OVERLAPPING_INTERIOR_MATCHED_WINDOW_CONTROL
494.000,504.000,4.34783164,False,OVERLAPPING_INTERIOR_MATCHED_WINDOW_CONTROL
495.000,505.000,4.34783164,False,OVERLAPPING_INTERIOR_MATCHED_WINDOW_CONTROL
496.000,506.000,4.34783164,False,OVERLAPPING_INTERIOR_MATCHED_WINDOW_CONTROL
497.000,507.000,4.34783164,False,OVERLAPPING_INTERIOR_MATCHED_WINDOW_CONTROL
498.000,508.000,4.34783164,False,OVERLAPPING_INTERIOR_MATCHED_WINDOW_CONTROL
499.000,509.000,4.19341993,False,OVERLAPPING_INTERIOR_MATCHED_WINDOW_CONTROL
500.000,510.000,3.50003867,False,OVERLAPPING_INTERIOR_MATCHED_WINDOW_CONTROL
501.000,511.000,3.50003867,False,OVERLAPPING_INTERIOR_MATCHED_WINDOW_CONTROL
502.000,512.000,3.50003867,False,OVERLAPPING_INTERIOR_MATCHED_WINDOW_CONTROL
503.000,513.000,3.50003867,False,OVERLAPPING_INTERIOR_MATCHED_WINDOW_CONTROL
504.000,514.000,3.50003867,False,OVERLAPPING_INTERIOR_MATCHED_WINDOW_CONTROL
505.000,515.000,3.50003867,False,OVERLAPPING_INTERIOR_MATCHED_WINDOW_CONTROL
506.000,516.000,3.50003867,False,OVERLAPPING_INTERIOR_MATCHED_WINDOW_CONTROL
507.000,517.000,3.50003867,False,OVERLAPPING_INTERIOR_MATCHED_WINDOW_CONTROL
508.000,518.000,3.50003867,False,OVERLAPPING_INTERIOR_MATCHED_WINDOW_CONTROL
509.000,519.000,3.33789305,False,OVERLAPPING_INTERIOR_MATCHED_WINDOW_CONTROL
510.000,520.000,3.06766228,False,OVERLAPPING_INTERIOR_MATCHED_WINDOW_CONTROL
511.000,521.000,3.06766228,False,OVERLAPPING_INTERIOR_MATCHED_WINDOW_CONTROL
512.000,522.000,3.06766228,False,OVERLAPPING_INTERIOR_MATCHED_WINDOW_CONTROL
513.000,523.000,3.06766228,False,OVERLAPPING_INTERIOR_MATCHED_WINDOW_CONTROL
514.000,524.000,3.06766228,False,OVERLAPPING_INTERIOR_MATCHED_WINDOW_CONTROL
515.000,525.000,3.06766228,False,OVERLAPPING_INTERIOR_MATCHED_WINDOW_CONTROL
516.000,526.000,3.06766228,False,OVERLAPPING_INTERIOR_MATCHED_WINDOW_CONTROL
517.000,527.000,3.06766228,False,OVERLAPPING_INTERIOR_MATCHED_WINDOW_CONTROL
518.000,528.000,3.06766228,False,OVERLAPPING_INTERIOR_MATCHED_WINDOW_CONTROL
519.000,529.000,3.51194595,False,OVERLAPPING_INTERIOR_MATCHED_WINDOW_CONTROL
520.000,530.000,3.51194595,False,OVERLAPPING_INTERIOR_MATCHED_WINDOW_CONTROL
521.000,531.000,3.51194595,False,OVERLAPPING_INTERIOR_MATCHED_WINDOW_CONTROL
522.000,532.000,3.51194595,False,OVERLAPPING_INTERIOR_MATCHED_WINDOW_CONTROL
523.000,533.000,3.51194595,False,OVERLAPPING_INTERIOR_MATCHED_WINDOW_CONTROL
524.000,534.000,3.51194595,False,OVERLAPPING_INTERIOR_MATCHED_WINDOW_CONTROL
525.000,535.000,3.51194595,False,OVERLAPPING_INTERIOR_MATCHED_WINDOW_CONTROL
526.000,536.000,3.51194595,False,OVERLAPPING_INTERIOR_MATCHED_WINDOW_CONTROL
527.000,537.000,3.51194595,False,OVERLAPPING_INTERIOR_MATCHED_WINDOW_CONTROL
528.000,538.000,3.51194595,False,OVERLAPPING_INTERIOR_MATCHED_WINDOW_CONTROL
529.000,539.000,2.99217513,False,OVERLAPPING_INTERIOR_MATCHED_WINDOW_CONTROL
530.000,540.000,2.85618623,False,OVERLAPPING_INTERIOR_MATCHED_WINDOW_CONTROL
531.000,541.000,2.85618623,False,OVERLAPPING_INTERIOR_MATCHED_WINDOW_CONTROL
532.000,542.000,2.85618623,False,OVERLAPPING_INTERIOR_MATCHED_WINDOW_CONTROL
533.000,543.000,2.85618623,False,OVERLAPPING_INTERIOR_MATCHED_WINDOW_CONTROL
534.000,544.000,2.85618623,False,OVERLAPPING_INTERIOR_MATCHED_WINDOW_CONTROL
535.000,545.000,2.85618623,False,OVERLAPPING_INTERIOR_MATCHED_WINDOW_CONTROL
536.000,546.000,2.85618623,False,OVERLAPPING_INTERIOR_MATCHED_WINDOW_CONTROL
537.000,547.000,2.85618623,False,OVERLAPPING_INTERIOR_MATCHED_WINDOW_CONTROL
538.000,548.000,2.94028816,False,OVERLAPPING_INTERIOR_MATCHED_WINDOW_CONTROL
539.000,549.000,2.94028816,False,OVERLAPPING_INTERIOR_MATCHED_WINDOW_CONTROL
540.000,550.000,2.94028816,False,OVERLAPPING_INTERIOR_MATCHED_WINDOW_CONTROL
541.000,551.000,2.94028816,False,OVERLAPPING_INTERIOR_MATCHED_WINDOW_CONTROL
542.000,552.000,2.94028816,False,OVERLAPPING_INTERIOR_MATCHED_WINDOW_CONTROL
543.000,553.000,2.94028816,False,OVERLAPPING_INTERIOR_MATCHED_WINDOW_CONTROL
544.000,554.000,2.94028816,False,OVERLAPPING_INTERIOR_MATCHED_WINDOW_CONTROL
545.000,555.000,2.94028816,False,OVERLAPPING_INTERIOR_MATCHED_WINDOW_CONTROL
546.000,556.000,2.94028816,False,OVERLAPPING_INTERIOR_MATCHED_WINDOW_CONTROL
547.000,557.000,2.94028816,False,OVERLAPPING_INTERIOR_MATCHED_WINDOW_CONTROL
548.000,558.000,3.39906732,False,OVERLAPPING_INTERIOR_MATCHED_WINDOW_CONTROL
549.000,559.000,3.39906732,False,OVERLAPPING_INTERIOR_MATCHED_WINDOW_CONTROL
550.000,560.000,3.39906732,False,OVERLAPPING_INTERIOR_MATCHED_WINDOW_CONTROL
551.000,561.000,3.39906732,False,OVERLAPPING_INTERIOR_MATCHED_WINDOW_CONTROL
552.000,562.000,3.39906732,False,OVERLAPPING_INTERIOR_MATCHED_WINDOW_CONTROL
553.000,563.000,3.39906732,False,OVERLAPPING_INTERIOR_MATCHED_WINDOW_CONTROL
554.000,564.000,3.39906732,False,OVERLAPPING_INTERIOR_MATCHED_WINDOW_CONTROL
555.000,565.000,3.39906732,False,OVERLAPPING_INTERIOR_MATCHED_WINDOW_CONTROL
556.000,566.000,3.39906732,False,OVERLAPPING_INTERIOR_MATCHED_WINDOW_CONTROL
557.000,567.000,3.39906732,False,OVERLAPPING_INTERIOR_MATCHED_WINDOW_CONTROL
558.000,568.000,2.76358723,False,OVERLAPPING_INTERIOR_MATCHED_WINDOW_CONTROL
559.000,569.000,2.41695124,False,OVERLAPPING_INTERIOR_MATCHED_WINDOW_CONTROL
560.000,570.000,2.41695124,False,OVERLAPPING_INTERIOR_MATCHED_WINDOW_CONTROL
561.000,571.000,2.41695124,False,OVERLAPPING_INTERIOR_MATCHED_WINDOW_CONTROL
562.000,572.000,2.41695124,False,OVERLAPPING_INTERIOR_MATCHED_WINDOW_CONTROL
563.000,573.000,2.41695124,False,OVERLAPPING_INTERIOR_MATCHED_WINDOW_CONTROL
564.000,574.000,2.41695124,False,OVERLAPPING_INTERIOR_MATCHED_WINDOW_CONTROL
565.000,575.000,2.41695124,False,OVERLAPPING_INTERIOR_MATCHED_WINDOW_CONTROL
566.000,576.000,2.41695124,False,OVERLAPPING_INTERIOR_MATCHED_WINDOW_CONTROL
567.000,577.000,2.66747469,False,OVERLAPPING_INTERIOR_MATCHED_WINDOW_CONTROL
568.000,578.000,3.14792706,False,OVERLAPPING_INTERIOR_MATCHED_WINDOW_CONTROL
569.000,579.000,3.14792706,False,OVERLAPPING_INTERIOR_MATCHED_WINDOW_CONTROL
570.000,580.000,3.14792706,False,OVERLAPPING_INTERIOR_MATCHED_WINDOW_CONTROL
571.000,581.000,3.14792706,False,OVERLAPPING_INTERIOR_MATCHED_WINDOW_CONTROL
572.000,582.000,3.14792706,False,OVERLAPPING_INTERIOR_MATCHED_WINDOW_CONTROL
573.000,583.000,3.14792706,False,OVERLAPPING_INTERIOR_MATCHED_WINDOW_CONTROL
574.000,584.000,3.14792706,False,OVERLAPPING_INTERIOR_MATCHED_WINDOW_CONTROL
575.000,585.000,3.14792706,False,OVERLAPPING_INTERIOR_MATCHED_WINDOW_CONTROL
576.000,586.000,3.14792706,False,OVERLAPPING_INTERIOR_MATCHED_WINDOW_CONTROL
577.000,587.000,3.14792706,False,OVERLAPPING_INTERIOR_MATCHED_WINDOW_CONTROL
578.000,588.000,2.96712108,False,OVERLAPPING_INTERIOR_MATCHED_WINDOW_CONTROL
579.000,589.000,2.96712108,False,OVERLAPPING_INTERIOR_MATCHED_WINDOW_CONTROL
