key,label,category,cl_arrival,dg_arrival,impact_start_utc,impact_end_utc,arc_latitude,integrated_pdf_hpd,trace_assessment,critical_limitation,colour,source_point_latitude_deg,source_point_longitude_deg_e,integrated_pdf_hpd_fraction
kadri_table_004958,"A · Kadri Table 1
00:49:58",Kadri catalogue only,"00:49:58
260.41° bearing",Predicted 01:04:50–01:11:05,00:22:30,00:30:19,35.88°S · on arc,64% HPD,No corresponding peak recovered from the published H01W trace.,Entry exists in Table 1; conditional DG window is not a detected counterpart.,#7C8DA5,-35.87999515856732,91.79330506405586,0.643229692358769
kadri_table_005331,"B · Kadri Table 1
00:53:31",Kadri catalogue only,"00:53:31
257.58° bearing",Predicted 01:07:50–01:13:36,00:26:03,00:33:52,36.74°S · on arc,40% HPD,No corresponding peak recovered from the published H01W trace.,Entry exists in Table 1; conditional DG window is not a detected counterpart.,#627E9A,-36.7432135665844,90.51998329783882,0.3987734689085788
figure9_rectangle_1_cluster,"C · Figure 9 rectangle 1
00:52 cluster",Visible H01W feature,"00:52:00 reported
00:52:04.35 q99 peak","None reported
01:10:00.50 is post hoc",00:24:36,00:32:26,No southern intersection,n/a · bearing misses arc,Strong H01W local-energy feature is visible near the published rectangle.,Reported 57° bearing is incompatible with the southern arc and the OSCAR direction.,#2A8C9D,,,
figure9_rectangle_2,"D · Kadri preferred
00:54:30 / 306.18°",Published preferred candidate,"00:54:30 reported
local score below q99","No identified counterpart
01:12:29–49 is periodic",00:27:02,00:34:51,25.79°S · on arc,Outside 99% HPD,Kadri-labelled feature; our local-energy screen does not exceed panel q99.,Bearing intersects far north of the independent high-density region.,#B8903F,-25.791762012,101.380864962,0.9999999999999918
oscar_boundary_pair,"E · OSCAR timing pair
post hoc boundary audit",Exploratory two-station pair,00:52:04.350,01:10:00.500,00:29:39.354,00:29:43.911,35.35°S · 65 km off,70% HPD,Strong CL feature plus a cropped DG panel-boundary segment.,DG segment lies in the airgun cadence; matched-window p=0.632.,#6757A5,-34.91671340761436,92.04716381373476,0.7026631389585406
late_periodic_pair,"F · 00:54:27 / 01:12:49
full-grid timing pair",Exploratory two-station pair,00:54:26.950,01:12:49.300,00:32:12.065,00:32:12.065,35.46°S · 37 km off,52% HPD,Spatially compatible timing pair; DG cycle is among the pulse-tail leaders.,Complete pulse/time-slide search p=1.000; not an association.,#8A5CA8,-35.211598961037026,92.10234000337563,0.5163213543442358
screened_h08_010313,"G · DG-only screen
01:03:13",Periodic DG context,No selected CL counterpart,"01:03:13.15
rank-8 residual < q99",00:19:20,00:24:12,Not localised,Not localised,"Elevated plotted segment, but not q99 after the control-selected filter.",Inside the approximately 9.93-second periodic airgun train.,#C46A47,,,
