flight,event,event_time_utc,channel_event_points,delta_log_density_per_point_no_minus_full,mse_no_precomp_db2,mse_full_precomp_db2
MH371,0,2014-03-07T01:55:23.450,6,0.33302403217859683,0.0606942195226068,10.403804107831872
MH371,1,2014-03-07T03:20:09.424,4,0.8127334504431138,1.3432279908651772,0.6972951937874506
MH371,2,2014-03-07T03:29:06.417,5,0.03210543650228487,0.2998048350150623,1.050346715914165
MH371,3,2014-03-07T03:35:53.439,4,-0.01881839421043341,2.5786430388246675,0.8604091486394105
MH371,4,2014-03-07T03:59:06.915,8,0.3075627440434662,0.6354041648611742,0.0632721821669669
MH371,5,2014-03-07T04:29:15.419,4,0.06335521443196823,0.1403645160562228,1.200181839215993
MH371,6,2014-03-07T04:55:47.914,1,-0.25087708654868424,11.460692340039923,9.71792576594884
MH371,7,2014-03-07T05:10:15.421,4,0.019095194575019514,5.675441968475438,4.806123581554872
MH371,8,2014-03-07T05:29:16.912,5,0.04005187580819253,4.591686598547427,3.957786741784358
MH371,9,2014-03-07T06:09:33.454,5,0.14075759776129398,0.0555283273743745,0.4126874216298435
MH371,10,2014-03-07T06:48:19.429,5,0.1474401247335961,0.0112866645143989,0.4782518334101353
MH371,11,2014-03-07T07:58:13.411,5,0.16383070198913763,17.065451441982557,13.234478826300844
MH371,12,2014-03-07T08:01:53.411,1,2.037240042878997,11.88793185217806,16.077966116996024
early MH370,13,2014-03-07T15:59:55.413,4,-1.1754873265675165,2.3136788236967343,2.768550172901721
early MH370,14,2014-03-07T16:06:34.906,4,-0.898354313024774,2.8659549965441222,3.392966506758814
early MH370,15,2014-03-07T17:06:49.406,4,0.104557976611933,1.2234902742146032,0.8472288757745584
