flight,control_kind,epoch,metric,paired_seeds,reference_mean,reference_seed_min,reference_seed_max,no_precomp_mean,no_precomp_seed_min,no_precomp_seed_max,no_precomp_minus_reference,interpretation
MH371,truth-separated spatial posterior,0200,position_error_nm,2,1.9629135807387197,1.916325982758133,2.0095011787193062,2.4373633436049635,2.4043197808053525,2.470406906404574,0.47444976286624385,lower is better
MH371,truth-separated spatial posterior,0200,mass_within_100_nm,2,0.9999999999999999,0.9999999999999998,1.0,0.9999999999999998,0.9999999999999996,1.0,-1.1102230246251565e-16,higher is better
MH371,truth-separated spatial posterior,0200,truth_hpd_mass,2,0.39681908019997947,0.39482860377325985,0.39880955662669904,0.39752782543986975,0.39554969045911686,0.3995059604206226,0.0007087452398902849,lower is better; cumulative mass at truth density
MH371,truth-separated spatial posterior,0200,ground_track_error_deg,2,10.349000631472379,10.302846042340349,10.395155220604408,10.81147940991066,10.78063915001951,10.84231966980181,0.4624787784382818,lower is better; heading-aware ground-track metric
MH371,truth-separated spatial posterior,0300,position_error_nm,2,26.249593332378055,22.0801336314907,30.41905303326541,22.68957765410136,15.488419887855455,29.890735420347266,-3.560015678276695,lower is better
MH371,truth-separated spatial posterior,0300,mass_within_100_nm,2,0.9487383231100852,0.9480073993763377,0.9494692468438327,0.9810113022484597,0.9683732388766699,0.9936493656202493,0.03227297913837446,higher is better
MH371,truth-separated spatial posterior,0300,truth_hpd_mass,2,0.6988430720858364,0.6754069659980968,0.722279178173576,0.5673798151906913,0.5011919978646632,0.6335676325167194,-0.13146325689514515,lower is better; cumulative mass at truth density
MH371,truth-separated spatial posterior,0300,ground_track_error_deg,2,22.672186341939437,22.61945230205123,22.724920381827644,22.783603546649132,22.658068602903967,22.909138490394298,0.11141720470969574,lower is better; heading-aware ground-track metric
MH371,truth-separated spatial posterior,0400,position_error_nm,2,25.57546766870292,13.838302726964418,37.31263261044142,20.396714533094546,10.910607737148034,29.882821329041057,-5.178753135608375,lower is better
MH371,truth-separated spatial posterior,0400,mass_within_100_nm,2,0.8940899438651844,0.8474980564240975,0.9406818313062713,0.8835088481903461,0.848575961821005,0.9184417345596874,-0.010581095674838226,higher is better
MH371,truth-separated spatial posterior,0400,truth_hpd_mass,2,0.3710991538675236,0.3673013811767025,0.3748969265583447,0.5806339872488261,0.4694975595489254,0.6917704149487267,0.20953483338130247,lower is better; cumulative mass at truth density
MH371,truth-separated spatial posterior,0400,ground_track_error_deg,2,1.401170157084664,1.266283565520098,1.53605674864923,1.661109555308542,1.5924835823816466,1.7297355282354374,0.259939398223878,lower is better; heading-aware ground-track metric
MH371,truth-separated spatial posterior,0500,position_error_nm,2,16.842737737884555,12.884571208329776,20.800904267439336,20.461326618402254,10.254659727634888,30.66799350916962,3.6185888805176987,lower is better
MH371,truth-separated spatial posterior,0500,mass_within_100_nm,2,0.7651592453283931,0.7383581368199722,0.7919603538368141,0.702381901004397,0.696245159294129,0.7085186427146651,-0.06277734432399606,higher is better
MH371,truth-separated spatial posterior,0500,truth_hpd_mass,2,0.4220187412445011,0.1947260921380991,0.6493113903509031,0.5028367081796175,0.39795372251611744,0.6077196938431175,0.08081796693511634,lower is better; cumulative mass at truth density
MH371,truth-separated spatial posterior,0500,ground_track_error_deg,2,13.717370440334648,13.335353034994398,14.099387845674897,13.34757119902254,13.167254475919123,13.527887922125956,-0.3697992413121085,lower is better; heading-aware ground-track metric
MH371,truth-separated spatial posterior,0600,position_error_nm,2,22.267003482990244,14.978447739987788,29.555559225992702,18.43770953072098,13.511281410648923,23.364137650793033,-3.829293952269264,lower is better
MH371,truth-separated spatial posterior,0600,mass_within_100_nm,2,0.6541218996337252,0.6278067191151503,0.6804370801523001,0.6531771119281472,0.6491699993707744,0.65718422448552,-0.0009447877055780429,higher is better
MH371,truth-separated spatial posterior,0600,truth_hpd_mass,2,0.833020913871541,0.792502504485339,0.8735393232577429,0.7482969077014419,0.7139626476184536,0.7826311677844302,-0.08472400617009912,lower is better; cumulative mass at truth density
MH371,truth-separated spatial posterior,0600,ground_track_error_deg,2,3.58393307691739,3.3365793406508146,3.831286813183965,3.7578394035212312,3.5273367010998413,3.988342105942621,0.17390632660384142,lower is better; heading-aware ground-track metric
MH371,truth-separated spatial posterior,0648,position_error_nm,2,26.356672799276886,21.816722629743268,30.896622968810508,20.132835784323934,2.7460559365880357,37.51961563205983,-6.223837014952952,lower is better
MH371,truth-separated spatial posterior,0648,mass_within_100_nm,2,0.6041412936884768,0.5724329677076563,0.6358496196692973,0.6207729690267458,0.599037730184587,0.6425082078689047,0.016631675338269036,higher is better
MH371,truth-separated spatial posterior,0648,truth_hpd_mass,2,0.6700794855666181,0.5579667419257051,0.7821922292075313,0.7516843542909106,0.7135459830317791,0.7898227255500422,0.08160486872429251,lower is better; cumulative mass at truth density
MH371,truth-separated spatial posterior,0648,ground_track_error_deg,2,0.85144856151922,0.7932794040191595,0.9096177190192805,0.6968136443250614,0.6306274881897593,0.7629998004603635,-0.15463491719415856,lower is better; heading-aware ground-track metric
