epoch_UTC,channel,Rx_power_dBm,CNo,BFO_Hz,BTO_us,baseline_BTO_SD_us,notes
18:25:27,IOR-R600-0-36E1,-52.34,30.28,142.0,17120.0,62,R600 log-on request; transient BFO excluded in baseline
18:28:06,IOR-R1200-0-36ED,-54.54,43.22,144.0,12500.0,29,R1200
18:39:58,C-channel,-43.55803921568628,53.88745098039216,87.82352941176471,,N/A,C-channel call cluster; use cluster mean
19:41:03,IOR-R1200-0-36ED,-54.54,43.0,111.0,11500.0,29,R1200
20:41:05,IOR-R1200-0-36ED,-55.52,40.9,141.0,11740.0,29,R1200
21:41:27,IOR-R1200-0-36ED,-54.11,42.79,168.0,12780.0,29,R1200
22:41:22,IOR-R1200-0-36ED,-53.02,44.63,204.0,14540.0,29,R1200
23:14:03,C-channel,-45.26931034482759,52.36965517241379,217.27586206896552,,N/A,C-channel call cluster; use cluster mean
00:11:00,IOR-R1200-0-36ED,-53.27,43.88,252.0,18040.0,29,R1200
