event_id,time_utc,bearing_deg,source_status,figure9_status
event_003829,00:38:29,261.24,EXTRACTED_TABLE_1,not_individually_identified
event_003902,00:39:02,268.24,EXTRACTED_TABLE_1,described_as_faint_in_text
event_003953,00:39:53,256.77,EXTRACTED_TABLE_1,not_individually_identified
event_004034,00:40:34,303.28,EXTRACTED_TABLE_1,not_individually_identified
event_004143,00:41:43,309.96,EXTRACTED_TABLE_1,not_individually_identified
event_004202,00:42:02,253.66,EXTRACTED_TABLE_1,not_individually_identified
event_004536,00:45:36,311.98,EXTRACTED_TABLE_1,not_individually_identified
event_004704,00:47:04,343.16,EXTRACTED_TABLE_1,not_individually_identified
event_004855,00:48:55,291.13,EXTRACTED_TABLE_1,not_individually_identified
event_004941,00:49:41,234.67,EXTRACTED_TABLE_1,not_individually_identified
event_004958,00:49:58,260.41,EXTRACTED_TABLE_1,not_individually_identified
event_005150,00:51:50,320.40,EXTRACTED_TABLE_1,not_individually_identified
event_005236a,00:52:36,329.51,EXTRACTED_TABLE_1,not_individually_identified
event_005236b,00:52:36,324.26,EXTRACTED_TABLE_1,not_individually_identified
event_005250,00:52:50,274.84,EXTRACTED_TABLE_1,not_individually_identified
event_005331,00:53:31,257.58,EXTRACTED_TABLE_1,not_individually_identified
event_005338,00:53:38,315.46,EXTRACTED_TABLE_1,not_individually_identified
event_005430,00:54:30,306.18,EXTRACTED_TABLE_1,figure9c_rectangle_2_and_only_major_candidate
event_005507,00:55:07,314.15,EXTRACTED_TABLE_1,not_individually_identified
