row,time,channel,rx_dbm,cno_dbhz,bfo_hz,bto_raw_us
7013,2014-03-07T18:25:34.461Z,IOR-R1200-0-36ED,-54.59,42.65,273,51700
7021,2014-03-07T18:28:05.904Z,IOR-R1200-0-36ED,-54.54,43.22,144,12500
7032,2014-03-07T18:28:14.904Z,IOR-R1200-0-36ED,-54.47,42.02,143,12480
7037,2014-03-07T18:39:55.354Z,IOR-3730-21000,-41.81,55.61,88,
7038,2014-03-07T18:39:55.664Z,IOR-3730-21000,-41.33,55.83,87,
7039,2014-03-07T18:39:55.673Z,IOR-3730-21000,,,,
7040,2014-03-07T18:39:55.837Z,IOR-3730-21000,,,,
7041,2014-03-07T18:39:55.862Z,IOR-3730-21000,-41.29,55.86,87,
7042,2014-03-07T18:39:55.988Z,IOR-3730-21000,,,,
7043,2014-03-07T18:39:55.999Z,IOR-3730-21000,-40.99,56.52,87,
7044,2014-03-07T18:39:56.165Z,IOR-3730-21000,-40.9,56.27,87,
7045,2014-03-07T18:39:56.173Z,IOR-3730-21000,,,,
7046,2014-03-07T18:39:56.215Z,IOR-373E-21000,-40.880000000000003,56.54,86,
7047,2014-03-07T18:39:56.344Z,IOR-3730-21000,,,,
7048,2014-03-07T18:39:56.491Z,IOR-3730-21000,,,,
7049,2014-03-07T18:39:56.499Z,IOR-3730-21000,-41.25,56.2,87,
7050,2014-03-07T18:39:56.524Z,IOR-373E-21000,,,,
7051,2014-03-07T18:39:56.524Z,IOR-373E-21000,-41.22,56.02,86,
7052,2014-03-07T18:39:56.665Z,IOR-3730-21000,-41.38,56.13,86,
7053,2014-03-07T18:39:56.673Z,IOR-3730-21000,,,,
7054,2014-03-07T18:39:56.703Z,IOR-373E-21000,,,,
7055,2014-03-07T18:39:56.741Z,IOR-373E-21000,-41.33,55.95,86,
7056,2014-03-07T18:39:56.835Z,IOR-3730-21000,,,,
7057,2014-03-07T18:39:56.854Z,IOR-3730-21000,-41.38,55.93,90,
7058,2014-03-07T18:39:56.859Z,IOR-373E-21000,-41.38,55.91,90,
7059,2014-03-07T18:39:56.860Z,IOR-373E-21000,,,,
7060,2014-03-07T18:39:56.982Z,IOR-3730-21000,,,,
7061,2014-03-07T18:39:56.999Z,IOR-3730-21000,-41.34,56.04,89,
7062,2014-03-07T18:39:57.008Z,IOR-373E-21000,,,,
7063,2014-03-07T18:39:57.024Z,IOR-373E-21000,-41.25,56.13,89,
7064,2014-03-07T18:39:57.167Z,IOR-3730-21000,-41.25,56.04,89,
7065,2014-03-07T18:39:57.199Z,IOR-373E-21000,,,,
7066,2014-03-07T18:39:57.247Z,IOR-373E-21000,-41.25,56.09,89,
7067,2014-03-07T18:39:57.360Z,IOR-3730-21000,-41.31,55.88,89,
7068,2014-03-07T18:39:57.360Z,IOR-373E-21000,-41.34,56,88,
7069,2014-03-07T18:39:57.360Z,IOR-373E-21000,,,,
7070,2014-03-07T18:39:57.499Z,IOR-3730-21000,-41.56,55.93,88,
7071,2014-03-07T18:39:57.508Z,IOR-373E-21000,,,,
7072,2014-03-07T18:39:57.548Z,IOR-373E-21000,-41.58,55.79,88,
7073,2014-03-07T18:39:57.697Z,IOR-3730-21000,-41.84,55.4,89,
7074,2014-03-07T18:39:57.702Z,IOR-373E-21000,,,,
7075,2014-03-07T18:39:57.747Z,IOR-373E-21000,-41.86,55.33,88,
7076,2014-03-07T18:39:57.854Z,IOR-3730-21000,-42.04,55.29,88,
7077,2014-03-07T18:39:57.859Z,IOR-373E-21000,-42.09,55.22,89,
7078,2014-03-07T18:39:57.860Z,IOR-373E-21000,,,,
7079,2014-03-07T18:39:58.013Z,IOR-3730-21000,-42.18,55,89,
7080,2014-03-07T18:39:58.013Z,IOR-373E-21000,,,,
7081,2014-03-07T18:39:58.057Z,IOR-373E-21000,-42.11,55.25,88,
7082,2014-03-07T18:39:58.191Z,IOR-3730-21000,-42.11,55.33,89,
7083,2014-03-07T18:39:58.198Z,IOR-373E-21000,,,,
7084,2014-03-07T18:39:58.214Z,IOR-373E-21000,-42.06,55.4,88,
7085,2014-03-07T18:39:58.354Z,IOR-3730-21000,-41.97,55.2,88,
7086,2014-03-07T18:39:58.359Z,IOR-373E-21000,-41.95,55.34,88,
7087,2014-03-07T18:39:58.360Z,IOR-373E-21000,,,,
7088,2014-03-07T18:39:58.407Z,IOR-P10500-0-386B,,,,
7089,2014-03-07T18:39:58.508Z,IOR-373E-21000,,,,
7090,2014-03-07T18:39:58.552Z,IOR-373E-21000,-41.79,55.63,87,
7091,2014-03-07T18:39:58.702Z,IOR-373E-21000,,,,
7092,2014-03-07T18:39:58.748Z,IOR-373E-21000,-41.7,55.77,87,
7093,2014-03-07T18:39:58.859Z,IOR-373E-21000,-41.79,55.63,88,
7094,2014-03-07T18:39:59.024Z,IOR-373E-21000,-41.9,55.38,87,
7095,2014-03-07T18:39:59.245Z,IOR-373E-21000,-42.15,55.24,87,
7096,2014-03-07T18:39:59.359Z,IOR-373E-21000,-42.43,55.11,87,
7097,2014-03-07T18:39:59.557Z,IOR-373E-21000,-42.56,54.99,87,
7098,2014-03-07T18:39:59.747Z,IOR-373E-21000,-42.56,54.75,86,
7099,2014-03-07T18:39:59.861Z,IOR-373E-21000,-42.41,55.11,86,
7100,2014-03-07T18:40:02.335Z,IOR-3730-21000,,,,
7101,2014-03-07T18:40:03.164Z,IOR-3730-21000,-42.7,54.41,90,
7102,2014-03-07T18:40:12.335Z,IOR-3730-21000,,,,
7103,2014-03-07T18:40:13.164Z,IOR-3730-21000,-44.88,52.4,86,
7104,2014-03-07T18:40:22.335Z,IOR-3730-21000,,,,
7105,2014-03-07T18:40:23.164Z,IOR-3730-21000,-46.79,50.93,86,
7106,2014-03-07T18:40:32.335Z,IOR-3730-21000,,,,
7107,2014-03-07T18:40:33.167Z,IOR-3730-21000,-49.95,47.9,87,
7108,2014-03-07T18:40:42.335Z,IOR-3730-21000,,,,
7109,2014-03-07T18:40:43.197Z,IOR-3730-21000,-52.06,45.97,86,
7110,2014-03-07T18:40:52.356Z,IOR-3730-21000,,,,
7111,2014-03-07T18:40:53.170Z,IOR-3730-21000,-51.41,46.43,89,
7112,2014-03-07T18:40:54.697Z,IOR-3730-21000,,,,
7113,2014-03-07T18:40:54.835Z,IOR-3730-21000,,,,
7114,2014-03-07T18:40:54.982Z,IOR-3730-21000,,,,
7115,2014-03-07T18:40:55.172Z,IOR-3730-21000,,,,
7116,2014-03-07T18:40:55.335Z,IOR-3730-21000,,,,
7117,2014-03-07T18:40:55.407Z,IOR-P10500-0-386B,,,,
7118,2014-03-07T18:40:55.483Z,IOR-3730-21000,,,,
7119,2014-03-07T18:40:55.499Z,IOR-3730-21000,-51.4,46.56,88,
7120,2014-03-07T18:40:55.664Z,IOR-3730-21000,-51.4,46.47,90,
7121,2014-03-07T18:40:55.854Z,IOR-3730-21000,-51.4,46.56,89,
7122,2014-03-07T18:40:55.999Z,IOR-3730-21000,-51.36,46.56,87,
7123,2014-03-07T18:40:56.164Z,IOR-3730-21000,-51.34,46.45,89,
7124,2014-03-07T18:40:56.354Z,IOR-3730-21000,-51.25,46.58,90,
7126,2014-03-07T19:41:02.906Z,IOR-R1200-0-36ED,-54.54,43,111,11500
7128,2014-03-07T20:41:04.904Z,IOR-R1200-0-36ED,-55.52,40.9,141,11740
7130,2014-03-07T21:41:26.905Z,IOR-R1200-0-36ED,-54.11,42.79,168,12780
7132,2014-03-07T22:41:21.906Z,IOR-R1200-0-36ED,-53.02,44.63,204,14540
7135,2014-03-07T23:14:00.904Z,IOR-3737-21000,-41.29,56.11,216,
7136,2014-03-07T23:14:01.196Z,IOR-3737-21000,-41.2,56.2,217,
7137,2014-03-07T23:14:01.215Z,IOR-3737-21000,,,,
7138,2014-03-07T23:14:01.378Z,IOR-3737-21000,,,,
7139,2014-03-07T23:14:01.386Z,IOR-3737-21000,-41.16,56.13,216,
7140,2014-03-07T23:14:01.554Z,IOR-3737-21000,,,,
7141,2014-03-07T23:14:01.554Z,IOR-3737-21000,-41.15,56.22,216,
7142,2014-03-07T23:14:01.697Z,IOR-3737-21000,-41.11,56.41,216,
7143,2014-03-07T23:14:01.745Z,IOR-3737-21000,,,,
7144,2014-03-07T23:14:01.878Z,IOR-3737-21000,,,,
7145,2014-03-07T23:14:01.903Z,IOR-3737-21000,-41.08,56.4,216,
7146,2014-03-07T23:14:02.025Z,IOR-3737-21000,,,,
7147,2014-03-07T23:14:02.049Z,IOR-3737-21000,-41.25,56.15,216,
7148,2014-03-07T23:14:02.196Z,IOR-3737-21000,-41.93,55.7,216,
7149,2014-03-07T23:14:02.215Z,IOR-3737-21000,,,,
7150,2014-03-07T23:14:02.378Z,IOR-3737-21000,,,,
7151,2014-03-07T23:14:02.386Z,IOR-3737-21000,-41.88,55.86,216,
7152,2014-03-07T23:14:02.527Z,IOR-3737-21000,,,,
7153,2014-03-07T23:14:02.532Z,IOR-3737-21000,-41.95,55.47,216,
7154,2014-03-07T23:14:02.697Z,IOR-3737-21000,-41.86,55.54,216,
7155,2014-03-07T23:14:02.888Z,IOR-3737-21000,-41.88,55.47,216,
7156,2014-03-07T23:14:03.071Z,IOR-3737-21000,-41.9,55.54,217,
7157,2014-03-07T23:14:03.196Z,IOR-3737-21000,-41.91,55.68,216,
7158,2014-03-07T23:14:03.386Z,IOR-3737-21000,-41.84,55.5,216,
7159,2014-03-07T23:14:03.531Z,IOR-3737-21000,-41.88,55.59,216,
7160,2014-03-07T23:14:03.696Z,IOR-3737-21000,-41.95,55.4,216,
7161,2014-03-07T23:14:07.905Z,IOR-3737-21000,,,,
7162,2014-03-07T23:14:08.696Z,IOR-3737-21000,-43.72,53.68,220,
7163,2014-03-07T23:14:17.878Z,IOR-3737-21000,,,,
7164,2014-03-07T23:14:18.697Z,IOR-3737-21000,-45.88,51.97,218,
7165,2014-03-07T23:14:27.878Z,IOR-3737-21000,,,,
7166,2014-03-07T23:14:28.696Z,IOR-3737-21000,-47.65,49.93,222,
7167,2014-03-07T23:14:37.905Z,IOR-3737-21000,,,,
7168,2014-03-07T23:14:38.696Z,IOR-3737-21000,-49.84,47.91,220,
7169,2014-03-07T23:14:47.878Z,IOR-3737-21000,,,,
7170,2014-03-07T23:14:48.696Z,IOR-3737-21000,-51.63,46.25,220,
7171,2014-03-07T23:14:57.878Z,IOR-3737-21000,,,,
7172,2014-03-07T23:14:58.696Z,IOR-3737-21000,-52.56,45.54,218,
7173,2014-03-07T23:15:00.378Z,IOR-3737-21000,,,,
7174,2014-03-07T23:15:00.532Z,IOR-3737-21000,,,,
7175,2014-03-07T23:15:00.750Z,IOR-3737-21000,,,,
7176,2014-03-07T23:15:00.878Z,IOR-3737-21000,,,,
7177,2014-03-07T23:15:00.907Z,IOR-P10500-0-386B,,,,
7178,2014-03-07T23:15:01.025Z,IOR-3737-21000,,,,
7179,2014-03-07T23:15:01.197Z,IOR-3737-21000,-52.54,45.56,218,
7180,2014-03-07T23:15:01.224Z,IOR-3737-21000,,,,
7181,2014-03-07T23:15:01.386Z,IOR-3737-21000,-52.36,45.75,217,
7182,2014-03-07T23:15:01.532Z,IOR-3737-21000,-52.22,45.7,219,
7183,2014-03-07T23:15:01.697Z,IOR-3737-21000,-52.45,45.66,219,
7184,2014-03-07T23:15:01.886Z,IOR-3737-21000,-52.49,45.68,217,
7185,2014-03-07T23:15:02.032Z,IOR-3737-21000,-52.25,45.72,219,
7187,2014-03-08T00:10:59.928Z,IOR-R1200-0-36ED,-53.27,43.88,252,18040
7188,2014-03-08T00:19:29.416Z,IOR-R600-0-36F8,-50.95,40.590000000000003,182,23000
7194,2014-03-08T00:19:37.443Z,IOR-R1200-0-36F6,-53.65,43.38,-2,49660
