draws,dual_flameout_elapsed_s,first_flameout_elapsed_s,id,label,mean_displacement_nm,mean_impact_latitude_deg,mean_impact_longitude_deg,median_impact_utc,r600_conditioned_ess,r600_log_evidence,r600_reached_impacts,status
512,,,r172-low-equal,172 kg / low / equal,,,,,,,,zero_r600_support
512,,,r172-medium-equal,172 kg / medium / equal,,,,,,,,zero_r600_support
512,,,r172-high-equal,172 kg / high / equal,,,,,,,,zero_r600_support
512,687.6366744463726,687.636674446374,r860-low-equal,860 kg / low / equal,101.5085309139567,-38.07650874844603,89.10327357254877,2014-03-08T00:23:16.557357Z,466.33017461910026,-5.416982498643581,512,complete
512,461.8472472159664,461.8472472159665,r860-medium-equal,860 kg / medium / equal,70.8420948642262,-37.46594244487299,89.36570047715747,2014-03-08T00:19:31.395854Z,304.96459861348416,-6.304841804922478,408,complete
512,,,r860-high-equal,860 kg / high / equal,,,,,,,,zero_r600_support
512,2750.5474973433375,2750.5474973433375,r3440-low-equal,"3,440 kg / low / equal",396.7240408048338,-42.91902769602942,87.98859933795809,2014-03-08T00:57:39.482241Z,469.13589792131654,-5.400096354249101,512,complete
512,1847.3895258823625,1847.3895258823613,r3440-medium-equal,"3,440 kg / medium / equal",267.1998451458131,-40.79418830708689,88.48843072819386,2014-03-08T00:42:36.323821Z,469.0218112099119,-5.400795824323345,512,complete
512,1655.8015397610639,1655.8015397610652,r3440-high-equal,"3,440 kg / high / equal",239.72812826530432,-40.34352091108188,88.59231907608033,2014-03-08T00:39:24.735589Z,468.98157080300416,-5.4010424666025605,512,complete
512,491.8472472159659,431.8472472159665,r860-medium-left-first-60s,860 kg / medium / left first 60 s,72.88164951097836,-37.60647119717842,89.20660272990803,2014-03-08T00:20:00.632308Z,461.88057364031727,-5.445855110705648,512,complete
512,491.8472472159659,431.8472472159665,r860-medium-right-first-60s,860 kg / medium / right first 60 s,72.88164951097836,-37.60647119717842,89.20660272990803,2014-03-08T00:20:00.632308Z,461.88057364031727,-5.445855110705648,512,complete
512,521.8472472159674,401.8472472159665,r860-medium-left-first-120s,860 kg / medium / left first 120 s,75.90061727332005,-37.65769889466781,89.19783922772865,2014-03-08T00:20:30.666098Z,476.2541260671071,-5.352874172459697,512,complete
512,521.8472472159673,401.8472472159665,r860-medium-right-first-120s,860 kg / medium / right first 120 s,75.90061727332002,-37.65769889466781,89.19783922772865,2014-03-08T00:20:30.666098Z,476.2541260671071,-5.352874172459697,512,complete
