cell_id,latitude_deg,longitude_deg,prior_weight,debris_log_compatibility,conditional_isotope_log_compatibility,combined_log_weight,normalized_weight,importance_weighted_terminated_fraction,proposal_terminated_fraction,status,arrival_ess,isotope_compatible_paths,isotope_marginal_paths,isotope_rejected_paths,isotope_missing_coverage_paths,correction_weight_ess,mean_correction_weight
arc-116,-10.047515869141,107.740554809570,1.29870129870129879e-2,-5.93690893701831257e0,-1.82099259931066379e-7,-1.02807145409712568e1,4.50098331453096211e-3,0.854208391,0.544921875,Supported,31.110843199,372,3,1,96,451.230648052,1.096194984
arc-117,-10.670593261719,107.611831665039,1.29870129870129879e-2,-2.07228671654953871e1,0.00000000000000000e0,-2.50666725873490712e1,1.70548307462626526e-9,0.849849373,0.555664062,Supported,1.226784494,370,0,0,42,499.641069353,1.039245717
arc-118,-11.292083740234,107.475448608398,1.29870129870129879e-2,-7.31870054088790933e0,0.00000000000000000e0,-1.16625059627415943e1,1.13032416749747080e-3,0.894566410,0.646484375,Supported,6.238081586,295,0,0,53,465.213619481,1.223519133
arc-119,-11.911895751953,107.331329345703,1.29870129870129879e-2,-2.07232509738953894e1,0.00000000000000000e0,-2.50670563957490735e1,1.70482862149650027e-9,0.926224690,0.719726562,Supported,4.725547627,247,0,0,41,492.839299983,0.913591442
arc-120,-12.529937744141,107.179428100586,1.29870129870129879e-2,-2.07208936617985700e1,0.00000000000000000e0,-2.50646990836522541e1,1.70885217515159596e-9,0.897156915,0.629882812,Supported,1.100465115,350,0,0,49,455.861393117,1.009056678
arc-121,-13.146118164062,107.019653320313,1.29870129870129879e-2,-1.94058107950728456e1,0.00000000000000000e0,-2.37496162169265297e1,6.36557629565429448e-9,0.890668672,0.631835938,Supported,6.065120112,279,0,0,37,491.817952671,0.852198680
arc-122,-13.760314941406,106.851959228516,1.29870129870129879e-2,-2.07232405367596364e1,0.00000000000000000e0,-2.50670459586133205e1,1.70484641511711556e-9,0.947290252,0.784179688,Supported,3.987377237,187,0,0,9,454.019935793,1.030686272
arc-123,-14.372436523438,106.676254272461,1.29870129870129879e-2,-2.07232658369464104e1,0.00000000000000000e0,-2.50670712588000946e1,1.70480328273002304e-9,0.910022717,0.659179688,Supported,1.016788156,306,0,0,19,493.059739225,0.953395083
arc-124,-14.982391357422,106.492492675781,1.29870129870129879e-2,-2.07232658368810725e1,0.00000000000000000e0,-2.50670712587347566e1,1.70480328284141139e-9,0.966619495,0.866210938,Supported,1.000296027,117,0,0,17,407.636264891,0.921300586
arc-125,-15.590057373047,106.300567626953,1.29870129870129879e-2,-2.07232658364868563e1,0.00000000000000000e0,-2.50670712583405404e1,1.70480328351347248e-9,0.922140350,0.701171875,Supported,1.086846315,229,0,0,23,450.915941516,0.956444939
arc-126,-16.195343017578,106.100402832031,1.29870129870129879e-2,-9.10863316649354182e0,0.00000000000000000e0,-1.34524385883472259e1,1.88731830048535364e-4,0.942013559,0.782226562,Supported,3.398510067,158,2,0,6,427.614911172,0.927690203
arc-127,-16.798156738281,105.891921997070,1.29870129870129879e-2,-2.07232658369464104e1,0.00000000000000000e0,-2.50670712588000946e1,1.70480328273002304e-9,0.984653462,0.935546875,Supported,2.053347733,46,0,0,2,326.912260511,1.179546576
arc-128,-17.398376464844,105.675033569336,1.29870129870129879e-2,-2.07232658369464104e1,0.00000000000000000e0,-2.50670712588000946e1,1.70480328273002304e-9,0.983758031,0.929687500,Supported,3.017475144,59,0,0,0,355.152773606,1.362110863
arc-129,-17.995880126953,105.449661254883,1.29870129870129879e-2,-8.94010699196659253e0,-1.85742889462226864e-8,-1.32839124323945654e1,2.23375290683648289e-4,0.966339554,0.870117188,Supported,3.223661046,115,13,5,27,366.859289800,0.887499346
arc-130,-18.590545654297,105.215682983398,1.29870129870129879e-2,-6.87717192418461032e0,0.00000000000000000e0,-1.12209773460382944e1,1.75774736352029637e-3,0.950767379,0.791992188,Supported,12.507376356,149,9,0,24,418.014008321,0.769807701
arc-131,-19.182281494141,104.973037719727,1.29870129870129879e-2,-6.63966257481970779e0,-1.11022302462515654e-16,-1.09834679966733919e1,2.22897632177046848e-3,0.952210149,0.818359375,Supported,14.519393229,163,3,0,6,379.613572748,1.028052496
arc-132,-19.770996093750,104.721603393555,1.29870129870129879e-2,-2.07232658356571697e1,-2.53352894219492832e-13,-2.50670712575111061e1,1.70480328492749472e-9,0.988442163,0.955078125,Supported,1.000004170,29,12,1,3,323.563898385,0.993246623
arc-133,-20.356506347656,104.461288452148,1.29870129870129879e-2,-9.49451354136578374e0,0.00000000000000000e0,-1.38383189632194679e1,1.28309683468949331e-4,0.983575008,0.934570312,Supported,3.700315149,46,3,0,25,327.876062102,0.928098359
arc-134,-20.938751220703,104.191970825195,1.29870129870129879e-2,-2.07232658369464104e1,0.00000000000000000e0,-2.50670712588000946e1,1.70480328273002304e-9,0.997732009,0.991210938,Supported,1.978943775,3,0,0,0,285.661776164,0.869794887
arc-135,-21.517578125000,103.913574218750,1.29870129870129879e-2,-1.00419116350893702e1,0.00000000000000000e0,-1.43857170569430544e1,7.42211129093070055e-5,0.988427603,0.954101562,Supported,1.000003552,31,12,0,3,332.799069505,0.967161528
arc-136,-22.092834472656,103.625976562500,1.29870129870129879e-2,-7.09034327303086531e0,-2.22044604925031545e-15,-1.14341486948845503e1,1.42029093344087131e-3,0.896244568,0.633789062,Supported,15.885238332,316,50,9,46,447.952723974,0.750672565
arc-137,-22.664459228516,103.329086303711,1.29870129870129879e-2,-9.50037293552465201e0,-4.62919845402008837e-8,-1.38441784036703215e1,1.27560058854529382e-4,0.909414667,0.672851562,Supported,5.024442282,263,67,5,43,484.368988222,0.993592038
arc-138,-23.232269287109,103.022766113281,1.29870129870129879e-2,-7.69620333515741617e0,-1.76746395298862246e-11,-1.20400087570287759e1,7.74917792993460902e-4,0.829422073,0.510742188,Supported,7.653459533,414,69,14,103,443.102350001,1.012073555
arc-139,-23.796142578125,102.706909179688,1.29870129870129879e-2,-7.97615057345655387e0,-1.93710904597497742e-6,-1.23199579324192836e1,5.85700036128367096e-4,0.957770634,0.824218750,Supported,5.709896558,159,20,1,23,400.994525491,0.936207932
arc-140,-24.355957031250,102.381408691406,1.29870129870129879e-2,-7.26551675147290066e0,-2.44249065417534754e-15,-1.16093221733265874e1,1.19206637985488939e-3,0.894929048,0.645507812,Supported,10.453757387,322,39,1,41,441.314224705,0.948923732
arc-141,-24.911560058594,102.046142578125,1.29870129870129879e-2,-4.75414770743400794e0,-1.31291781849778216e-7,-9.09795326057947307e0,1.46883867953502851e-2,0.817754566,0.444335938,Supported,99.017410352,527,40,2,52,440.474588842,1.014532689
arc-142,-25.462829589844,101.701004028320,1.29870129870129879e-2,-5.39239516207639102e0,-2.50407144951892813e-7,-9.73620083433721994e0,7.75865965092211590e-3,0.779158217,0.414062500,Supported,57.937422835,549,45,3,63,450.519846367,1.087492508
arc-143,-26.009582519531,101.345870971680,1.29870129870129879e-2,-3.89054906688777491e0,-1.64598920143840657e-6,-8.23435613473066041e0,3.48361030678862732e-2,0.538613412,0.301757812,Supported,155.884256857,674,33,4,169,411.166824590,0.927841095
arc-144,-26.551727294922,100.980636596680,1.29870129870129879e-2,-4.02018184010207591e0,-1.55511877824860298e-6,-8.36398881707453867e0,3.06006610339730131e-2,0.634184074,0.339843750,Supported,155.205239935,647,23,1,175,387.504590889,1.400603477
arc-145,-27.089050292969,100.605163574219,1.29870129870129879e-2,-5.37582121532613133e0,-4.21634057920565844e-6,-9.71963085352039435e0,7.88829152532847556e-3,0.752807090,0.446289062,Supported,48.470788277,534,27,5,131,461.678197031,1.053989061
arc-146,-27.621459960938,100.219345092773,1.29870129870129879e-2,-4.23077242618815585e0,-1.12622573792336140e-6,-8.57457897426757931e0,2.47897795658777106e-2,0.433004503,0.259765625,Supported,120.075333204,718,25,3,167,418.844281858,0.947464026
arc-147,-28.148742675781,99.823074340820,1.29870129870129879e-2,-4.46141221760709161e0,-7.59393782648920392e-7,-8.80521839885455826e0,1.96837225827190473e-2,0.585585227,0.310546875,Supported,116.018555593,660,43,3,169,389.745137389,0.812448545
arc-148,-28.670776367188,99.416213989258,1.29870129870129879e-2,-5.63285378694197814e0,-5.16027924861717940e-7,-9.97665972482358754e0,6.10037779820489338e-3,0.690567787,0.369140625,Supported,47.052207072,594,43,3,113,461.944165052,1.006679451
arc-149,-29.187377929688,98.998672485352,1.29870129870129879e-2,-4.57072664636374526e0,-1.83976432248078888e-7,-8.91453225219386169e0,1.76454538157533938e-2,0.521728141,0.235351562,Supported,105.970274056,714,48,3,103,413.169537981,0.904927353
arc-150,-29.698425292969,98.570327758789,1.29870129870129879e-2,-4.22333716266861092e0,-5.07071840402515143e-7,-8.56714309159413467e0,2.49748005026998697e-2,0.619424637,0.289062500,Supported,119.140912354,656,52,4,145,376.822537735,1.026324932
arc-151,-30.203674316406,98.131072998047,1.29870129870129879e-2,-5.23356527984622932e0,-2.41620686583442832e-6,-9.57737311790677914e0,9.09420420722030151e-3,0.592251822,0.369140625,Supported,60.632660835,583,57,6,193,447.426632772,0.894361118
arc-152,-30.703033447266,97.680801391602,1.29870129870129879e-2,-4.40607245325750352e0,-8.12231428683303603e-7,-8.74987868734261731e0,2.08037184190066858e-2,0.581616739,0.374023438,Supported,98.251700920,593,37,2,253,391.902959876,1.156291614
arc-153,-31.196258544922,97.219406127930,1.29870129870129879e-2,-5.19067379299904452e0,-4.04288752941679256e-6,-9.53448325774025740e0,9.49273880917615893e-3,0.513638845,0.258789062,Supported,56.690708501,683,58,5,121,440.371996649,0.796090740
arc-154,-31.683227539062,96.746795654297,1.29870129870129879e-2,-4.19993071701563192e0,-5.47520088054582138e-7,-8.54373668638940487e0,2.55662658387395790e-2,0.411745098,0.292968750,Supported,121.770573078,675,42,3,226,391.168651870,0.858674842
arc-155,-32.163726806641,96.262878417969,1.29870129870129879e-2,-4.56061925686967928e0,-2.01352791439154109e-6,-8.90442669225127759e0,1.78246750472464514e-2,0.568324826,0.300781250,Supported,81.238757598,675,38,1,147,418.679900560,1.038057689
arc-156,-32.637573242188,95.767547607422,1.29870129870129879e-2,-4.28676144486136756e0,-6.21825731394362952e-7,-8.63056748854078393e0,2.34399759732474150e-2,0.379964705,0.239257812,Supported,98.996746238,727,44,1,170,429.200779034,0.860520433
arc-157,-33.104583740234,95.260742187500,1.29870129870129879e-2,-3.68995549021715208e0,-2.19547947077017471e-6,-8.03376310755030687e0,4.25741525155047887e-2,0.233352827,0.271484375,Supported,181.057015112,722,19,0,262,348.307027019,0.899900944
arc-158,-33.564575195312,94.742355346680,1.29870129870129879e-2,-4.26022491638427692e0,-2.49758482519131799e-6,-8.60403283582278711e0,2.40702729697704620e-2,0.477123574,0.344726562,Supported,100.792217821,622,28,3,245,422.995098466,0.917652450
arc-159,-34.017364501953,94.212356567383,1.29870129870129879e-2,-3.72399199020414118e0,-1.75220371279304291e-6,-8.06779916426153854e0,4.11494789139503561e-2,0.198739662,0.307617188,Supported,154.412660545,681,16,1,302,440.057305316,0.876545110
arc-160,-34.462738037109,93.670654296875,1.29870129870129879e-2,-3.41426926675999010e0,-1.21246156077033553e-6,-7.75807590107523470e0,5.60887090261858248e-2,0.273861922,0.319335938,Supported,197.602724253,674,11,1,298,392.568104848,1.053999711
arc-161,-34.900482177734,93.117218017578,1.29870129870129879e-2,-4.08384102378303382e0,-2.22044604925031357e-16,-8.42764644563671794e0,2.87134020048663667e-2,0.329346058,0.303710938,Supported,130.793487753,683,24,4,252,430.360773787,1.057664877
arc-162,-35.330444335938,92.552001953125,1.29870129870129879e-2,-3.30071049652381188e0,-5.75116106844619671e-8,-7.64451597588910658e0,6.28338821288430827e-2,0.319011776,0.291992188,Supported,206.559155332,694,23,1,261,383.896034898,0.973203231
arc-163,-35.752380371094,91.974960327148,1.29870129870129879e-2,-3.84440508094633504e0,-2.01336915834464759e-8,-8.18821052293371032e0,3.64813038213126287e-2,0.238543226,0.270507812,Supported,168.920316645,715,14,0,251,424.838181811,0.907857906
arc-164,-36.166076660156,91.386077880859,1.29870129870129879e-2,-3.67625935895077660e0,-1.22858399007404860e-7,-8.02006490366285973e0,4.31613545617813565e-2,0.167349506,0.257812500,Supported,218.951956716,739,4,0,252,374.581672126,1.051079697
arc-165,-36.571380615234,90.785354614258,1.29870129870129879e-2,-3.68774105934474861e0,-1.21243872964000557e-7,-8.03154660244230634e0,4.26686230005035166e-2,0.260101230,0.329101562,Supported,226.024864982,656,10,0,303,438.315678336,0.964977050
arc-166,-36.968017578125,90.172805786133,1.29870129870129879e-2,-3.80301594008831412e0,-2.29213815329752012e-7,-8.14682159115581506e0,3.80229086412870176e-2,0.350507031,0.356445312,Supported,188.744527080,639,4,0,303,400.268182216,0.970384208
arc-167,-37.355834960938,89.548431396484,1.29870129870129879e-2,-4.20127370550685253e0,-4.38267586278457368e-8,-8.54507917118729665e0,2.55319665438045983e-2,0.446864708,0.371093750,Supported,171.472528981,608,5,0,273,451.698953772,1.007822147
arc-168,-37.734588623047,88.912277221680,1.29870129870129879e-2,-4.39338824564275665e0,-9.52736071013142333e-8,-8.73719376277004933e0,2.10692928527481393e-2,0.702013586,0.477539062,Supported,142.787093854,515,4,0,231,469.286927738,0.973554081
arc-169,-38.104064941406,88.264389038086,1.29870129870129879e-2,-3.75660696110673697e0,-1.11022302462515654e-16,-8.10041238296042110e0,3.98291097322985219e-2,0.255960390,0.320312500,Supported,212.952125518,681,5,0,297,428.354088880,0.719495867
arc-170,-38.464080810547,87.604827880859,1.29870129870129879e-2,-4.07003615446763423e0,0.00000000000000000e0,-8.41384157632131746e0,2.91125354207690500e-2,0.472770675,0.361328125,Supported,159.220503155,627,2,0,252,441.519289440,1.249410029
arc-171,-38.814392089844,86.933700561523,1.29870129870129879e-2,-3.94534930818390173e0,-3.87240461993713964e-10,-8.28915473042482631e0,3.29784955085065876e-2,0.307880228,0.303710938,Supported,166.067780349,700,1,0,258,426.422679500,0.941316376
arc-172,-39.154785156250,86.251113891602,1.29870129870129879e-2,-5.33885931543687775e0,-2.20680232303573743e-6,-9.68266694409288498e0,8.18532964360639895e-3,0.765807278,0.512695312,Supported,78.677201859,478,4,0,188,507.918060882,0.918416209
arc-173,-39.485076904297,85.557159423828,1.29870129870129879e-2,-4.13242846105322670e0,-9.40576609756594052e-8,-8.47623397696457204e0,2.73516389263170727e-2,0.562227646,0.403320312,Supported,162.829774490,593,2,0,252,453.044639403,1.077797846
arc-174,-39.805053710938,84.852005004883,1.29870129870129879e-2,-3.83921367099075539e0,-3.73185196656366108e-7,-8.18301946602963604e0,3.66711727291689840e-2,0.438528995,0.414062500,Supported,204.879787984,575,8,2,350,398.925397716,0.748298269
arc-175,-40.114471435547,84.135818481445,1.29870129870129879e-2,-4.43862085467499590e0,-2.12092565734540561e-11,-8.78242627654988972e0,2.01375081187163060e-2,0.430691627,0.310546875,Supported,126.807086343,678,8,0,204,465.651562397,1.146449918
arc-176,-40.413177490234,83.408782958984,1.29870129870129879e-2,-5.57458704812900496e0,0.00000000000000000e0,-9.91839246998268820e0,6.46638977531556729e-3,0.799622847,0.495117188,Supported,72.456193431,489,3,0,105,481.432366187,0.915262466
arc-177,-40.700897216797,82.671096801758,1.29870129870129879e-2,-5.44339848090402523e0,-6.16097950624168301e-10,-9.78720390337380763e0,7.37286615056115865e-3,0.713463574,0.420898438,Supported,61.032435215,518,6,0,133,473.155780742,0.897976915
arc-178,-40.977478027344,81.923004150391,1.29870129870129879e-2,-4.92822216288076564e0,-1.03567158756031806e-6,-9.27202862040603648e0,1.23416757541498726e-2,0.595326966,0.365234375,Supported,106.561609149,618,1,1,171,484.615880708,0.906417986
arc-179,-41.242736816406,81.164764404297,1.29870129870129879e-2,-6.96458982024111872e0,-1.58454728372569385e-8,-1.13083952579402762e1,1.61061351282540551e-3,0.933520017,0.716796875,Supported,12.077264202,241,2,0,19,466.244519970,0.958787175
arc-180,-41.496429443359,80.396652221680,1.29870129870129879e-2,-7.28135908678235566e0,-3.33066907387547011e-16,-1.16251645086360398e1,1.17333006987433114e-3,0.927818333,0.717773438,Supported,10.708962878,205,3,0,17,466.633269394,0.865987859
arc-181,-41.738372802734,79.618972778320,1.29870129870129879e-2,-2.04426380670919023e1,0.00000000000000000e0,-2.47864434889455865e1,2.25709253754334911e-9,0.969065803,0.870117188,Supported,1.914815947,79,0,0,1,402.644975534,0.952473694
arc-182,-41.968414306641,78.832031250000,1.29870129870129879e-2,-7.08817161175722088e0,0.00000000000000000e0,-1.14319770336109059e1,1.42337867581008464e-3,0.887233096,0.617187500,Supported,17.511137363,331,0,0,30,486.335193449,0.897016667
arc-183,-42.186370849609,78.036209106445,1.29870129870129879e-2,-2.07232658369464104e1,0.00000000000000000e0,-2.50670712588000946e1,1.70480328273002304e-9,0.993480564,0.972656250,Supported,1.000000000,19,0,0,0,348.015838030,1.018839592
arc-184,-42.392028808594,77.231872558594,1.29870129870129879e-2,-2.07232658369464104e1,,,0.00000000000000000e0,0.998576749,0.994140625,NoFlaperonArrival,0.000000000,0,0,0,0,359.176993807,1.011395345
arc-185,-42.585266113281,76.419418334961,1.29870129870129879e-2,-2.07232658369464104e1,0.00000000000000000e0,-2.50670712588000946e1,1.70480328273002304e-9,0.994724485,0.978515625,Supported,1.000000000,2,0,0,0,361.109962995,1.000259121
arc-186,-42.765930175781,75.599258422852,1.29870129870129879e-2,-6.66498341438986319e0,0.00000000000000000e0,-1.10087888362435464e1,2.17324532533641132e-3,0.972287621,0.884765625,Supported,10.023406147,65,0,0,11,401.327488155,0.989674104
arc-187,-42.933837890625,74.771850585938,1.29870129870129879e-2,-1.01358250123569995e1,0.00000000000000000e0,-1.44796304342106836e1,6.75680523514924318e-5,0.983931341,0.933593750,Supported,2.374801614,28,0,0,5,343.384168470,0.985449045
arc-188,-43.088867187500,73.937637329102,1.29870129870129879e-2,-2.06338259385509382e1,0.00000000000000000e0,-2.49776313604046223e1,1.86430741667990571e-9,0.992273486,0.966796875,Supported,1.000044431,8,0,0,0,351.089194322,1.076008149
arc-189,-43.230865478516,73.097137451172,1.29870129870129879e-2,-7.79730729971759917e0,0.00000000000000000e0,-1.21411127215712824e1,7.00400970206043437e-4,0.961552365,0.838867188,Supported,6.802029428,114,1,0,10,462.251250144,0.971102604
arc-190,-43.359710693359,72.250823974609,1.29870129870129879e-2,-2.07232658369464104e1,,,0.00000000000000000e0,0.998041325,0.992187500,NoFlaperonArrival,0.000000000,0,0,0,0,301.527607720,1.024294785
arc-191,-43.475341796875,71.399230957031,1.29870129870129879e-2,-2.07232658369464104e1,,,0.00000000000000000e0,1.000000000,1.000000000,NoFlaperonArrival,0.000000000,0,0,0,0,293.750998720,0.953555924
arc-192,-43.577575683594,70.542922973633,1.29870129870129879e-2,-8.09832294502579053e0,0.00000000000000000e0,-1.24421283668794747e1,5.18343080359041030e-4,0.949055988,0.775390625,Supported,3.909809002,156,0,1,4,448.498224605,0.991619125
